coordinate_key,role,kind,source_label,recorded_path,relative_path
11.0000000000|-1.6000000000,upper_grid,fit,low_q1001,/home/2/ks405818/Master/lyalpha_one_loop/runs/accdm/accdm_scan_lowf_q1001_v2/fits/accdm_logm11_logfm1p6.json,runs/accdm/accdm_scan_lowf_q1001_v2/fits/accdm_logm11_logfm1p6.json
11.0000000000|-1.6000000000,upper_grid,theory,low_q1001,/home/2/ks405818/Master/lyalpha_one_loop/runs/accdm/accdm_scan_lowf_q1001_v2/theory/accdm_logm11_logfm1p6.npz,runs/accdm/accdm_scan_lowf_q1001_v2/theory/accdm_logm11_logfm1p6.npz
11.1428571429|-1.6000000000,upper_grid,fit,low_q1001,/home/2/ks405818/Master/lyalpha_one_loop/runs/accdm/accdm_scan_lowf_q1001_v2/fits/accdm_logm11p1428571428571_logfm1p6.json,runs/accdm/accdm_scan_lowf_q1001_v2/fits/accdm_logm11p1428571428571_logfm1p6.json
11.1428571429|-1.6000000000,upper_grid,theory,low_q1001,/home/2/ks405818/Master/lyalpha_one_loop/runs/accdm/accdm_scan_lowf_q1001_v2/theory/accdm_logm11p1428571428571_logfm1p6.npz,runs/accdm/accdm_scan_lowf_q1001_v2/theory/accdm_logm11p1428571428571_logfm1p6.npz
11.2857142857|-1.6000000000,upper_grid,fit,low_q1001,/home/2/ks405818/Master/lyalpha_one_loop/runs/accdm/accdm_scan_lowf_q1001_v2/fits/accdm_logm11p2857142857143_logfm1p6.json,runs/accdm/accdm_scan_lowf_q1001_v2/fits/accdm_logm11p2857142857143_logfm1p6.json
11.2857142857|-1.6000000000,upper_grid,theory,low_q1001,/home/2/ks405818/Master/lyalpha_one_loop/runs/accdm/accdm_scan_lowf_q1001_v2/theory/accdm_logm11p2857142857143_logfm1p6.npz,runs/accdm/accdm_scan_lowf_q1001_v2/theory/accdm_logm11p2857142857143_logfm1p6.npz
11.4285714286|-1.6000000000,upper_grid,fit,low_q1001,/home/2/ks405818/Master/lyalpha_one_loop/runs/accdm/accdm_scan_lowf_q1001_v2/fits/accdm_logm11p4285714285714_logfm1p6.json,runs/accdm/accdm_scan_lowf_q1001_v2/fits/accdm_logm11p4285714285714_logfm1p6.json
11.4285714286|-1.6000000000,upper_grid,theory,low_q1001,/home/2/ks405818/Master/lyalpha_one_loop/runs/accdm/accdm_scan_lowf_q1001_v2/theory/accdm_logm11p4285714285714_logfm1p6.npz,runs/accdm/accdm_scan_lowf_q1001_v2/theory/accdm_logm11p4285714285714_logfm1p6.npz
11.5714285714|-1.6000000000,upper_grid,fit,low_q1001,/home/2/ks405818/Master/lyalpha_one_loop/runs/accdm/accdm_scan_lowf_q1001_v2/fits/accdm_logm11p5714285714286_logfm1p6.json,runs/accdm/accdm_scan_lowf_q1001_v2/fits/accdm_logm11p5714285714286_logfm1p6.json
11.5714285714|-1.6000000000,upper_grid,theory,low_q1001,/home/2/ks405818/Master/lyalpha_one_loop/runs/accdm/accdm_scan_lowf_q1001_v2/theory/accdm_logm11p5714285714286_logfm1p6.npz,runs/accdm/accdm_scan_lowf_q1001_v2/theory/accdm_logm11p5714285714286_logfm1p6.npz
11.7142857143|-1.6000000000,upper_grid,fit,low_q1001,/home/2/ks405818/Master/lyalpha_one_loop/runs/accdm/accdm_scan_lowf_q1001_v2/fits/accdm_logm11p7142857142857_logfm1p6.json,runs/accdm/accdm_scan_lowf_q1001_v2/fits/accdm_logm11p7142857142857_logfm1p6.json
11.7142857143|-1.6000000000,upper_grid,theory,low_q1001,/home/2/ks405818/Master/lyalpha_one_loop/runs/accdm/accdm_scan_lowf_q1001_v2/theory/accdm_logm11p7142857142857_logfm1p6.npz,runs/accdm/accdm_scan_lowf_q1001_v2/theory/accdm_logm11p7142857142857_logfm1p6.npz
11.8571428571|-1.6000000000,upper_grid,fit,low_q1001,/home/2/ks405818/Master/lyalpha_one_loop/runs/accdm/accdm_scan_lowf_q1001_v2/fits/accdm_logm11p8571428571429_logfm1p6.json,runs/accdm/accdm_scan_lowf_q1001_v2/fits/accdm_logm11p8571428571429_logfm1p6.json
11.8571428571|-1.6000000000,upper_grid,theory,low_q1001,/home/2/ks405818/Master/lyalpha_one_loop/runs/accdm/accdm_scan_lowf_q1001_v2/theory/accdm_logm11p8571428571429_logfm1p6.npz,runs/accdm/accdm_scan_lowf_q1001_v2/theory/accdm_logm11p8571428571429_logfm1p6.npz
12.0000000000|-1.6000000000,upper_grid,fit,low_q1001,/home/2/ks405818/Master/lyalpha_one_loop/runs/accdm/accdm_scan_lowf_q1001_v2/fits/accdm_logm12_logfm1p6.json,runs/accdm/accdm_scan_lowf_q1001_v2/fits/accdm_logm12_logfm1p6.json
12.0000000000|-1.6000000000,upper_grid,theory,low_q1001,/home/2/ks405818/Master/lyalpha_one_loop/runs/accdm/accdm_scan_lowf_q1001_v2/theory/accdm_logm12_logfm1p6.npz,runs/accdm/accdm_scan_lowf_q1001_v2/theory/accdm_logm12_logfm1p6.npz
12.1428571429|-1.6000000000,upper_grid,fit,low_q1001,/home/2/ks405818/Master/lyalpha_one_loop/runs/accdm/accdm_scan_lowf_q1001_v2/fits/accdm_logm12p1428571428571_logfm1p6.json,runs/accdm/accdm_scan_lowf_q1001_v2/fits/accdm_logm12p1428571428571_logfm1p6.json
12.1428571429|-1.6000000000,upper_grid,theory,low_q1001,/home/2/ks405818/Master/lyalpha_one_loop/runs/accdm/accdm_scan_lowf_q1001_v2/theory/accdm_logm12p1428571428571_logfm1p6.npz,runs/accdm/accdm_scan_lowf_q1001_v2/theory/accdm_logm12p1428571428571_logfm1p6.npz
12.2857142857|-1.6000000000,upper_grid,fit,low_q1001,/home/2/ks405818/Master/lyalpha_one_loop/runs/accdm/accdm_scan_lowf_q1001_v2/fits/accdm_logm12p2857142857143_logfm1p6.json,runs/accdm/accdm_scan_lowf_q1001_v2/fits/accdm_logm12p2857142857143_logfm1p6.json
12.2857142857|-1.6000000000,upper_grid,theory,low_q1001,/home/2/ks405818/Master/lyalpha_one_loop/runs/accdm/accdm_scan_lowf_q1001_v2/theory/accdm_logm12p2857142857143_logfm1p6.npz,runs/accdm/accdm_scan_lowf_q1001_v2/theory/accdm_logm12p2857142857143_logfm1p6.npz
12.4285714286|-1.6000000000,upper_grid,fit,low_q1001,/home/2/ks405818/Master/lyalpha_one_loop/runs/accdm/accdm_scan_lowf_q1001_v2/fits/accdm_logm12p4285714285714_logfm1p6.json,runs/accdm/accdm_scan_lowf_q1001_v2/fits/accdm_logm12p4285714285714_logfm1p6.json
12.4285714286|-1.6000000000,upper_grid,theory,low_q1001,/home/2/ks405818/Master/lyalpha_one_loop/runs/accdm/accdm_scan_lowf_q1001_v2/theory/accdm_logm12p4285714285714_logfm1p6.npz,runs/accdm/accdm_scan_lowf_q1001_v2/theory/accdm_logm12p4285714285714_logfm1p6.npz
12.5714285714|-1.6000000000,upper_grid,fit,low_q1001,/home/2/ks405818/Master/lyalpha_one_loop/runs/accdm/accdm_scan_lowf_q1001_v2/fits/accdm_logm12p5714285714286_logfm1p6.json,runs/accdm/accdm_scan_lowf_q1001_v2/fits/accdm_logm12p5714285714286_logfm1p6.json
12.5714285714|-1.6000000000,upper_grid,theory,low_q1001,/home/2/ks405818/Master/lyalpha_one_loop/runs/accdm/accdm_scan_lowf_q1001_v2/theory/accdm_logm12p5714285714286_logfm1p6.npz,runs/accdm/accdm_scan_lowf_q1001_v2/theory/accdm_logm12p5714285714286_logfm1p6.npz
12.7142857143|-1.6000000000,upper_grid,fit,low_q1001,/home/2/ks405818/Master/lyalpha_one_loop/runs/accdm/accdm_scan_lowf_q1001_v2/fits/accdm_logm12p7142857142857_logfm1p6.json,runs/accdm/accdm_scan_lowf_q1001_v2/fits/accdm_logm12p7142857142857_logfm1p6.json
12.7142857143|-1.6000000000,upper_grid,theory,low_q1001,/home/2/ks405818/Master/lyalpha_one_loop/runs/accdm/accdm_scan_lowf_q1001_v2/theory/accdm_logm12p7142857142857_logfm1p6.npz,runs/accdm/accdm_scan_lowf_q1001_v2/theory/accdm_logm12p7142857142857_logfm1p6.npz
12.8571428571|-1.6000000000,upper_grid,fit,low_q1001,/home/2/ks405818/Master/lyalpha_one_loop/runs/accdm/accdm_scan_lowf_q1001_v2/fits/accdm_logm12p8571428571429_logfm1p6.json,runs/accdm/accdm_scan_lowf_q1001_v2/fits/accdm_logm12p8571428571429_logfm1p6.json
12.8571428571|-1.6000000000,upper_grid,theory,low_q1001,/home/2/ks405818/Master/lyalpha_one_loop/runs/accdm/accdm_scan_lowf_q1001_v2/theory/accdm_logm12p8571428571429_logfm1p6.npz,runs/accdm/accdm_scan_lowf_q1001_v2/theory/accdm_logm12p8571428571429_logfm1p6.npz
13.0000000000|-1.6000000000,upper_grid,fit,low_q1001,/home/2/ks405818/Master/lyalpha_one_loop/runs/accdm/accdm_scan_lowf_q1001_v2/fits/accdm_logm13_logfm1p6.json,runs/accdm/accdm_scan_lowf_q1001_v2/fits/accdm_logm13_logfm1p6.json
13.0000000000|-1.6000000000,upper_grid,theory,low_q1001,/home/2/ks405818/Master/lyalpha_one_loop/runs/accdm/accdm_scan_lowf_q1001_v2/theory/accdm_logm13_logfm1p6.npz,runs/accdm/accdm_scan_lowf_q1001_v2/theory/accdm_logm13_logfm1p6.npz
13.1428571429|-1.6000000000,upper_grid,fit,low_q1001,/home/2/ks405818/Master/lyalpha_one_loop/runs/accdm/accdm_scan_lowf_q1001_v2/fits/accdm_logm13p1428571428571_logfm1p6.json,runs/accdm/accdm_scan_lowf_q1001_v2/fits/accdm_logm13p1428571428571_logfm1p6.json
13.1428571429|-1.6000000000,upper_grid,theory,low_q1001,/home/2/ks405818/Master/lyalpha_one_loop/runs/accdm/accdm_scan_lowf_q1001_v2/theory/accdm_logm13p1428571428571_logfm1p6.npz,runs/accdm/accdm_scan_lowf_q1001_v2/theory/accdm_logm13p1428571428571_logfm1p6.npz
13.2857142857|-1.6000000000,upper_grid,fit,low_q1001,/home/2/ks405818/Master/lyalpha_one_loop/runs/accdm/accdm_scan_lowf_q1001_v2/fits/accdm_logm13p2857142857143_logfm1p6.json,runs/accdm/accdm_scan_lowf_q1001_v2/fits/accdm_logm13p2857142857143_logfm1p6.json
13.2857142857|-1.6000000000,upper_grid,theory,low_q1001,/home/2/ks405818/Master/lyalpha_one_loop/runs/accdm/accdm_scan_lowf_q1001_v2/theory/accdm_logm13p2857142857143_logfm1p6.npz,runs/accdm/accdm_scan_lowf_q1001_v2/theory/accdm_logm13p2857142857143_logfm1p6.npz
13.4285714286|-1.6000000000,upper_grid,fit,low_q1001,/home/2/ks405818/Master/lyalpha_one_loop/runs/accdm/accdm_scan_lowf_q1001_v2/fits/accdm_logm13p4285714285714_logfm1p6.json,runs/accdm/accdm_scan_lowf_q1001_v2/fits/accdm_logm13p4285714285714_logfm1p6.json
13.4285714286|-1.6000000000,upper_grid,theory,low_q1001,/home/2/ks405818/Master/lyalpha_one_loop/runs/accdm/accdm_scan_lowf_q1001_v2/theory/accdm_logm13p4285714285714_logfm1p6.npz,runs/accdm/accdm_scan_lowf_q1001_v2/theory/accdm_logm13p4285714285714_logfm1p6.npz
13.5714285714|-1.6000000000,upper_grid,fit,low_q1001,/home/2/ks405818/Master/lyalpha_one_loop/runs/accdm/accdm_scan_lowf_q1001_v2/fits/accdm_logm13p5714285714286_logfm1p6.json,runs/accdm/accdm_scan_lowf_q1001_v2/fits/accdm_logm13p5714285714286_logfm1p6.json
13.5714285714|-1.6000000000,upper_grid,theory,low_q1001,/home/2/ks405818/Master/lyalpha_one_loop/runs/accdm/accdm_scan_lowf_q1001_v2/theory/accdm_logm13p5714285714286_logfm1p6.npz,runs/accdm/accdm_scan_lowf_q1001_v2/theory/accdm_logm13p5714285714286_logfm1p6.npz
13.7142857143|-1.6000000000,upper_grid,fit,low_q1001,/home/2/ks405818/Master/lyalpha_one_loop/runs/accdm/accdm_scan_lowf_q1001_v2/fits/accdm_logm13p7142857142857_logfm1p6.json,runs/accdm/accdm_scan_lowf_q1001_v2/fits/accdm_logm13p7142857142857_logfm1p6.json
13.7142857143|-1.6000000000,upper_grid,theory,low_q1001,/home/2/ks405818/Master/lyalpha_one_loop/runs/accdm/accdm_scan_lowf_q1001_v2/theory/accdm_logm13p7142857142857_logfm1p6.npz,runs/accdm/accdm_scan_lowf_q1001_v2/theory/accdm_logm13p7142857142857_logfm1p6.npz
13.8571428571|-1.6000000000,upper_grid,fit,low_q1001,/home/2/ks405818/Master/lyalpha_one_loop/runs/accdm/accdm_scan_lowf_q1001_v2/fits/accdm_logm13p8571428571429_logfm1p6.json,runs/accdm/accdm_scan_lowf_q1001_v2/fits/accdm_logm13p8571428571429_logfm1p6.json
13.8571428571|-1.6000000000,upper_grid,theory,low_q1001,/home/2/ks405818/Master/lyalpha_one_loop/runs/accdm/accdm_scan_lowf_q1001_v2/theory/accdm_logm13p8571428571429_logfm1p6.npz,runs/accdm/accdm_scan_lowf_q1001_v2/theory/accdm_logm13p8571428571429_logfm1p6.npz
14.0000000000|-1.6000000000,upper_grid,fit,low_q1001,/home/2/ks405818/Master/lyalpha_one_loop/runs/accdm/accdm_scan_lowf_q1001_v2/fits/accdm_logm14_logfm1p6.json,runs/accdm/accdm_scan_lowf_q1001_v2/fits/accdm_logm14_logfm1p6.json
14.0000000000|-1.6000000000,upper_grid,theory,low_q1001,/home/2/ks405818/Master/lyalpha_one_loop/runs/accdm/accdm_scan_lowf_q1001_v2/theory/accdm_logm14_logfm1p6.npz,runs/accdm/accdm_scan_lowf_q1001_v2/theory/accdm_logm14_logfm1p6.npz
14.1428571429|-1.6000000000,upper_grid,fit,low_q1001,/home/2/ks405818/Master/lyalpha_one_loop/runs/accdm/accdm_scan_lowf_q1001_v2/fits/accdm_logm14p1428571428571_logfm1p6.json,runs/accdm/accdm_scan_lowf_q1001_v2/fits/accdm_logm14p1428571428571_logfm1p6.json
14.1428571429|-1.6000000000,upper_grid,theory,low_q1001,/home/2/ks405818/Master/lyalpha_one_loop/runs/accdm/accdm_scan_lowf_q1001_v2/theory/accdm_logm14p1428571428571_logfm1p6.npz,runs/accdm/accdm_scan_lowf_q1001_v2/theory/accdm_logm14p1428571428571_logfm1p6.npz
14.2857142857|-1.6000000000,upper_grid,fit,low_q1001,/home/2/ks405818/Master/lyalpha_one_loop/runs/accdm/accdm_scan_lowf_q1001_v2/fits/accdm_logm14p2857142857143_logfm1p6.json,runs/accdm/accdm_scan_lowf_q1001_v2/fits/accdm_logm14p2857142857143_logfm1p6.json
14.2857142857|-1.6000000000,upper_grid,theory,low_q1001,/home/2/ks405818/Master/lyalpha_one_loop/runs/accdm/accdm_scan_lowf_q1001_v2/theory/accdm_logm14p2857142857143_logfm1p6.npz,runs/accdm/accdm_scan_lowf_q1001_v2/theory/accdm_logm14p2857142857143_logfm1p6.npz
14.4285714286|-1.6000000000,upper_grid,fit,low_q1001,/home/2/ks405818/Master/lyalpha_one_loop/runs/accdm/accdm_scan_lowf_q1001_v2/fits/accdm_logm14p4285714285714_logfm1p6.json,runs/accdm/accdm_scan_lowf_q1001_v2/fits/accdm_logm14p4285714285714_logfm1p6.json
14.4285714286|-1.6000000000,upper_grid,theory,low_q1001,/home/2/ks405818/Master/lyalpha_one_loop/runs/accdm/accdm_scan_lowf_q1001_v2/theory/accdm_logm14p4285714285714_logfm1p6.npz,runs/accdm/accdm_scan_lowf_q1001_v2/theory/accdm_logm14p4285714285714_logfm1p6.npz
14.5714285714|-1.6000000000,upper_grid,fit,low_q1001,/home/2/ks405818/Master/lyalpha_one_loop/runs/accdm/accdm_scan_lowf_q1001_v2/fits/accdm_logm14p5714285714286_logfm1p6.json,runs/accdm/accdm_scan_lowf_q1001_v2/fits/accdm_logm14p5714285714286_logfm1p6.json
14.5714285714|-1.6000000000,upper_grid,theory,low_q1001,/home/2/ks405818/Master/lyalpha_one_loop/runs/accdm/accdm_scan_lowf_q1001_v2/theory/accdm_logm14p5714285714286_logfm1p6.npz,runs/accdm/accdm_scan_lowf_q1001_v2/theory/accdm_logm14p5714285714286_logfm1p6.npz
14.7142857143|-1.6000000000,upper_grid,fit,low_q1001,/home/2/ks405818/Master/lyalpha_one_loop/runs/accdm/accdm_scan_lowf_q1001_v2/fits/accdm_logm14p7142857142857_logfm1p6.json,runs/accdm/accdm_scan_lowf_q1001_v2/fits/accdm_logm14p7142857142857_logfm1p6.json
14.7142857143|-1.6000000000,upper_grid,theory,low_q1001,/home/2/ks405818/Master/lyalpha_one_loop/runs/accdm/accdm_scan_lowf_q1001_v2/theory/accdm_logm14p7142857142857_logfm1p6.npz,runs/accdm/accdm_scan_lowf_q1001_v2/theory/accdm_logm14p7142857142857_logfm1p6.npz
14.8571428571|-1.6000000000,upper_grid,fit,low_q1001,/home/2/ks405818/Master/lyalpha_one_loop/runs/accdm/accdm_scan_lowf_q1001_v2/fits/accdm_logm14p8571428571429_logfm1p6.json,runs/accdm/accdm_scan_lowf_q1001_v2/fits/accdm_logm14p8571428571429_logfm1p6.json
14.8571428571|-1.6000000000,upper_grid,theory,low_q1001,/home/2/ks405818/Master/lyalpha_one_loop/runs/accdm/accdm_scan_lowf_q1001_v2/theory/accdm_logm14p8571428571429_logfm1p6.npz,runs/accdm/accdm_scan_lowf_q1001_v2/theory/accdm_logm14p8571428571429_logfm1p6.npz
15.0000000000|-1.6000000000,upper_grid,fit,low_q1001,/home/2/ks405818/Master/lyalpha_one_loop/runs/accdm/accdm_scan_lowf_q1001_v2/fits/accdm_logm15_logfm1p6.json,runs/accdm/accdm_scan_lowf_q1001_v2/fits/accdm_logm15_logfm1p6.json
15.0000000000|-1.6000000000,upper_grid,theory,low_q1001,/home/2/ks405818/Master/lyalpha_one_loop/runs/accdm/accdm_scan_lowf_q1001_v2/theory/accdm_logm15_logfm1p6.npz,runs/accdm/accdm_scan_lowf_q1001_v2/theory/accdm_logm15_logfm1p6.npz
15.1428571429|-1.6000000000,upper_grid,fit,low_q1001,/home/2/ks405818/Master/lyalpha_one_loop/runs/accdm/accdm_scan_lowf_q1001_v2/fits/accdm_logm15p1428571428571_logfm1p6.json,runs/accdm/accdm_scan_lowf_q1001_v2/fits/accdm_logm15p1428571428571_logfm1p6.json
15.1428571429|-1.6000000000,upper_grid,theory,low_q1001,/home/2/ks405818/Master/lyalpha_one_loop/runs/accdm/accdm_scan_lowf_q1001_v2/theory/accdm_logm15p1428571428571_logfm1p6.npz,runs/accdm/accdm_scan_lowf_q1001_v2/theory/accdm_logm15p1428571428571_logfm1p6.npz
15.2857142857|-1.6000000000,upper_grid,fit,low_q1001,/home/2/ks405818/Master/lyalpha_one_loop/runs/accdm/accdm_scan_lowf_q1001_v2/fits/accdm_logm15p2857142857143_logfm1p6.json,runs/accdm/accdm_scan_lowf_q1001_v2/fits/accdm_logm15p2857142857143_logfm1p6.json
15.2857142857|-1.6000000000,upper_grid,theory,low_q1001,/home/2/ks405818/Master/lyalpha_one_loop/runs/accdm/accdm_scan_lowf_q1001_v2/theory/accdm_logm15p2857142857143_logfm1p6.npz,runs/accdm/accdm_scan_lowf_q1001_v2/theory/accdm_logm15p2857142857143_logfm1p6.npz
15.4285714286|-1.6000000000,upper_grid,fit,low_q1001,/home/2/ks405818/Master/lyalpha_one_loop/runs/accdm/accdm_scan_lowf_q1001_v2/fits/accdm_logm15p4285714285714_logfm1p6.json,runs/accdm/accdm_scan_lowf_q1001_v2/fits/accdm_logm15p4285714285714_logfm1p6.json
15.4285714286|-1.6000000000,upper_grid,theory,low_q1001,/home/2/ks405818/Master/lyalpha_one_loop/runs/accdm/accdm_scan_lowf_q1001_v2/theory/accdm_logm15p4285714285714_logfm1p6.npz,runs/accdm/accdm_scan_lowf_q1001_v2/theory/accdm_logm15p4285714285714_logfm1p6.npz
15.5714285714|-1.6000000000,upper_grid,fit,low_q1001,/home/2/ks405818/Master/lyalpha_one_loop/runs/accdm/accdm_scan_lowf_q1001_v2/fits/accdm_logm15p5714285714286_logfm1p6.json,runs/accdm/accdm_scan_lowf_q1001_v2/fits/accdm_logm15p5714285714286_logfm1p6.json
15.5714285714|-1.6000000000,upper_grid,theory,low_q1001,/home/2/ks405818/Master/lyalpha_one_loop/runs/accdm/accdm_scan_lowf_q1001_v2/theory/accdm_logm15p5714285714286_logfm1p6.npz,runs/accdm/accdm_scan_lowf_q1001_v2/theory/accdm_logm15p5714285714286_logfm1p6.npz
15.7142857143|-1.6000000000,upper_grid,fit,low_q1001,/home/2/ks405818/Master/lyalpha_one_loop/runs/accdm/accdm_scan_lowf_q1001_v2/fits/accdm_logm15p7142857142857_logfm1p6.json,runs/accdm/accdm_scan_lowf_q1001_v2/fits/accdm_logm15p7142857142857_logfm1p6.json
15.7142857143|-1.6000000000,upper_grid,theory,low_q1001,/home/2/ks405818/Master/lyalpha_one_loop/runs/accdm/accdm_scan_lowf_q1001_v2/theory/accdm_logm15p7142857142857_logfm1p6.npz,runs/accdm/accdm_scan_lowf_q1001_v2/theory/accdm_logm15p7142857142857_logfm1p6.npz
15.8571428571|-1.6000000000,upper_grid,fit,low_q1001,/home/2/ks405818/Master/lyalpha_one_loop/runs/accdm/accdm_scan_lowf_q1001_v2/fits/accdm_logm15p8571428571429_logfm1p6.json,runs/accdm/accdm_scan_lowf_q1001_v2/fits/accdm_logm15p8571428571429_logfm1p6.json
15.8571428571|-1.6000000000,upper_grid,theory,low_q1001,/home/2/ks405818/Master/lyalpha_one_loop/runs/accdm/accdm_scan_lowf_q1001_v2/theory/accdm_logm15p8571428571429_logfm1p6.npz,runs/accdm/accdm_scan_lowf_q1001_v2/theory/accdm_logm15p8571428571429_logfm1p6.npz
16.0000000000|-1.6000000000,upper_grid,fit,low_q1001,/home/2/ks405818/Master/lyalpha_one_loop/runs/accdm/accdm_scan_lowf_q1001_v2/fits/accdm_logm16_logfm1p6.json,runs/accdm/accdm_scan_lowf_q1001_v2/fits/accdm_logm16_logfm1p6.json
16.0000000000|-1.6000000000,upper_grid,theory,low_q1001,/home/2/ks405818/Master/lyalpha_one_loop/runs/accdm/accdm_scan_lowf_q1001_v2/theory/accdm_logm16_logfm1p6.npz,runs/accdm/accdm_scan_lowf_q1001_v2/theory/accdm_logm16_logfm1p6.npz
16.1428571429|-1.6000000000,upper_grid,fit,low_q1001,/home/2/ks405818/Master/lyalpha_one_loop/runs/accdm/accdm_scan_lowf_q1001_v2/fits/accdm_logm16p1428571428571_logfm1p6.json,runs/accdm/accdm_scan_lowf_q1001_v2/fits/accdm_logm16p1428571428571_logfm1p6.json
16.1428571429|-1.6000000000,upper_grid,theory,low_q1001,/home/2/ks405818/Master/lyalpha_one_loop/runs/accdm/accdm_scan_lowf_q1001_v2/theory/accdm_logm16p1428571428571_logfm1p6.npz,runs/accdm/accdm_scan_lowf_q1001_v2/theory/accdm_logm16p1428571428571_logfm1p6.npz
16.2857142857|-1.6000000000,upper_grid,fit,low_q1001,/home/2/ks405818/Master/lyalpha_one_loop/runs/accdm/accdm_scan_lowf_q1001_v2/fits/accdm_logm16p2857142857143_logfm1p6.json,runs/accdm/accdm_scan_lowf_q1001_v2/fits/accdm_logm16p2857142857143_logfm1p6.json
16.2857142857|-1.6000000000,upper_grid,theory,low_q1001,/home/2/ks405818/Master/lyalpha_one_loop/runs/accdm/accdm_scan_lowf_q1001_v2/theory/accdm_logm16p2857142857143_logfm1p6.npz,runs/accdm/accdm_scan_lowf_q1001_v2/theory/accdm_logm16p2857142857143_logfm1p6.npz
16.4285714286|-1.6000000000,upper_grid,fit,low_q1001,/home/2/ks405818/Master/lyalpha_one_loop/runs/accdm/accdm_scan_lowf_q1001_v2/fits/accdm_logm16p4285714285714_logfm1p6.json,runs/accdm/accdm_scan_lowf_q1001_v2/fits/accdm_logm16p4285714285714_logfm1p6.json
16.4285714286|-1.6000000000,upper_grid,theory,low_q1001,/home/2/ks405818/Master/lyalpha_one_loop/runs/accdm/accdm_scan_lowf_q1001_v2/theory/accdm_logm16p4285714285714_logfm1p6.npz,runs/accdm/accdm_scan_lowf_q1001_v2/theory/accdm_logm16p4285714285714_logfm1p6.npz
16.5714285714|-1.6000000000,upper_grid,fit,low_q1001,/home/2/ks405818/Master/lyalpha_one_loop/runs/accdm/accdm_scan_lowf_q1001_v2/fits/accdm_logm16p5714285714286_logfm1p6.json,runs/accdm/accdm_scan_lowf_q1001_v2/fits/accdm_logm16p5714285714286_logfm1p6.json
16.5714285714|-1.6000000000,upper_grid,theory,low_q1001,/home/2/ks405818/Master/lyalpha_one_loop/runs/accdm/accdm_scan_lowf_q1001_v2/theory/accdm_logm16p5714285714286_logfm1p6.npz,runs/accdm/accdm_scan_lowf_q1001_v2/theory/accdm_logm16p5714285714286_logfm1p6.npz
16.7142857143|-1.6000000000,upper_grid,fit,low_q1001,/home/2/ks405818/Master/lyalpha_one_loop/runs/accdm/accdm_scan_lowf_q1001_v2/fits/accdm_logm16p7142857142857_logfm1p6.json,runs/accdm/accdm_scan_lowf_q1001_v2/fits/accdm_logm16p7142857142857_logfm1p6.json
16.7142857143|-1.6000000000,upper_grid,theory,low_q1001,/home/2/ks405818/Master/lyalpha_one_loop/runs/accdm/accdm_scan_lowf_q1001_v2/theory/accdm_logm16p7142857142857_logfm1p6.npz,runs/accdm/accdm_scan_lowf_q1001_v2/theory/accdm_logm16p7142857142857_logfm1p6.npz
16.8571428571|-1.6000000000,upper_grid,fit,low_q1001,/home/2/ks405818/Master/lyalpha_one_loop/runs/accdm/accdm_scan_lowf_q1001_v2/fits/accdm_logm16p8571428571429_logfm1p6.json,runs/accdm/accdm_scan_lowf_q1001_v2/fits/accdm_logm16p8571428571429_logfm1p6.json
16.8571428571|-1.6000000000,upper_grid,theory,low_q1001,/home/2/ks405818/Master/lyalpha_one_loop/runs/accdm/accdm_scan_lowf_q1001_v2/theory/accdm_logm16p8571428571429_logfm1p6.npz,runs/accdm/accdm_scan_lowf_q1001_v2/theory/accdm_logm16p8571428571429_logfm1p6.npz
17.0000000000|-1.6000000000,upper_grid,fit,low_q1001,/home/2/ks405818/Master/lyalpha_one_loop/runs/accdm/accdm_scan_lowf_q1001_v2/fits/accdm_logm17_logfm1p6.json,runs/accdm/accdm_scan_lowf_q1001_v2/fits/accdm_logm17_logfm1p6.json
17.0000000000|-1.6000000000,upper_grid,theory,low_q1001,/home/2/ks405818/Master/lyalpha_one_loop/runs/accdm/accdm_scan_lowf_q1001_v2/theory/accdm_logm17_logfm1p6.npz,runs/accdm/accdm_scan_lowf_q1001_v2/theory/accdm_logm17_logfm1p6.npz
17.1428571429|-1.6000000000,upper_grid,fit,low_q1001,/home/2/ks405818/Master/lyalpha_one_loop/runs/accdm/accdm_scan_lowf_q1001_v2/fits/accdm_logm17p1428571428571_logfm1p6.json,runs/accdm/accdm_scan_lowf_q1001_v2/fits/accdm_logm17p1428571428571_logfm1p6.json
17.1428571429|-1.6000000000,upper_grid,theory,low_q1001,/home/2/ks405818/Master/lyalpha_one_loop/runs/accdm/accdm_scan_lowf_q1001_v2/theory/accdm_logm17p1428571428571_logfm1p6.npz,runs/accdm/accdm_scan_lowf_q1001_v2/theory/accdm_logm17p1428571428571_logfm1p6.npz
17.2857142857|-1.6000000000,upper_grid,fit,low_q1001,/home/2/ks405818/Master/lyalpha_one_loop/runs/accdm/accdm_scan_lowf_q1001_v2/fits/accdm_logm17p2857142857143_logfm1p6.json,runs/accdm/accdm_scan_lowf_q1001_v2/fits/accdm_logm17p2857142857143_logfm1p6.json
17.2857142857|-1.6000000000,upper_grid,theory,low_q1001,/home/2/ks405818/Master/lyalpha_one_loop/runs/accdm/accdm_scan_lowf_q1001_v2/theory/accdm_logm17p2857142857143_logfm1p6.npz,runs/accdm/accdm_scan_lowf_q1001_v2/theory/accdm_logm17p2857142857143_logfm1p6.npz
17.4285714286|-1.6000000000,upper_grid,fit,low_q1001,/home/2/ks405818/Master/lyalpha_one_loop/runs/accdm/accdm_scan_lowf_q1001_v2/fits/accdm_logm17p4285714285714_logfm1p6.json,runs/accdm/accdm_scan_lowf_q1001_v2/fits/accdm_logm17p4285714285714_logfm1p6.json
17.4285714286|-1.6000000000,upper_grid,theory,low_q1001,/home/2/ks405818/Master/lyalpha_one_loop/runs/accdm/accdm_scan_lowf_q1001_v2/theory/accdm_logm17p4285714285714_logfm1p6.npz,runs/accdm/accdm_scan_lowf_q1001_v2/theory/accdm_logm17p4285714285714_logfm1p6.npz
17.5714285714|-1.6000000000,upper_grid,fit,low_q1001,/home/2/ks405818/Master/lyalpha_one_loop/runs/accdm/accdm_scan_lowf_q1001_v2/fits/accdm_logm17p5714285714286_logfm1p6.json,runs/accdm/accdm_scan_lowf_q1001_v2/fits/accdm_logm17p5714285714286_logfm1p6.json
17.5714285714|-1.6000000000,upper_grid,theory,low_q1001,/home/2/ks405818/Master/lyalpha_one_loop/runs/accdm/accdm_scan_lowf_q1001_v2/theory/accdm_logm17p5714285714286_logfm1p6.npz,runs/accdm/accdm_scan_lowf_q1001_v2/theory/accdm_logm17p5714285714286_logfm1p6.npz
17.7142857143|-1.6000000000,upper_grid,fit,low_q1001,/home/2/ks405818/Master/lyalpha_one_loop/runs/accdm/accdm_scan_lowf_q1001_v2/fits/accdm_logm17p7142857142857_logfm1p6.json,runs/accdm/accdm_scan_lowf_q1001_v2/fits/accdm_logm17p7142857142857_logfm1p6.json
17.7142857143|-1.6000000000,upper_grid,theory,low_q1001,/home/2/ks405818/Master/lyalpha_one_loop/runs/accdm/accdm_scan_lowf_q1001_v2/theory/accdm_logm17p7142857142857_logfm1p6.npz,runs/accdm/accdm_scan_lowf_q1001_v2/theory/accdm_logm17p7142857142857_logfm1p6.npz
17.8571428571|-1.6000000000,upper_grid,fit,low_q1001,/home/2/ks405818/Master/lyalpha_one_loop/runs/accdm/accdm_scan_lowf_q1001_v2/fits/accdm_logm17p8571428571429_logfm1p6.json,runs/accdm/accdm_scan_lowf_q1001_v2/fits/accdm_logm17p8571428571429_logfm1p6.json
17.8571428571|-1.6000000000,upper_grid,theory,low_q1001,/home/2/ks405818/Master/lyalpha_one_loop/runs/accdm/accdm_scan_lowf_q1001_v2/theory/accdm_logm17p8571428571429_logfm1p6.npz,runs/accdm/accdm_scan_lowf_q1001_v2/theory/accdm_logm17p8571428571429_logfm1p6.npz
18.0000000000|-1.6000000000,upper_grid,fit,low_q1001,/home/2/ks405818/Master/lyalpha_one_loop/runs/accdm/accdm_scan_lowf_q1001_v2/fits/accdm_logm18_logfm1p6.json,runs/accdm/accdm_scan_lowf_q1001_v2/fits/accdm_logm18_logfm1p6.json
18.0000000000|-1.6000000000,upper_grid,theory,low_q1001,/home/2/ks405818/Master/lyalpha_one_loop/runs/accdm/accdm_scan_lowf_q1001_v2/theory/accdm_logm18_logfm1p6.npz,runs/accdm/accdm_scan_lowf_q1001_v2/theory/accdm_logm18_logfm1p6.npz
18.1428571429|-1.6000000000,upper_grid,fit,loweps_low_q1001,/home/2/ks405818/Master/lyalpha_one_loop/runs/accdm/accdm_scan_loweps_lowf_q1001_v1/fits/accdm_logm18p1428571428571_logfm1p6.json,runs/accdm/accdm_scan_loweps_lowf_q1001_v1/fits/accdm_logm18p1428571428571_logfm1p6.json
18.1428571429|-1.6000000000,upper_grid,theory,loweps_low_q1001,/home/2/ks405818/Master/lyalpha_one_loop/runs/accdm/accdm_scan_loweps_lowf_q1001_v1/theory/accdm_logm18p1428571428571_logfm1p6.npz,runs/accdm/accdm_scan_loweps_lowf_q1001_v1/theory/accdm_logm18p1428571428571_logfm1p6.npz
18.2857142857|-1.6000000000,upper_grid,fit,loweps_low_q1001,/home/2/ks405818/Master/lyalpha_one_loop/runs/accdm/accdm_scan_loweps_lowf_q1001_v1/fits/accdm_logm18p2857142857143_logfm1p6.json,runs/accdm/accdm_scan_loweps_lowf_q1001_v1/fits/accdm_logm18p2857142857143_logfm1p6.json
18.2857142857|-1.6000000000,upper_grid,theory,loweps_low_q1001,/home/2/ks405818/Master/lyalpha_one_loop/runs/accdm/accdm_scan_loweps_lowf_q1001_v1/theory/accdm_logm18p2857142857143_logfm1p6.npz,runs/accdm/accdm_scan_loweps_lowf_q1001_v1/theory/accdm_logm18p2857142857143_logfm1p6.npz
18.4285714286|-1.6000000000,upper_grid,fit,loweps_low_q1001,/home/2/ks405818/Master/lyalpha_one_loop/runs/accdm/accdm_scan_loweps_lowf_q1001_v1/fits/accdm_logm18p4285714285714_logfm1p6.json,runs/accdm/accdm_scan_loweps_lowf_q1001_v1/fits/accdm_logm18p4285714285714_logfm1p6.json
18.4285714286|-1.6000000000,upper_grid,theory,loweps_low_q1001,/home/2/ks405818/Master/lyalpha_one_loop/runs/accdm/accdm_scan_loweps_lowf_q1001_v1/theory/accdm_logm18p4285714285714_logfm1p6.npz,runs/accdm/accdm_scan_loweps_lowf_q1001_v1/theory/accdm_logm18p4285714285714_logfm1p6.npz
18.5714285714|-1.6000000000,upper_grid,fit,loweps_low_q1001,/home/2/ks405818/Master/lyalpha_one_loop/runs/accdm/accdm_scan_loweps_lowf_q1001_v1/fits/accdm_logm18p5714285714286_logfm1p6.json,runs/accdm/accdm_scan_loweps_lowf_q1001_v1/fits/accdm_logm18p5714285714286_logfm1p6.json
18.5714285714|-1.6000000000,upper_grid,theory,loweps_low_q1001,/home/2/ks405818/Master/lyalpha_one_loop/runs/accdm/accdm_scan_loweps_lowf_q1001_v1/theory/accdm_logm18p5714285714286_logfm1p6.npz,runs/accdm/accdm_scan_loweps_lowf_q1001_v1/theory/accdm_logm18p5714285714286_logfm1p6.npz
18.7142857143|-1.6000000000,upper_grid,fit,loweps_low_q1001,/home/2/ks405818/Master/lyalpha_one_loop/runs/accdm/accdm_scan_loweps_lowf_q1001_v1/fits/accdm_logm18p7142857142857_logfm1p6.json,runs/accdm/accdm_scan_loweps_lowf_q1001_v1/fits/accdm_logm18p7142857142857_logfm1p6.json
18.7142857143|-1.6000000000,upper_grid,theory,loweps_low_q1001,/home/2/ks405818/Master/lyalpha_one_loop/runs/accdm/accdm_scan_loweps_lowf_q1001_v1/theory/accdm_logm18p7142857142857_logfm1p6.npz,runs/accdm/accdm_scan_loweps_lowf_q1001_v1/theory/accdm_logm18p7142857142857_logfm1p6.npz
18.8571428571|-1.6000000000,upper_grid,fit,loweps_low_q1001,/home/2/ks405818/Master/lyalpha_one_loop/runs/accdm/accdm_scan_loweps_lowf_q1001_v1/fits/accdm_logm18p8571428571429_logfm1p6.json,runs/accdm/accdm_scan_loweps_lowf_q1001_v1/fits/accdm_logm18p8571428571429_logfm1p6.json
18.8571428571|-1.6000000000,upper_grid,theory,loweps_low_q1001,/home/2/ks405818/Master/lyalpha_one_loop/runs/accdm/accdm_scan_loweps_lowf_q1001_v1/theory/accdm_logm18p8571428571429_logfm1p6.npz,runs/accdm/accdm_scan_loweps_lowf_q1001_v1/theory/accdm_logm18p8571428571429_logfm1p6.npz
19.0000000000|-1.6000000000,upper_grid,fit,loweps_low_q1001,/home/2/ks405818/Master/lyalpha_one_loop/runs/accdm/accdm_scan_loweps_lowf_q1001_v1/fits/accdm_logm19_logfm1p6.json,runs/accdm/accdm_scan_loweps_lowf_q1001_v1/fits/accdm_logm19_logfm1p6.json
19.0000000000|-1.6000000000,upper_grid,theory,loweps_low_q1001,/home/2/ks405818/Master/lyalpha_one_loop/runs/accdm/accdm_scan_loweps_lowf_q1001_v1/theory/accdm_logm19_logfm1p6.npz,runs/accdm/accdm_scan_loweps_lowf_q1001_v1/theory/accdm_logm19_logfm1p6.npz
19.1428571429|-1.6000000000,upper_grid,fit,loweps_low_q1001,/home/2/ks405818/Master/lyalpha_one_loop/runs/accdm/accdm_scan_loweps_lowf_q1001_v1/fits/accdm_logm19p1428571428571_logfm1p6.json,runs/accdm/accdm_scan_loweps_lowf_q1001_v1/fits/accdm_logm19p1428571428571_logfm1p6.json
19.1428571429|-1.6000000000,upper_grid,theory,loweps_low_q1001,/home/2/ks405818/Master/lyalpha_one_loop/runs/accdm/accdm_scan_loweps_lowf_q1001_v1/theory/accdm_logm19p1428571428571_logfm1p6.npz,runs/accdm/accdm_scan_loweps_lowf_q1001_v1/theory/accdm_logm19p1428571428571_logfm1p6.npz
19.2857142857|-1.6000000000,upper_grid,fit,loweps_low_q1001,/home/2/ks405818/Master/lyalpha_one_loop/runs/accdm/accdm_scan_loweps_lowf_q1001_v1/fits/accdm_logm19p2857142857143_logfm1p6.json,runs/accdm/accdm_scan_loweps_lowf_q1001_v1/fits/accdm_logm19p2857142857143_logfm1p6.json
19.2857142857|-1.6000000000,upper_grid,theory,loweps_low_q1001,/home/2/ks405818/Master/lyalpha_one_loop/runs/accdm/accdm_scan_loweps_lowf_q1001_v1/theory/accdm_logm19p2857142857143_logfm1p6.npz,runs/accdm/accdm_scan_loweps_lowf_q1001_v1/theory/accdm_logm19p2857142857143_logfm1p6.npz
19.4285714286|-1.6000000000,upper_grid,fit,loweps_low_q1001,/home/2/ks405818/Master/lyalpha_one_loop/runs/accdm/accdm_scan_loweps_lowf_q1001_v1/fits/accdm_logm19p4285714285714_logfm1p6.json,runs/accdm/accdm_scan_loweps_lowf_q1001_v1/fits/accdm_logm19p4285714285714_logfm1p6.json
19.4285714286|-1.6000000000,upper_grid,theory,loweps_low_q1001,/home/2/ks405818/Master/lyalpha_one_loop/runs/accdm/accdm_scan_loweps_lowf_q1001_v1/theory/accdm_logm19p4285714285714_logfm1p6.npz,runs/accdm/accdm_scan_loweps_lowf_q1001_v1/theory/accdm_logm19p4285714285714_logfm1p6.npz
11.0000000000|-1.5250000000,upper_grid,fit,low_q1001,/home/2/ks405818/Master/lyalpha_one_loop/runs/accdm/accdm_scan_lowf_q1001_v2/fits/accdm_logm11_logfm1p525.json,runs/accdm/accdm_scan_lowf_q1001_v2/fits/accdm_logm11_logfm1p525.json
11.0000000000|-1.5250000000,upper_grid,theory,low_q1001,/home/2/ks405818/Master/lyalpha_one_loop/runs/accdm/accdm_scan_lowf_q1001_v2/theory/accdm_logm11_logfm1p525.npz,runs/accdm/accdm_scan_lowf_q1001_v2/theory/accdm_logm11_logfm1p525.npz
11.1428571429|-1.5250000000,upper_grid,fit,low_q1001,/home/2/ks405818/Master/lyalpha_one_loop/runs/accdm/accdm_scan_lowf_q1001_v2/fits/accdm_logm11p1428571428571_logfm1p525.json,runs/accdm/accdm_scan_lowf_q1001_v2/fits/accdm_logm11p1428571428571_logfm1p525.json
11.1428571429|-1.5250000000,upper_grid,theory,low_q1001,/home/2/ks405818/Master/lyalpha_one_loop/runs/accdm/accdm_scan_lowf_q1001_v2/theory/accdm_logm11p1428571428571_logfm1p525.npz,runs/accdm/accdm_scan_lowf_q1001_v2/theory/accdm_logm11p1428571428571_logfm1p525.npz
11.2857142857|-1.5250000000,upper_grid,fit,low_q1001,/home/2/ks405818/Master/lyalpha_one_loop/runs/accdm/accdm_scan_lowf_q1001_v2/fits/accdm_logm11p2857142857143_logfm1p525.json,runs/accdm/accdm_scan_lowf_q1001_v2/fits/accdm_logm11p2857142857143_logfm1p525.json
11.2857142857|-1.5250000000,upper_grid,theory,low_q1001,/home/2/ks405818/Master/lyalpha_one_loop/runs/accdm/accdm_scan_lowf_q1001_v2/theory/accdm_logm11p2857142857143_logfm1p525.npz,runs/accdm/accdm_scan_lowf_q1001_v2/theory/accdm_logm11p2857142857143_logfm1p525.npz
11.4285714286|-1.5250000000,upper_grid,fit,low_q1001,/home/2/ks405818/Master/lyalpha_one_loop/runs/accdm/accdm_scan_lowf_q1001_v2/fits/accdm_logm11p4285714285714_logfm1p525.json,runs/accdm/accdm_scan_lowf_q1001_v2/fits/accdm_logm11p4285714285714_logfm1p525.json
11.4285714286|-1.5250000000,upper_grid,theory,low_q1001,/home/2/ks405818/Master/lyalpha_one_loop/runs/accdm/accdm_scan_lowf_q1001_v2/theory/accdm_logm11p4285714285714_logfm1p525.npz,runs/accdm/accdm_scan_lowf_q1001_v2/theory/accdm_logm11p4285714285714_logfm1p525.npz
11.5714285714|-1.5250000000,upper_grid,fit,low_q1001,/home/2/ks405818/Master/lyalpha_one_loop/runs/accdm/accdm_scan_lowf_q1001_v2/fits/accdm_logm11p5714285714286_logfm1p525.json,runs/accdm/accdm_scan_lowf_q1001_v2/fits/accdm_logm11p5714285714286_logfm1p525.json
11.5714285714|-1.5250000000,upper_grid,theory,low_q1001,/home/2/ks405818/Master/lyalpha_one_loop/runs/accdm/accdm_scan_lowf_q1001_v2/theory/accdm_logm11p5714285714286_logfm1p525.npz,runs/accdm/accdm_scan_lowf_q1001_v2/theory/accdm_logm11p5714285714286_logfm1p525.npz
11.7142857143|-1.5250000000,upper_grid,fit,low_q1001,/home/2/ks405818/Master/lyalpha_one_loop/runs/accdm/accdm_scan_lowf_q1001_v2/fits/accdm_logm11p7142857142857_logfm1p525.json,runs/accdm/accdm_scan_lowf_q1001_v2/fits/accdm_logm11p7142857142857_logfm1p525.json
11.7142857143|-1.5250000000,upper_grid,theory,low_q1001,/home/2/ks405818/Master/lyalpha_one_loop/runs/accdm/accdm_scan_lowf_q1001_v2/theory/accdm_logm11p7142857142857_logfm1p525.npz,runs/accdm/accdm_scan_lowf_q1001_v2/theory/accdm_logm11p7142857142857_logfm1p525.npz
11.8571428571|-1.5250000000,upper_grid,fit,low_q1001,/home/2/ks405818/Master/lyalpha_one_loop/runs/accdm/accdm_scan_lowf_q1001_v2/fits/accdm_logm11p8571428571429_logfm1p525.json,runs/accdm/accdm_scan_lowf_q1001_v2/fits/accdm_logm11p8571428571429_logfm1p525.json
11.8571428571|-1.5250000000,upper_grid,theory,low_q1001,/home/2/ks405818/Master/lyalpha_one_loop/runs/accdm/accdm_scan_lowf_q1001_v2/theory/accdm_logm11p8571428571429_logfm1p525.npz,runs/accdm/accdm_scan_lowf_q1001_v2/theory/accdm_logm11p8571428571429_logfm1p525.npz
12.0000000000|-1.5250000000,upper_grid,fit,low_q1001,/home/2/ks405818/Master/lyalpha_one_loop/runs/accdm/accdm_scan_lowf_q1001_v2/fits/accdm_logm12_logfm1p525.json,runs/accdm/accdm_scan_lowf_q1001_v2/fits/accdm_logm12_logfm1p525.json
12.0000000000|-1.5250000000,upper_grid,theory,low_q1001,/home/2/ks405818/Master/lyalpha_one_loop/runs/accdm/accdm_scan_lowf_q1001_v2/theory/accdm_logm12_logfm1p525.npz,runs/accdm/accdm_scan_lowf_q1001_v2/theory/accdm_logm12_logfm1p525.npz
12.1428571429|-1.5250000000,upper_grid,fit,low_q1001,/home/2/ks405818/Master/lyalpha_one_loop/runs/accdm/accdm_scan_lowf_q1001_v2/fits/accdm_logm12p1428571428571_logfm1p525.json,runs/accdm/accdm_scan_lowf_q1001_v2/fits/accdm_logm12p1428571428571_logfm1p525.json
12.1428571429|-1.5250000000,upper_grid,theory,low_q1001,/home/2/ks405818/Master/lyalpha_one_loop/runs/accdm/accdm_scan_lowf_q1001_v2/theory/accdm_logm12p1428571428571_logfm1p525.npz,runs/accdm/accdm_scan_lowf_q1001_v2/theory/accdm_logm12p1428571428571_logfm1p525.npz
12.2857142857|-1.5250000000,upper_grid,fit,low_q1001,/home/2/ks405818/Master/lyalpha_one_loop/runs/accdm/accdm_scan_lowf_q1001_v2/fits/accdm_logm12p2857142857143_logfm1p525.json,runs/accdm/accdm_scan_lowf_q1001_v2/fits/accdm_logm12p2857142857143_logfm1p525.json
12.2857142857|-1.5250000000,upper_grid,theory,low_q1001,/home/2/ks405818/Master/lyalpha_one_loop/runs/accdm/accdm_scan_lowf_q1001_v2/theory/accdm_logm12p2857142857143_logfm1p525.npz,runs/accdm/accdm_scan_lowf_q1001_v2/theory/accdm_logm12p2857142857143_logfm1p525.npz
12.4285714286|-1.5250000000,upper_grid,fit,low_q1001,/home/2/ks405818/Master/lyalpha_one_loop/runs/accdm/accdm_scan_lowf_q1001_v2/fits/accdm_logm12p4285714285714_logfm1p525.json,runs/accdm/accdm_scan_lowf_q1001_v2/fits/accdm_logm12p4285714285714_logfm1p525.json
12.4285714286|-1.5250000000,upper_grid,theory,low_q1001,/home/2/ks405818/Master/lyalpha_one_loop/runs/accdm/accdm_scan_lowf_q1001_v2/theory/accdm_logm12p4285714285714_logfm1p525.npz,runs/accdm/accdm_scan_lowf_q1001_v2/theory/accdm_logm12p4285714285714_logfm1p525.npz
12.5714285714|-1.5250000000,upper_grid,fit,low_q1001,/home/2/ks405818/Master/lyalpha_one_loop/runs/accdm/accdm_scan_lowf_q1001_v2/fits/accdm_logm12p5714285714286_logfm1p525.json,runs/accdm/accdm_scan_lowf_q1001_v2/fits/accdm_logm12p5714285714286_logfm1p525.json
12.5714285714|-1.5250000000,upper_grid,theory,low_q1001,/home/2/ks405818/Master/lyalpha_one_loop/runs/accdm/accdm_scan_lowf_q1001_v2/theory/accdm_logm12p5714285714286_logfm1p525.npz,runs/accdm/accdm_scan_lowf_q1001_v2/theory/accdm_logm12p5714285714286_logfm1p525.npz
12.7142857143|-1.5250000000,upper_grid,fit,low_q1001,/home/2/ks405818/Master/lyalpha_one_loop/runs/accdm/accdm_scan_lowf_q1001_v2/fits/accdm_logm12p7142857142857_logfm1p525.json,runs/accdm/accdm_scan_lowf_q1001_v2/fits/accdm_logm12p7142857142857_logfm1p525.json
12.7142857143|-1.5250000000,upper_grid,theory,low_q1001,/home/2/ks405818/Master/lyalpha_one_loop/runs/accdm/accdm_scan_lowf_q1001_v2/theory/accdm_logm12p7142857142857_logfm1p525.npz,runs/accdm/accdm_scan_lowf_q1001_v2/theory/accdm_logm12p7142857142857_logfm1p525.npz
12.8571428571|-1.5250000000,upper_grid,fit,low_q1001,/home/2/ks405818/Master/lyalpha_one_loop/runs/accdm/accdm_scan_lowf_q1001_v2/fits/accdm_logm12p8571428571429_logfm1p525.json,runs/accdm/accdm_scan_lowf_q1001_v2/fits/accdm_logm12p8571428571429_logfm1p525.json
12.8571428571|-1.5250000000,upper_grid,theory,low_q1001,/home/2/ks405818/Master/lyalpha_one_loop/runs/accdm/accdm_scan_lowf_q1001_v2/theory/accdm_logm12p8571428571429_logfm1p525.npz,runs/accdm/accdm_scan_lowf_q1001_v2/theory/accdm_logm12p8571428571429_logfm1p525.npz
13.0000000000|-1.5250000000,upper_grid,fit,low_q1001,/home/2/ks405818/Master/lyalpha_one_loop/runs/accdm/accdm_scan_lowf_q1001_v2/fits/accdm_logm13_logfm1p525.json,runs/accdm/accdm_scan_lowf_q1001_v2/fits/accdm_logm13_logfm1p525.json
13.0000000000|-1.5250000000,upper_grid,theory,low_q1001,/home/2/ks405818/Master/lyalpha_one_loop/runs/accdm/accdm_scan_lowf_q1001_v2/theory/accdm_logm13_logfm1p525.npz,runs/accdm/accdm_scan_lowf_q1001_v2/theory/accdm_logm13_logfm1p525.npz
13.1428571429|-1.5250000000,upper_grid,fit,low_q1001,/home/2/ks405818/Master/lyalpha_one_loop/runs/accdm/accdm_scan_lowf_q1001_v2/fits/accdm_logm13p1428571428571_logfm1p525.json,runs/accdm/accdm_scan_lowf_q1001_v2/fits/accdm_logm13p1428571428571_logfm1p525.json
13.1428571429|-1.5250000000,upper_grid,theory,low_q1001,/home/2/ks405818/Master/lyalpha_one_loop/runs/accdm/accdm_scan_lowf_q1001_v2/theory/accdm_logm13p1428571428571_logfm1p525.npz,runs/accdm/accdm_scan_lowf_q1001_v2/theory/accdm_logm13p1428571428571_logfm1p525.npz
13.2857142857|-1.5250000000,upper_grid,fit,low_q1001,/home/2/ks405818/Master/lyalpha_one_loop/runs/accdm/accdm_scan_lowf_q1001_v2/fits/accdm_logm13p2857142857143_logfm1p525.json,runs/accdm/accdm_scan_lowf_q1001_v2/fits/accdm_logm13p2857142857143_logfm1p525.json
13.2857142857|-1.5250000000,upper_grid,theory,low_q1001,/home/2/ks405818/Master/lyalpha_one_loop/runs/accdm/accdm_scan_lowf_q1001_v2/theory/accdm_logm13p2857142857143_logfm1p525.npz,runs/accdm/accdm_scan_lowf_q1001_v2/theory/accdm_logm13p2857142857143_logfm1p525.npz
13.4285714286|-1.5250000000,upper_grid,fit,low_q1001,/home/2/ks405818/Master/lyalpha_one_loop/runs/accdm/accdm_scan_lowf_q1001_v2/fits/accdm_logm13p4285714285714_logfm1p525.json,runs/accdm/accdm_scan_lowf_q1001_v2/fits/accdm_logm13p4285714285714_logfm1p525.json
13.4285714286|-1.5250000000,upper_grid,theory,low_q1001,/home/2/ks405818/Master/lyalpha_one_loop/runs/accdm/accdm_scan_lowf_q1001_v2/theory/accdm_logm13p4285714285714_logfm1p525.npz,runs/accdm/accdm_scan_lowf_q1001_v2/theory/accdm_logm13p4285714285714_logfm1p525.npz
13.5714285714|-1.5250000000,upper_grid,fit,low_q1001,/home/2/ks405818/Master/lyalpha_one_loop/runs/accdm/accdm_scan_lowf_q1001_v2/fits/accdm_logm13p5714285714286_logfm1p525.json,runs/accdm/accdm_scan_lowf_q1001_v2/fits/accdm_logm13p5714285714286_logfm1p525.json
13.5714285714|-1.5250000000,upper_grid,theory,low_q1001,/home/2/ks405818/Master/lyalpha_one_loop/runs/accdm/accdm_scan_lowf_q1001_v2/theory/accdm_logm13p5714285714286_logfm1p525.npz,runs/accdm/accdm_scan_lowf_q1001_v2/theory/accdm_logm13p5714285714286_logfm1p525.npz
13.7142857143|-1.5250000000,upper_grid,fit,low_q1001,/home/2/ks405818/Master/lyalpha_one_loop/runs/accdm/accdm_scan_lowf_q1001_v2/fits/accdm_logm13p7142857142857_logfm1p525.json,runs/accdm/accdm_scan_lowf_q1001_v2/fits/accdm_logm13p7142857142857_logfm1p525.json
13.7142857143|-1.5250000000,upper_grid,theory,low_q1001,/home/2/ks405818/Master/lyalpha_one_loop/runs/accdm/accdm_scan_lowf_q1001_v2/theory/accdm_logm13p7142857142857_logfm1p525.npz,runs/accdm/accdm_scan_lowf_q1001_v2/theory/accdm_logm13p7142857142857_logfm1p525.npz
13.8571428571|-1.5250000000,upper_grid,fit,low_q1001,/home/2/ks405818/Master/lyalpha_one_loop/runs/accdm/accdm_scan_lowf_q1001_v2/fits/accdm_logm13p8571428571429_logfm1p525.json,runs/accdm/accdm_scan_lowf_q1001_v2/fits/accdm_logm13p8571428571429_logfm1p525.json
13.8571428571|-1.5250000000,upper_grid,theory,low_q1001,/home/2/ks405818/Master/lyalpha_one_loop/runs/accdm/accdm_scan_lowf_q1001_v2/theory/accdm_logm13p8571428571429_logfm1p525.npz,runs/accdm/accdm_scan_lowf_q1001_v2/theory/accdm_logm13p8571428571429_logfm1p525.npz
14.0000000000|-1.5250000000,upper_grid,fit,low_q1001,/home/2/ks405818/Master/lyalpha_one_loop/runs/accdm/accdm_scan_lowf_q1001_v2/fits/accdm_logm14_logfm1p525.json,runs/accdm/accdm_scan_lowf_q1001_v2/fits/accdm_logm14_logfm1p525.json
14.0000000000|-1.5250000000,upper_grid,theory,low_q1001,/home/2/ks405818/Master/lyalpha_one_loop/runs/accdm/accdm_scan_lowf_q1001_v2/theory/accdm_logm14_logfm1p525.npz,runs/accdm/accdm_scan_lowf_q1001_v2/theory/accdm_logm14_logfm1p525.npz
14.1428571429|-1.5250000000,upper_grid,fit,low_q1001,/home/2/ks405818/Master/lyalpha_one_loop/runs/accdm/accdm_scan_lowf_q1001_v2/fits/accdm_logm14p1428571428571_logfm1p525.json,runs/accdm/accdm_scan_lowf_q1001_v2/fits/accdm_logm14p1428571428571_logfm1p525.json
14.1428571429|-1.5250000000,upper_grid,theory,low_q1001,/home/2/ks405818/Master/lyalpha_one_loop/runs/accdm/accdm_scan_lowf_q1001_v2/theory/accdm_logm14p1428571428571_logfm1p525.npz,runs/accdm/accdm_scan_lowf_q1001_v2/theory/accdm_logm14p1428571428571_logfm1p525.npz
14.2857142857|-1.5250000000,upper_grid,fit,low_q1001,/home/2/ks405818/Master/lyalpha_one_loop/runs/accdm/accdm_scan_lowf_q1001_v2/fits/accdm_logm14p2857142857143_logfm1p525.json,runs/accdm/accdm_scan_lowf_q1001_v2/fits/accdm_logm14p2857142857143_logfm1p525.json
14.2857142857|-1.5250000000,upper_grid,theory,low_q1001,/home/2/ks405818/Master/lyalpha_one_loop/runs/accdm/accdm_scan_lowf_q1001_v2/theory/accdm_logm14p2857142857143_logfm1p525.npz,runs/accdm/accdm_scan_lowf_q1001_v2/theory/accdm_logm14p2857142857143_logfm1p525.npz
14.4285714286|-1.5250000000,upper_grid,fit,low_q1001,/home/2/ks405818/Master/lyalpha_one_loop/runs/accdm/accdm_scan_lowf_q1001_v2/fits/accdm_logm14p4285714285714_logfm1p525.json,runs/accdm/accdm_scan_lowf_q1001_v2/fits/accdm_logm14p4285714285714_logfm1p525.json
14.4285714286|-1.5250000000,upper_grid,theory,low_q1001,/home/2/ks405818/Master/lyalpha_one_loop/runs/accdm/accdm_scan_lowf_q1001_v2/theory/accdm_logm14p4285714285714_logfm1p525.npz,runs/accdm/accdm_scan_lowf_q1001_v2/theory/accdm_logm14p4285714285714_logfm1p525.npz
14.5714285714|-1.5250000000,upper_grid,fit,low_q1001,/home/2/ks405818/Master/lyalpha_one_loop/runs/accdm/accdm_scan_lowf_q1001_v2/fits/accdm_logm14p5714285714286_logfm1p525.json,runs/accdm/accdm_scan_lowf_q1001_v2/fits/accdm_logm14p5714285714286_logfm1p525.json
14.5714285714|-1.5250000000,upper_grid,theory,low_q1001,/home/2/ks405818/Master/lyalpha_one_loop/runs/accdm/accdm_scan_lowf_q1001_v2/theory/accdm_logm14p5714285714286_logfm1p525.npz,runs/accdm/accdm_scan_lowf_q1001_v2/theory/accdm_logm14p5714285714286_logfm1p525.npz
14.7142857143|-1.5250000000,upper_grid,fit,low_q1001,/home/2/ks405818/Master/lyalpha_one_loop/runs/accdm/accdm_scan_lowf_q1001_v2/fits/accdm_logm14p7142857142857_logfm1p525.json,runs/accdm/accdm_scan_lowf_q1001_v2/fits/accdm_logm14p7142857142857_logfm1p525.json
14.7142857143|-1.5250000000,upper_grid,theory,low_q1001,/home/2/ks405818/Master/lyalpha_one_loop/runs/accdm/accdm_scan_lowf_q1001_v2/theory/accdm_logm14p7142857142857_logfm1p525.npz,runs/accdm/accdm_scan_lowf_q1001_v2/theory/accdm_logm14p7142857142857_logfm1p525.npz
14.8571428571|-1.5250000000,upper_grid,fit,low_q1001,/home/2/ks405818/Master/lyalpha_one_loop/runs/accdm/accdm_scan_lowf_q1001_v2/fits/accdm_logm14p8571428571429_logfm1p525.json,runs/accdm/accdm_scan_lowf_q1001_v2/fits/accdm_logm14p8571428571429_logfm1p525.json
14.8571428571|-1.5250000000,upper_grid,theory,low_q1001,/home/2/ks405818/Master/lyalpha_one_loop/runs/accdm/accdm_scan_lowf_q1001_v2/theory/accdm_logm14p8571428571429_logfm1p525.npz,runs/accdm/accdm_scan_lowf_q1001_v2/theory/accdm_logm14p8571428571429_logfm1p525.npz
15.0000000000|-1.5250000000,upper_grid,fit,low_q1001,/home/2/ks405818/Master/lyalpha_one_loop/runs/accdm/accdm_scan_lowf_q1001_v2/fits/accdm_logm15_logfm1p525.json,runs/accdm/accdm_scan_lowf_q1001_v2/fits/accdm_logm15_logfm1p525.json
15.0000000000|-1.5250000000,upper_grid,theory,low_q1001,/home/2/ks405818/Master/lyalpha_one_loop/runs/accdm/accdm_scan_lowf_q1001_v2/theory/accdm_logm15_logfm1p525.npz,runs/accdm/accdm_scan_lowf_q1001_v2/theory/accdm_logm15_logfm1p525.npz
15.1428571429|-1.5250000000,upper_grid,fit,low_q1001,/home/2/ks405818/Master/lyalpha_one_loop/runs/accdm/accdm_scan_lowf_q1001_v2/fits/accdm_logm15p1428571428571_logfm1p525.json,runs/accdm/accdm_scan_lowf_q1001_v2/fits/accdm_logm15p1428571428571_logfm1p525.json
15.1428571429|-1.5250000000,upper_grid,theory,low_q1001,/home/2/ks405818/Master/lyalpha_one_loop/runs/accdm/accdm_scan_lowf_q1001_v2/theory/accdm_logm15p1428571428571_logfm1p525.npz,runs/accdm/accdm_scan_lowf_q1001_v2/theory/accdm_logm15p1428571428571_logfm1p525.npz
15.2857142857|-1.5250000000,upper_grid,fit,low_q1001,/home/2/ks405818/Master/lyalpha_one_loop/runs/accdm/accdm_scan_lowf_q1001_v2/fits/accdm_logm15p2857142857143_logfm1p525.json,runs/accdm/accdm_scan_lowf_q1001_v2/fits/accdm_logm15p2857142857143_logfm1p525.json
15.2857142857|-1.5250000000,upper_grid,theory,low_q1001,/home/2/ks405818/Master/lyalpha_one_loop/runs/accdm/accdm_scan_lowf_q1001_v2/theory/accdm_logm15p2857142857143_logfm1p525.npz,runs/accdm/accdm_scan_lowf_q1001_v2/theory/accdm_logm15p2857142857143_logfm1p525.npz
15.4285714286|-1.5250000000,upper_grid,fit,low_q1001,/home/2/ks405818/Master/lyalpha_one_loop/runs/accdm/accdm_scan_lowf_q1001_v2/fits/accdm_logm15p4285714285714_logfm1p525.json,runs/accdm/accdm_scan_lowf_q1001_v2/fits/accdm_logm15p4285714285714_logfm1p525.json
15.4285714286|-1.5250000000,upper_grid,theory,low_q1001,/home/2/ks405818/Master/lyalpha_one_loop/runs/accdm/accdm_scan_lowf_q1001_v2/theory/accdm_logm15p4285714285714_logfm1p525.npz,runs/accdm/accdm_scan_lowf_q1001_v2/theory/accdm_logm15p4285714285714_logfm1p525.npz
15.5714285714|-1.5250000000,upper_grid,fit,low_q1001,/home/2/ks405818/Master/lyalpha_one_loop/runs/accdm/accdm_scan_lowf_q1001_v2/fits/accdm_logm15p5714285714286_logfm1p525.json,runs/accdm/accdm_scan_lowf_q1001_v2/fits/accdm_logm15p5714285714286_logfm1p525.json
15.5714285714|-1.5250000000,upper_grid,theory,low_q1001,/home/2/ks405818/Master/lyalpha_one_loop/runs/accdm/accdm_scan_lowf_q1001_v2/theory/accdm_logm15p5714285714286_logfm1p525.npz,runs/accdm/accdm_scan_lowf_q1001_v2/theory/accdm_logm15p5714285714286_logfm1p525.npz
15.7142857143|-1.5250000000,upper_grid,fit,low_q1001,/home/2/ks405818/Master/lyalpha_one_loop/runs/accdm/accdm_scan_lowf_q1001_v2/fits/accdm_logm15p7142857142857_logfm1p525.json,runs/accdm/accdm_scan_lowf_q1001_v2/fits/accdm_logm15p7142857142857_logfm1p525.json
15.7142857143|-1.5250000000,upper_grid,theory,low_q1001,/home/2/ks405818/Master/lyalpha_one_loop/runs/accdm/accdm_scan_lowf_q1001_v2/theory/accdm_logm15p7142857142857_logfm1p525.npz,runs/accdm/accdm_scan_lowf_q1001_v2/theory/accdm_logm15p7142857142857_logfm1p525.npz
15.8571428571|-1.5250000000,upper_grid,fit,low_q1001,/home/2/ks405818/Master/lyalpha_one_loop/runs/accdm/accdm_scan_lowf_q1001_v2/fits/accdm_logm15p8571428571429_logfm1p525.json,runs/accdm/accdm_scan_lowf_q1001_v2/fits/accdm_logm15p8571428571429_logfm1p525.json
15.8571428571|-1.5250000000,upper_grid,theory,low_q1001,/home/2/ks405818/Master/lyalpha_one_loop/runs/accdm/accdm_scan_lowf_q1001_v2/theory/accdm_logm15p8571428571429_logfm1p525.npz,runs/accdm/accdm_scan_lowf_q1001_v2/theory/accdm_logm15p8571428571429_logfm1p525.npz
16.0000000000|-1.5250000000,upper_grid,fit,low_q1001,/home/2/ks405818/Master/lyalpha_one_loop/runs/accdm/accdm_scan_lowf_q1001_v2/fits/accdm_logm16_logfm1p525.json,runs/accdm/accdm_scan_lowf_q1001_v2/fits/accdm_logm16_logfm1p525.json
16.0000000000|-1.5250000000,upper_grid,theory,low_q1001,/home/2/ks405818/Master/lyalpha_one_loop/runs/accdm/accdm_scan_lowf_q1001_v2/theory/accdm_logm16_logfm1p525.npz,runs/accdm/accdm_scan_lowf_q1001_v2/theory/accdm_logm16_logfm1p525.npz
16.1428571429|-1.5250000000,upper_grid,fit,low_q1001,/home/2/ks405818/Master/lyalpha_one_loop/runs/accdm/accdm_scan_lowf_q1001_v2/fits/accdm_logm16p1428571428571_logfm1p525.json,runs/accdm/accdm_scan_lowf_q1001_v2/fits/accdm_logm16p1428571428571_logfm1p525.json
16.1428571429|-1.5250000000,upper_grid,theory,low_q1001,/home/2/ks405818/Master/lyalpha_one_loop/runs/accdm/accdm_scan_lowf_q1001_v2/theory/accdm_logm16p1428571428571_logfm1p525.npz,runs/accdm/accdm_scan_lowf_q1001_v2/theory/accdm_logm16p1428571428571_logfm1p525.npz
16.2857142857|-1.5250000000,upper_grid,fit,low_q1001,/home/2/ks405818/Master/lyalpha_one_loop/runs/accdm/accdm_scan_lowf_q1001_v2/fits/accdm_logm16p2857142857143_logfm1p525.json,runs/accdm/accdm_scan_lowf_q1001_v2/fits/accdm_logm16p2857142857143_logfm1p525.json
16.2857142857|-1.5250000000,upper_grid,theory,low_q1001,/home/2/ks405818/Master/lyalpha_one_loop/runs/accdm/accdm_scan_lowf_q1001_v2/theory/accdm_logm16p2857142857143_logfm1p525.npz,runs/accdm/accdm_scan_lowf_q1001_v2/theory/accdm_logm16p2857142857143_logfm1p525.npz
16.4285714286|-1.5250000000,upper_grid,fit,low_q1001,/home/2/ks405818/Master/lyalpha_one_loop/runs/accdm/accdm_scan_lowf_q1001_v2/fits/accdm_logm16p4285714285714_logfm1p525.json,runs/accdm/accdm_scan_lowf_q1001_v2/fits/accdm_logm16p4285714285714_logfm1p525.json
16.4285714286|-1.5250000000,upper_grid,theory,low_q1001,/home/2/ks405818/Master/lyalpha_one_loop/runs/accdm/accdm_scan_lowf_q1001_v2/theory/accdm_logm16p4285714285714_logfm1p525.npz,runs/accdm/accdm_scan_lowf_q1001_v2/theory/accdm_logm16p4285714285714_logfm1p525.npz
16.5714285714|-1.5250000000,upper_grid,fit,low_q1001,/home/2/ks405818/Master/lyalpha_one_loop/runs/accdm/accdm_scan_lowf_q1001_v2/fits/accdm_logm16p5714285714286_logfm1p525.json,runs/accdm/accdm_scan_lowf_q1001_v2/fits/accdm_logm16p5714285714286_logfm1p525.json
16.5714285714|-1.5250000000,upper_grid,theory,low_q1001,/home/2/ks405818/Master/lyalpha_one_loop/runs/accdm/accdm_scan_lowf_q1001_v2/theory/accdm_logm16p5714285714286_logfm1p525.npz,runs/accdm/accdm_scan_lowf_q1001_v2/theory/accdm_logm16p5714285714286_logfm1p525.npz
16.7142857143|-1.5250000000,upper_grid,fit,low_q1001,/home/2/ks405818/Master/lyalpha_one_loop/runs/accdm/accdm_scan_lowf_q1001_v2/fits/accdm_logm16p7142857142857_logfm1p525.json,runs/accdm/accdm_scan_lowf_q1001_v2/fits/accdm_logm16p7142857142857_logfm1p525.json
16.7142857143|-1.5250000000,upper_grid,theory,low_q1001,/home/2/ks405818/Master/lyalpha_one_loop/runs/accdm/accdm_scan_lowf_q1001_v2/theory/accdm_logm16p7142857142857_logfm1p525.npz,runs/accdm/accdm_scan_lowf_q1001_v2/theory/accdm_logm16p7142857142857_logfm1p525.npz
16.8571428571|-1.5250000000,upper_grid,fit,low_q1001,/home/2/ks405818/Master/lyalpha_one_loop/runs/accdm/accdm_scan_lowf_q1001_v2/fits/accdm_logm16p8571428571429_logfm1p525.json,runs/accdm/accdm_scan_lowf_q1001_v2/fits/accdm_logm16p8571428571429_logfm1p525.json
16.8571428571|-1.5250000000,upper_grid,theory,low_q1001,/home/2/ks405818/Master/lyalpha_one_loop/runs/accdm/accdm_scan_lowf_q1001_v2/theory/accdm_logm16p8571428571429_logfm1p525.npz,runs/accdm/accdm_scan_lowf_q1001_v2/theory/accdm_logm16p8571428571429_logfm1p525.npz
17.0000000000|-1.5250000000,upper_grid,fit,low_q1001,/home/2/ks405818/Master/lyalpha_one_loop/runs/accdm/accdm_scan_lowf_q1001_v2/fits/accdm_logm17_logfm1p525.json,runs/accdm/accdm_scan_lowf_q1001_v2/fits/accdm_logm17_logfm1p525.json
17.0000000000|-1.5250000000,upper_grid,theory,low_q1001,/home/2/ks405818/Master/lyalpha_one_loop/runs/accdm/accdm_scan_lowf_q1001_v2/theory/accdm_logm17_logfm1p525.npz,runs/accdm/accdm_scan_lowf_q1001_v2/theory/accdm_logm17_logfm1p525.npz
17.1428571429|-1.5250000000,upper_grid,fit,low_q1001,/home/2/ks405818/Master/lyalpha_one_loop/runs/accdm/accdm_scan_lowf_q1001_v2/fits/accdm_logm17p1428571428571_logfm1p525.json,runs/accdm/accdm_scan_lowf_q1001_v2/fits/accdm_logm17p1428571428571_logfm1p525.json
17.1428571429|-1.5250000000,upper_grid,theory,low_q1001,/home/2/ks405818/Master/lyalpha_one_loop/runs/accdm/accdm_scan_lowf_q1001_v2/theory/accdm_logm17p1428571428571_logfm1p525.npz,runs/accdm/accdm_scan_lowf_q1001_v2/theory/accdm_logm17p1428571428571_logfm1p525.npz
17.2857142857|-1.5250000000,upper_grid,fit,low_q1001,/home/2/ks405818/Master/lyalpha_one_loop/runs/accdm/accdm_scan_lowf_q1001_v2/fits/accdm_logm17p2857142857143_logfm1p525.json,runs/accdm/accdm_scan_lowf_q1001_v2/fits/accdm_logm17p2857142857143_logfm1p525.json
17.2857142857|-1.5250000000,upper_grid,theory,low_q1001,/home/2/ks405818/Master/lyalpha_one_loop/runs/accdm/accdm_scan_lowf_q1001_v2/theory/accdm_logm17p2857142857143_logfm1p525.npz,runs/accdm/accdm_scan_lowf_q1001_v2/theory/accdm_logm17p2857142857143_logfm1p525.npz
17.4285714286|-1.5250000000,upper_grid,fit,low_q1001,/home/2/ks405818/Master/lyalpha_one_loop/runs/accdm/accdm_scan_lowf_q1001_v2/fits/accdm_logm17p4285714285714_logfm1p525.json,runs/accdm/accdm_scan_lowf_q1001_v2/fits/accdm_logm17p4285714285714_logfm1p525.json
17.4285714286|-1.5250000000,upper_grid,theory,low_q1001,/home/2/ks405818/Master/lyalpha_one_loop/runs/accdm/accdm_scan_lowf_q1001_v2/theory/accdm_logm17p4285714285714_logfm1p525.npz,runs/accdm/accdm_scan_lowf_q1001_v2/theory/accdm_logm17p4285714285714_logfm1p525.npz
17.5714285714|-1.5250000000,upper_grid,fit,low_q1001,/home/2/ks405818/Master/lyalpha_one_loop/runs/accdm/accdm_scan_lowf_q1001_v2/fits/accdm_logm17p5714285714286_logfm1p525.json,runs/accdm/accdm_scan_lowf_q1001_v2/fits/accdm_logm17p5714285714286_logfm1p525.json
17.5714285714|-1.5250000000,upper_grid,theory,low_q1001,/home/2/ks405818/Master/lyalpha_one_loop/runs/accdm/accdm_scan_lowf_q1001_v2/theory/accdm_logm17p5714285714286_logfm1p525.npz,runs/accdm/accdm_scan_lowf_q1001_v2/theory/accdm_logm17p5714285714286_logfm1p525.npz
17.7142857143|-1.5250000000,upper_grid,fit,low_q1001,/home/2/ks405818/Master/lyalpha_one_loop/runs/accdm/accdm_scan_lowf_q1001_v2/fits/accdm_logm17p7142857142857_logfm1p525.json,runs/accdm/accdm_scan_lowf_q1001_v2/fits/accdm_logm17p7142857142857_logfm1p525.json
17.7142857143|-1.5250000000,upper_grid,theory,low_q1001,/home/2/ks405818/Master/lyalpha_one_loop/runs/accdm/accdm_scan_lowf_q1001_v2/theory/accdm_logm17p7142857142857_logfm1p525.npz,runs/accdm/accdm_scan_lowf_q1001_v2/theory/accdm_logm17p7142857142857_logfm1p525.npz
17.8571428571|-1.5250000000,upper_grid,fit,low_q1001,/home/2/ks405818/Master/lyalpha_one_loop/runs/accdm/accdm_scan_lowf_q1001_v2/fits/accdm_logm17p8571428571429_logfm1p525.json,runs/accdm/accdm_scan_lowf_q1001_v2/fits/accdm_logm17p8571428571429_logfm1p525.json
17.8571428571|-1.5250000000,upper_grid,theory,low_q1001,/home/2/ks405818/Master/lyalpha_one_loop/runs/accdm/accdm_scan_lowf_q1001_v2/theory/accdm_logm17p8571428571429_logfm1p525.npz,runs/accdm/accdm_scan_lowf_q1001_v2/theory/accdm_logm17p8571428571429_logfm1p525.npz
18.0000000000|-1.5250000000,upper_grid,fit,low_q1001,/home/2/ks405818/Master/lyalpha_one_loop/runs/accdm/accdm_scan_lowf_q1001_v2/fits/accdm_logm18_logfm1p525.json,runs/accdm/accdm_scan_lowf_q1001_v2/fits/accdm_logm18_logfm1p525.json
18.0000000000|-1.5250000000,upper_grid,theory,low_q1001,/home/2/ks405818/Master/lyalpha_one_loop/runs/accdm/accdm_scan_lowf_q1001_v2/theory/accdm_logm18_logfm1p525.npz,runs/accdm/accdm_scan_lowf_q1001_v2/theory/accdm_logm18_logfm1p525.npz
18.1428571429|-1.5250000000,upper_grid,fit,loweps_low_q1001,/home/2/ks405818/Master/lyalpha_one_loop/runs/accdm/accdm_scan_loweps_lowf_q1001_v1/fits/accdm_logm18p1428571428571_logfm1p525.json,runs/accdm/accdm_scan_loweps_lowf_q1001_v1/fits/accdm_logm18p1428571428571_logfm1p525.json
18.1428571429|-1.5250000000,upper_grid,theory,loweps_low_q1001,/home/2/ks405818/Master/lyalpha_one_loop/runs/accdm/accdm_scan_loweps_lowf_q1001_v1/theory/accdm_logm18p1428571428571_logfm1p525.npz,runs/accdm/accdm_scan_loweps_lowf_q1001_v1/theory/accdm_logm18p1428571428571_logfm1p525.npz
18.2857142857|-1.5250000000,upper_grid,fit,loweps_low_q1001,/home/2/ks405818/Master/lyalpha_one_loop/runs/accdm/accdm_scan_loweps_lowf_q1001_v1/fits/accdm_logm18p2857142857143_logfm1p525.json,runs/accdm/accdm_scan_loweps_lowf_q1001_v1/fits/accdm_logm18p2857142857143_logfm1p525.json
18.2857142857|-1.5250000000,upper_grid,theory,loweps_low_q1001,/home/2/ks405818/Master/lyalpha_one_loop/runs/accdm/accdm_scan_loweps_lowf_q1001_v1/theory/accdm_logm18p2857142857143_logfm1p525.npz,runs/accdm/accdm_scan_loweps_lowf_q1001_v1/theory/accdm_logm18p2857142857143_logfm1p525.npz
18.4285714286|-1.5250000000,upper_grid,fit,loweps_low_q1001,/home/2/ks405818/Master/lyalpha_one_loop/runs/accdm/accdm_scan_loweps_lowf_q1001_v1/fits/accdm_logm18p4285714285714_logfm1p525.json,runs/accdm/accdm_scan_loweps_lowf_q1001_v1/fits/accdm_logm18p4285714285714_logfm1p525.json
18.4285714286|-1.5250000000,upper_grid,theory,loweps_low_q1001,/home/2/ks405818/Master/lyalpha_one_loop/runs/accdm/accdm_scan_loweps_lowf_q1001_v1/theory/accdm_logm18p4285714285714_logfm1p525.npz,runs/accdm/accdm_scan_loweps_lowf_q1001_v1/theory/accdm_logm18p4285714285714_logfm1p525.npz
18.5714285714|-1.5250000000,upper_grid,fit,loweps_low_q1001,/home/2/ks405818/Master/lyalpha_one_loop/runs/accdm/accdm_scan_loweps_lowf_q1001_v1/fits/accdm_logm18p5714285714286_logfm1p525.json,runs/accdm/accdm_scan_loweps_lowf_q1001_v1/fits/accdm_logm18p5714285714286_logfm1p525.json
18.5714285714|-1.5250000000,upper_grid,theory,loweps_low_q1001,/home/2/ks405818/Master/lyalpha_one_loop/runs/accdm/accdm_scan_loweps_lowf_q1001_v1/theory/accdm_logm18p5714285714286_logfm1p525.npz,runs/accdm/accdm_scan_loweps_lowf_q1001_v1/theory/accdm_logm18p5714285714286_logfm1p525.npz
18.7142857143|-1.5250000000,upper_grid,fit,loweps_low_q1001,/home/2/ks405818/Master/lyalpha_one_loop/runs/accdm/accdm_scan_loweps_lowf_q1001_v1/fits/accdm_logm18p7142857142857_logfm1p525.json,runs/accdm/accdm_scan_loweps_lowf_q1001_v1/fits/accdm_logm18p7142857142857_logfm1p525.json
18.7142857143|-1.5250000000,upper_grid,theory,loweps_low_q1001,/home/2/ks405818/Master/lyalpha_one_loop/runs/accdm/accdm_scan_loweps_lowf_q1001_v1/theory/accdm_logm18p7142857142857_logfm1p525.npz,runs/accdm/accdm_scan_loweps_lowf_q1001_v1/theory/accdm_logm18p7142857142857_logfm1p525.npz
18.8571428571|-1.5250000000,upper_grid,fit,loweps_low_q1001,/home/2/ks405818/Master/lyalpha_one_loop/runs/accdm/accdm_scan_loweps_lowf_q1001_v1/fits/accdm_logm18p8571428571429_logfm1p525.json,runs/accdm/accdm_scan_loweps_lowf_q1001_v1/fits/accdm_logm18p8571428571429_logfm1p525.json
18.8571428571|-1.5250000000,upper_grid,theory,loweps_low_q1001,/home/2/ks405818/Master/lyalpha_one_loop/runs/accdm/accdm_scan_loweps_lowf_q1001_v1/theory/accdm_logm18p8571428571429_logfm1p525.npz,runs/accdm/accdm_scan_loweps_lowf_q1001_v1/theory/accdm_logm18p8571428571429_logfm1p525.npz
19.0000000000|-1.5250000000,upper_grid,fit,loweps_low_q1001,/home/2/ks405818/Master/lyalpha_one_loop/runs/accdm/accdm_scan_loweps_lowf_q1001_v1/fits/accdm_logm19_logfm1p525.json,runs/accdm/accdm_scan_loweps_lowf_q1001_v1/fits/accdm_logm19_logfm1p525.json
19.0000000000|-1.5250000000,upper_grid,theory,loweps_low_q1001,/home/2/ks405818/Master/lyalpha_one_loop/runs/accdm/accdm_scan_loweps_lowf_q1001_v1/theory/accdm_logm19_logfm1p525.npz,runs/accdm/accdm_scan_loweps_lowf_q1001_v1/theory/accdm_logm19_logfm1p525.npz
19.1428571429|-1.5250000000,upper_grid,fit,loweps_low_q1001,/home/2/ks405818/Master/lyalpha_one_loop/runs/accdm/accdm_scan_loweps_lowf_q1001_v1/fits/accdm_logm19p1428571428571_logfm1p525.json,runs/accdm/accdm_scan_loweps_lowf_q1001_v1/fits/accdm_logm19p1428571428571_logfm1p525.json
19.1428571429|-1.5250000000,upper_grid,theory,loweps_low_q1001,/home/2/ks405818/Master/lyalpha_one_loop/runs/accdm/accdm_scan_loweps_lowf_q1001_v1/theory/accdm_logm19p1428571428571_logfm1p525.npz,runs/accdm/accdm_scan_loweps_lowf_q1001_v1/theory/accdm_logm19p1428571428571_logfm1p525.npz
19.2857142857|-1.5250000000,upper_grid,fit,loweps_low_q1001,/home/2/ks405818/Master/lyalpha_one_loop/runs/accdm/accdm_scan_loweps_lowf_q1001_v1/fits/accdm_logm19p2857142857143_logfm1p525.json,runs/accdm/accdm_scan_loweps_lowf_q1001_v1/fits/accdm_logm19p2857142857143_logfm1p525.json
19.2857142857|-1.5250000000,upper_grid,theory,loweps_low_q1001,/home/2/ks405818/Master/lyalpha_one_loop/runs/accdm/accdm_scan_loweps_lowf_q1001_v1/theory/accdm_logm19p2857142857143_logfm1p525.npz,runs/accdm/accdm_scan_loweps_lowf_q1001_v1/theory/accdm_logm19p2857142857143_logfm1p525.npz
19.4285714286|-1.5250000000,upper_grid,fit,loweps_low_q1001,/home/2/ks405818/Master/lyalpha_one_loop/runs/accdm/accdm_scan_loweps_lowf_q1001_v1/fits/accdm_logm19p4285714285714_logfm1p525.json,runs/accdm/accdm_scan_loweps_lowf_q1001_v1/fits/accdm_logm19p4285714285714_logfm1p525.json
19.4285714286|-1.5250000000,upper_grid,theory,loweps_low_q1001,/home/2/ks405818/Master/lyalpha_one_loop/runs/accdm/accdm_scan_loweps_lowf_q1001_v1/theory/accdm_logm19p4285714285714_logfm1p525.npz,runs/accdm/accdm_scan_loweps_lowf_q1001_v1/theory/accdm_logm19p4285714285714_logfm1p525.npz
11.0000000000|-1.4500000000,upper_grid,fit,low_q1001,/home/2/ks405818/Master/lyalpha_one_loop/runs/accdm/accdm_scan_lowf_q1001_v2/fits/accdm_logm11_logfm1p45.json,runs/accdm/accdm_scan_lowf_q1001_v2/fits/accdm_logm11_logfm1p45.json
11.0000000000|-1.4500000000,upper_grid,theory,low_q1001,/home/2/ks405818/Master/lyalpha_one_loop/runs/accdm/accdm_scan_lowf_q1001_v2/theory/accdm_logm11_logfm1p45.npz,runs/accdm/accdm_scan_lowf_q1001_v2/theory/accdm_logm11_logfm1p45.npz
11.1428571429|-1.4500000000,upper_grid,fit,low_q1001,/home/2/ks405818/Master/lyalpha_one_loop/runs/accdm/accdm_scan_lowf_q1001_v2/fits/accdm_logm11p1428571428571_logfm1p45.json,runs/accdm/accdm_scan_lowf_q1001_v2/fits/accdm_logm11p1428571428571_logfm1p45.json
11.1428571429|-1.4500000000,upper_grid,theory,low_q1001,/home/2/ks405818/Master/lyalpha_one_loop/runs/accdm/accdm_scan_lowf_q1001_v2/theory/accdm_logm11p1428571428571_logfm1p45.npz,runs/accdm/accdm_scan_lowf_q1001_v2/theory/accdm_logm11p1428571428571_logfm1p45.npz
11.2857142857|-1.4500000000,upper_grid,fit,low_q1001,/home/2/ks405818/Master/lyalpha_one_loop/runs/accdm/accdm_scan_lowf_q1001_v2/fits/accdm_logm11p2857142857143_logfm1p45.json,runs/accdm/accdm_scan_lowf_q1001_v2/fits/accdm_logm11p2857142857143_logfm1p45.json
11.2857142857|-1.4500000000,upper_grid,theory,low_q1001,/home/2/ks405818/Master/lyalpha_one_loop/runs/accdm/accdm_scan_lowf_q1001_v2/theory/accdm_logm11p2857142857143_logfm1p45.npz,runs/accdm/accdm_scan_lowf_q1001_v2/theory/accdm_logm11p2857142857143_logfm1p45.npz
11.4285714286|-1.4500000000,upper_grid,fit,low_q1001,/home/2/ks405818/Master/lyalpha_one_loop/runs/accdm/accdm_scan_lowf_q1001_v2/fits/accdm_logm11p4285714285714_logfm1p45.json,runs/accdm/accdm_scan_lowf_q1001_v2/fits/accdm_logm11p4285714285714_logfm1p45.json
11.4285714286|-1.4500000000,upper_grid,theory,low_q1001,/home/2/ks405818/Master/lyalpha_one_loop/runs/accdm/accdm_scan_lowf_q1001_v2/theory/accdm_logm11p4285714285714_logfm1p45.npz,runs/accdm/accdm_scan_lowf_q1001_v2/theory/accdm_logm11p4285714285714_logfm1p45.npz
11.5714285714|-1.4500000000,upper_grid,fit,low_q1001,/home/2/ks405818/Master/lyalpha_one_loop/runs/accdm/accdm_scan_lowf_q1001_v2/fits/accdm_logm11p5714285714286_logfm1p45.json,runs/accdm/accdm_scan_lowf_q1001_v2/fits/accdm_logm11p5714285714286_logfm1p45.json
11.5714285714|-1.4500000000,upper_grid,theory,low_q1001,/home/2/ks405818/Master/lyalpha_one_loop/runs/accdm/accdm_scan_lowf_q1001_v2/theory/accdm_logm11p5714285714286_logfm1p45.npz,runs/accdm/accdm_scan_lowf_q1001_v2/theory/accdm_logm11p5714285714286_logfm1p45.npz
11.7142857143|-1.4500000000,upper_grid,fit,low_q1001,/home/2/ks405818/Master/lyalpha_one_loop/runs/accdm/accdm_scan_lowf_q1001_v2/fits/accdm_logm11p7142857142857_logfm1p45.json,runs/accdm/accdm_scan_lowf_q1001_v2/fits/accdm_logm11p7142857142857_logfm1p45.json
11.7142857143|-1.4500000000,upper_grid,theory,low_q1001,/home/2/ks405818/Master/lyalpha_one_loop/runs/accdm/accdm_scan_lowf_q1001_v2/theory/accdm_logm11p7142857142857_logfm1p45.npz,runs/accdm/accdm_scan_lowf_q1001_v2/theory/accdm_logm11p7142857142857_logfm1p45.npz
11.8571428571|-1.4500000000,upper_grid,fit,low_q1001,/home/2/ks405818/Master/lyalpha_one_loop/runs/accdm/accdm_scan_lowf_q1001_v2/fits/accdm_logm11p8571428571429_logfm1p45.json,runs/accdm/accdm_scan_lowf_q1001_v2/fits/accdm_logm11p8571428571429_logfm1p45.json
11.8571428571|-1.4500000000,upper_grid,theory,low_q1001,/home/2/ks405818/Master/lyalpha_one_loop/runs/accdm/accdm_scan_lowf_q1001_v2/theory/accdm_logm11p8571428571429_logfm1p45.npz,runs/accdm/accdm_scan_lowf_q1001_v2/theory/accdm_logm11p8571428571429_logfm1p45.npz
12.0000000000|-1.4500000000,upper_grid,fit,low_q1001,/home/2/ks405818/Master/lyalpha_one_loop/runs/accdm/accdm_scan_lowf_q1001_v2/fits/accdm_logm12_logfm1p45.json,runs/accdm/accdm_scan_lowf_q1001_v2/fits/accdm_logm12_logfm1p45.json
12.0000000000|-1.4500000000,upper_grid,theory,low_q1001,/home/2/ks405818/Master/lyalpha_one_loop/runs/accdm/accdm_scan_lowf_q1001_v2/theory/accdm_logm12_logfm1p45.npz,runs/accdm/accdm_scan_lowf_q1001_v2/theory/accdm_logm12_logfm1p45.npz
12.1428571429|-1.4500000000,upper_grid,fit,low_q1001,/home/2/ks405818/Master/lyalpha_one_loop/runs/accdm/accdm_scan_lowf_q1001_v2/fits/accdm_logm12p1428571428571_logfm1p45.json,runs/accdm/accdm_scan_lowf_q1001_v2/fits/accdm_logm12p1428571428571_logfm1p45.json
12.1428571429|-1.4500000000,upper_grid,theory,low_q1001,/home/2/ks405818/Master/lyalpha_one_loop/runs/accdm/accdm_scan_lowf_q1001_v2/theory/accdm_logm12p1428571428571_logfm1p45.npz,runs/accdm/accdm_scan_lowf_q1001_v2/theory/accdm_logm12p1428571428571_logfm1p45.npz
12.2857142857|-1.4500000000,upper_grid,fit,low_q1001,/home/2/ks405818/Master/lyalpha_one_loop/runs/accdm/accdm_scan_lowf_q1001_v2/fits/accdm_logm12p2857142857143_logfm1p45.json,runs/accdm/accdm_scan_lowf_q1001_v2/fits/accdm_logm12p2857142857143_logfm1p45.json
12.2857142857|-1.4500000000,upper_grid,theory,low_q1001,/home/2/ks405818/Master/lyalpha_one_loop/runs/accdm/accdm_scan_lowf_q1001_v2/theory/accdm_logm12p2857142857143_logfm1p45.npz,runs/accdm/accdm_scan_lowf_q1001_v2/theory/accdm_logm12p2857142857143_logfm1p45.npz
12.4285714286|-1.4500000000,upper_grid,fit,low_q1001,/home/2/ks405818/Master/lyalpha_one_loop/runs/accdm/accdm_scan_lowf_q1001_v2/fits/accdm_logm12p4285714285714_logfm1p45.json,runs/accdm/accdm_scan_lowf_q1001_v2/fits/accdm_logm12p4285714285714_logfm1p45.json
12.4285714286|-1.4500000000,upper_grid,theory,low_q1001,/home/2/ks405818/Master/lyalpha_one_loop/runs/accdm/accdm_scan_lowf_q1001_v2/theory/accdm_logm12p4285714285714_logfm1p45.npz,runs/accdm/accdm_scan_lowf_q1001_v2/theory/accdm_logm12p4285714285714_logfm1p45.npz
12.5714285714|-1.4500000000,upper_grid,fit,low_q1001,/home/2/ks405818/Master/lyalpha_one_loop/runs/accdm/accdm_scan_lowf_q1001_v2/fits/accdm_logm12p5714285714286_logfm1p45.json,runs/accdm/accdm_scan_lowf_q1001_v2/fits/accdm_logm12p5714285714286_logfm1p45.json
12.5714285714|-1.4500000000,upper_grid,theory,low_q1001,/home/2/ks405818/Master/lyalpha_one_loop/runs/accdm/accdm_scan_lowf_q1001_v2/theory/accdm_logm12p5714285714286_logfm1p45.npz,runs/accdm/accdm_scan_lowf_q1001_v2/theory/accdm_logm12p5714285714286_logfm1p45.npz
12.7142857143|-1.4500000000,upper_grid,fit,low_q1001,/home/2/ks405818/Master/lyalpha_one_loop/runs/accdm/accdm_scan_lowf_q1001_v2/fits/accdm_logm12p7142857142857_logfm1p45.json,runs/accdm/accdm_scan_lowf_q1001_v2/fits/accdm_logm12p7142857142857_logfm1p45.json
12.7142857143|-1.4500000000,upper_grid,theory,low_q1001,/home/2/ks405818/Master/lyalpha_one_loop/runs/accdm/accdm_scan_lowf_q1001_v2/theory/accdm_logm12p7142857142857_logfm1p45.npz,runs/accdm/accdm_scan_lowf_q1001_v2/theory/accdm_logm12p7142857142857_logfm1p45.npz
12.8571428571|-1.4500000000,upper_grid,fit,low_q1001,/home/2/ks405818/Master/lyalpha_one_loop/runs/accdm/accdm_scan_lowf_q1001_v2/fits/accdm_logm12p8571428571429_logfm1p45.json,runs/accdm/accdm_scan_lowf_q1001_v2/fits/accdm_logm12p8571428571429_logfm1p45.json
12.8571428571|-1.4500000000,upper_grid,theory,low_q1001,/home/2/ks405818/Master/lyalpha_one_loop/runs/accdm/accdm_scan_lowf_q1001_v2/theory/accdm_logm12p8571428571429_logfm1p45.npz,runs/accdm/accdm_scan_lowf_q1001_v2/theory/accdm_logm12p8571428571429_logfm1p45.npz
13.0000000000|-1.4500000000,upper_grid,fit,low_q1001,/home/2/ks405818/Master/lyalpha_one_loop/runs/accdm/accdm_scan_lowf_q1001_v2/fits/accdm_logm13_logfm1p45.json,runs/accdm/accdm_scan_lowf_q1001_v2/fits/accdm_logm13_logfm1p45.json
13.0000000000|-1.4500000000,upper_grid,theory,low_q1001,/home/2/ks405818/Master/lyalpha_one_loop/runs/accdm/accdm_scan_lowf_q1001_v2/theory/accdm_logm13_logfm1p45.npz,runs/accdm/accdm_scan_lowf_q1001_v2/theory/accdm_logm13_logfm1p45.npz
13.1428571429|-1.4500000000,upper_grid,fit,low_q1001,/home/2/ks405818/Master/lyalpha_one_loop/runs/accdm/accdm_scan_lowf_q1001_v2/fits/accdm_logm13p1428571428571_logfm1p45.json,runs/accdm/accdm_scan_lowf_q1001_v2/fits/accdm_logm13p1428571428571_logfm1p45.json
13.1428571429|-1.4500000000,upper_grid,theory,low_q1001,/home/2/ks405818/Master/lyalpha_one_loop/runs/accdm/accdm_scan_lowf_q1001_v2/theory/accdm_logm13p1428571428571_logfm1p45.npz,runs/accdm/accdm_scan_lowf_q1001_v2/theory/accdm_logm13p1428571428571_logfm1p45.npz
13.2857142857|-1.4500000000,upper_grid,fit,low_q1001,/home/2/ks405818/Master/lyalpha_one_loop/runs/accdm/accdm_scan_lowf_q1001_v2/fits/accdm_logm13p2857142857143_logfm1p45.json,runs/accdm/accdm_scan_lowf_q1001_v2/fits/accdm_logm13p2857142857143_logfm1p45.json
13.2857142857|-1.4500000000,upper_grid,theory,low_q1001,/home/2/ks405818/Master/lyalpha_one_loop/runs/accdm/accdm_scan_lowf_q1001_v2/theory/accdm_logm13p2857142857143_logfm1p45.npz,runs/accdm/accdm_scan_lowf_q1001_v2/theory/accdm_logm13p2857142857143_logfm1p45.npz
13.4285714286|-1.4500000000,upper_grid,fit,low_q1001,/home/2/ks405818/Master/lyalpha_one_loop/runs/accdm/accdm_scan_lowf_q1001_v2/fits/accdm_logm13p4285714285714_logfm1p45.json,runs/accdm/accdm_scan_lowf_q1001_v2/fits/accdm_logm13p4285714285714_logfm1p45.json
13.4285714286|-1.4500000000,upper_grid,theory,low_q1001,/home/2/ks405818/Master/lyalpha_one_loop/runs/accdm/accdm_scan_lowf_q1001_v2/theory/accdm_logm13p4285714285714_logfm1p45.npz,runs/accdm/accdm_scan_lowf_q1001_v2/theory/accdm_logm13p4285714285714_logfm1p45.npz
13.5714285714|-1.4500000000,upper_grid,fit,low_q1001,/home/2/ks405818/Master/lyalpha_one_loop/runs/accdm/accdm_scan_lowf_q1001_v2/fits/accdm_logm13p5714285714286_logfm1p45.json,runs/accdm/accdm_scan_lowf_q1001_v2/fits/accdm_logm13p5714285714286_logfm1p45.json
13.5714285714|-1.4500000000,upper_grid,theory,low_q1001,/home/2/ks405818/Master/lyalpha_one_loop/runs/accdm/accdm_scan_lowf_q1001_v2/theory/accdm_logm13p5714285714286_logfm1p45.npz,runs/accdm/accdm_scan_lowf_q1001_v2/theory/accdm_logm13p5714285714286_logfm1p45.npz
13.7142857143|-1.4500000000,upper_grid,fit,low_q1001,/home/2/ks405818/Master/lyalpha_one_loop/runs/accdm/accdm_scan_lowf_q1001_v2/fits/accdm_logm13p7142857142857_logfm1p45.json,runs/accdm/accdm_scan_lowf_q1001_v2/fits/accdm_logm13p7142857142857_logfm1p45.json
13.7142857143|-1.4500000000,upper_grid,theory,low_q1001,/home/2/ks405818/Master/lyalpha_one_loop/runs/accdm/accdm_scan_lowf_q1001_v2/theory/accdm_logm13p7142857142857_logfm1p45.npz,runs/accdm/accdm_scan_lowf_q1001_v2/theory/accdm_logm13p7142857142857_logfm1p45.npz
13.8571428571|-1.4500000000,upper_grid,fit,low_q1001,/home/2/ks405818/Master/lyalpha_one_loop/runs/accdm/accdm_scan_lowf_q1001_v2/fits/accdm_logm13p8571428571429_logfm1p45.json,runs/accdm/accdm_scan_lowf_q1001_v2/fits/accdm_logm13p8571428571429_logfm1p45.json
13.8571428571|-1.4500000000,upper_grid,theory,low_q1001,/home/2/ks405818/Master/lyalpha_one_loop/runs/accdm/accdm_scan_lowf_q1001_v2/theory/accdm_logm13p8571428571429_logfm1p45.npz,runs/accdm/accdm_scan_lowf_q1001_v2/theory/accdm_logm13p8571428571429_logfm1p45.npz
14.0000000000|-1.4500000000,upper_grid,fit,low_q1001,/home/2/ks405818/Master/lyalpha_one_loop/runs/accdm/accdm_scan_lowf_q1001_v2/fits/accdm_logm14_logfm1p45.json,runs/accdm/accdm_scan_lowf_q1001_v2/fits/accdm_logm14_logfm1p45.json
14.0000000000|-1.4500000000,upper_grid,theory,low_q1001,/home/2/ks405818/Master/lyalpha_one_loop/runs/accdm/accdm_scan_lowf_q1001_v2/theory/accdm_logm14_logfm1p45.npz,runs/accdm/accdm_scan_lowf_q1001_v2/theory/accdm_logm14_logfm1p45.npz
14.1428571429|-1.4500000000,upper_grid,fit,low_q1001,/home/2/ks405818/Master/lyalpha_one_loop/runs/accdm/accdm_scan_lowf_q1001_v2/fits/accdm_logm14p1428571428571_logfm1p45.json,runs/accdm/accdm_scan_lowf_q1001_v2/fits/accdm_logm14p1428571428571_logfm1p45.json
14.1428571429|-1.4500000000,upper_grid,theory,low_q1001,/home/2/ks405818/Master/lyalpha_one_loop/runs/accdm/accdm_scan_lowf_q1001_v2/theory/accdm_logm14p1428571428571_logfm1p45.npz,runs/accdm/accdm_scan_lowf_q1001_v2/theory/accdm_logm14p1428571428571_logfm1p45.npz
14.2857142857|-1.4500000000,upper_grid,fit,low_q1001,/home/2/ks405818/Master/lyalpha_one_loop/runs/accdm/accdm_scan_lowf_q1001_v2/fits/accdm_logm14p2857142857143_logfm1p45.json,runs/accdm/accdm_scan_lowf_q1001_v2/fits/accdm_logm14p2857142857143_logfm1p45.json
14.2857142857|-1.4500000000,upper_grid,theory,low_q1001,/home/2/ks405818/Master/lyalpha_one_loop/runs/accdm/accdm_scan_lowf_q1001_v2/theory/accdm_logm14p2857142857143_logfm1p45.npz,runs/accdm/accdm_scan_lowf_q1001_v2/theory/accdm_logm14p2857142857143_logfm1p45.npz
14.4285714286|-1.4500000000,upper_grid,fit,low_q1001,/home/2/ks405818/Master/lyalpha_one_loop/runs/accdm/accdm_scan_lowf_q1001_v2/fits/accdm_logm14p4285714285714_logfm1p45.json,runs/accdm/accdm_scan_lowf_q1001_v2/fits/accdm_logm14p4285714285714_logfm1p45.json
14.4285714286|-1.4500000000,upper_grid,theory,low_q1001,/home/2/ks405818/Master/lyalpha_one_loop/runs/accdm/accdm_scan_lowf_q1001_v2/theory/accdm_logm14p4285714285714_logfm1p45.npz,runs/accdm/accdm_scan_lowf_q1001_v2/theory/accdm_logm14p4285714285714_logfm1p45.npz
14.5714285714|-1.4500000000,upper_grid,fit,low_q1001,/home/2/ks405818/Master/lyalpha_one_loop/runs/accdm/accdm_scan_lowf_q1001_v2/fits/accdm_logm14p5714285714286_logfm1p45.json,runs/accdm/accdm_scan_lowf_q1001_v2/fits/accdm_logm14p5714285714286_logfm1p45.json
14.5714285714|-1.4500000000,upper_grid,theory,low_q1001,/home/2/ks405818/Master/lyalpha_one_loop/runs/accdm/accdm_scan_lowf_q1001_v2/theory/accdm_logm14p5714285714286_logfm1p45.npz,runs/accdm/accdm_scan_lowf_q1001_v2/theory/accdm_logm14p5714285714286_logfm1p45.npz
14.7142857143|-1.4500000000,upper_grid,fit,low_q1001,/home/2/ks405818/Master/lyalpha_one_loop/runs/accdm/accdm_scan_lowf_q1001_v2/fits/accdm_logm14p7142857142857_logfm1p45.json,runs/accdm/accdm_scan_lowf_q1001_v2/fits/accdm_logm14p7142857142857_logfm1p45.json
14.7142857143|-1.4500000000,upper_grid,theory,low_q1001,/home/2/ks405818/Master/lyalpha_one_loop/runs/accdm/accdm_scan_lowf_q1001_v2/theory/accdm_logm14p7142857142857_logfm1p45.npz,runs/accdm/accdm_scan_lowf_q1001_v2/theory/accdm_logm14p7142857142857_logfm1p45.npz
14.8571428571|-1.4500000000,upper_grid,fit,low_q1001,/home/2/ks405818/Master/lyalpha_one_loop/runs/accdm/accdm_scan_lowf_q1001_v2/fits/accdm_logm14p8571428571429_logfm1p45.json,runs/accdm/accdm_scan_lowf_q1001_v2/fits/accdm_logm14p8571428571429_logfm1p45.json
14.8571428571|-1.4500000000,upper_grid,theory,low_q1001,/home/2/ks405818/Master/lyalpha_one_loop/runs/accdm/accdm_scan_lowf_q1001_v2/theory/accdm_logm14p8571428571429_logfm1p45.npz,runs/accdm/accdm_scan_lowf_q1001_v2/theory/accdm_logm14p8571428571429_logfm1p45.npz
15.0000000000|-1.4500000000,upper_grid,fit,low_q1001,/home/2/ks405818/Master/lyalpha_one_loop/runs/accdm/accdm_scan_lowf_q1001_v2/fits/accdm_logm15_logfm1p45.json,runs/accdm/accdm_scan_lowf_q1001_v2/fits/accdm_logm15_logfm1p45.json
15.0000000000|-1.4500000000,upper_grid,theory,low_q1001,/home/2/ks405818/Master/lyalpha_one_loop/runs/accdm/accdm_scan_lowf_q1001_v2/theory/accdm_logm15_logfm1p45.npz,runs/accdm/accdm_scan_lowf_q1001_v2/theory/accdm_logm15_logfm1p45.npz
15.1428571429|-1.4500000000,upper_grid,fit,low_q1001,/home/2/ks405818/Master/lyalpha_one_loop/runs/accdm/accdm_scan_lowf_q1001_v2/fits/accdm_logm15p1428571428571_logfm1p45.json,runs/accdm/accdm_scan_lowf_q1001_v2/fits/accdm_logm15p1428571428571_logfm1p45.json
15.1428571429|-1.4500000000,upper_grid,theory,low_q1001,/home/2/ks405818/Master/lyalpha_one_loop/runs/accdm/accdm_scan_lowf_q1001_v2/theory/accdm_logm15p1428571428571_logfm1p45.npz,runs/accdm/accdm_scan_lowf_q1001_v2/theory/accdm_logm15p1428571428571_logfm1p45.npz
15.2857142857|-1.4500000000,upper_grid,fit,low_q1001,/home/2/ks405818/Master/lyalpha_one_loop/runs/accdm/accdm_scan_lowf_q1001_v2/fits/accdm_logm15p2857142857143_logfm1p45.json,runs/accdm/accdm_scan_lowf_q1001_v2/fits/accdm_logm15p2857142857143_logfm1p45.json
15.2857142857|-1.4500000000,upper_grid,theory,low_q1001,/home/2/ks405818/Master/lyalpha_one_loop/runs/accdm/accdm_scan_lowf_q1001_v2/theory/accdm_logm15p2857142857143_logfm1p45.npz,runs/accdm/accdm_scan_lowf_q1001_v2/theory/accdm_logm15p2857142857143_logfm1p45.npz
15.4285714286|-1.4500000000,upper_grid,fit,low_q1001,/home/2/ks405818/Master/lyalpha_one_loop/runs/accdm/accdm_scan_lowf_q1001_v2/fits/accdm_logm15p4285714285714_logfm1p45.json,runs/accdm/accdm_scan_lowf_q1001_v2/fits/accdm_logm15p4285714285714_logfm1p45.json
15.4285714286|-1.4500000000,upper_grid,theory,low_q1001,/home/2/ks405818/Master/lyalpha_one_loop/runs/accdm/accdm_scan_lowf_q1001_v2/theory/accdm_logm15p4285714285714_logfm1p45.npz,runs/accdm/accdm_scan_lowf_q1001_v2/theory/accdm_logm15p4285714285714_logfm1p45.npz
15.5714285714|-1.4500000000,upper_grid,fit,low_q1001,/home/2/ks405818/Master/lyalpha_one_loop/runs/accdm/accdm_scan_lowf_q1001_v2/fits/accdm_logm15p5714285714286_logfm1p45.json,runs/accdm/accdm_scan_lowf_q1001_v2/fits/accdm_logm15p5714285714286_logfm1p45.json
15.5714285714|-1.4500000000,upper_grid,theory,low_q1001,/home/2/ks405818/Master/lyalpha_one_loop/runs/accdm/accdm_scan_lowf_q1001_v2/theory/accdm_logm15p5714285714286_logfm1p45.npz,runs/accdm/accdm_scan_lowf_q1001_v2/theory/accdm_logm15p5714285714286_logfm1p45.npz
15.7142857143|-1.4500000000,upper_grid,fit,low_q1001,/home/2/ks405818/Master/lyalpha_one_loop/runs/accdm/accdm_scan_lowf_q1001_v2/fits/accdm_logm15p7142857142857_logfm1p45.json,runs/accdm/accdm_scan_lowf_q1001_v2/fits/accdm_logm15p7142857142857_logfm1p45.json
15.7142857143|-1.4500000000,upper_grid,theory,low_q1001,/home/2/ks405818/Master/lyalpha_one_loop/runs/accdm/accdm_scan_lowf_q1001_v2/theory/accdm_logm15p7142857142857_logfm1p45.npz,runs/accdm/accdm_scan_lowf_q1001_v2/theory/accdm_logm15p7142857142857_logfm1p45.npz
15.8571428571|-1.4500000000,upper_grid,fit,low_q1001,/home/2/ks405818/Master/lyalpha_one_loop/runs/accdm/accdm_scan_lowf_q1001_v2/fits/accdm_logm15p8571428571429_logfm1p45.json,runs/accdm/accdm_scan_lowf_q1001_v2/fits/accdm_logm15p8571428571429_logfm1p45.json
15.8571428571|-1.4500000000,upper_grid,theory,low_q1001,/home/2/ks405818/Master/lyalpha_one_loop/runs/accdm/accdm_scan_lowf_q1001_v2/theory/accdm_logm15p8571428571429_logfm1p45.npz,runs/accdm/accdm_scan_lowf_q1001_v2/theory/accdm_logm15p8571428571429_logfm1p45.npz
16.0000000000|-1.4500000000,upper_grid,fit,low_q1001,/home/2/ks405818/Master/lyalpha_one_loop/runs/accdm/accdm_scan_lowf_q1001_v2/fits/accdm_logm16_logfm1p45.json,runs/accdm/accdm_scan_lowf_q1001_v2/fits/accdm_logm16_logfm1p45.json
16.0000000000|-1.4500000000,upper_grid,theory,low_q1001,/home/2/ks405818/Master/lyalpha_one_loop/runs/accdm/accdm_scan_lowf_q1001_v2/theory/accdm_logm16_logfm1p45.npz,runs/accdm/accdm_scan_lowf_q1001_v2/theory/accdm_logm16_logfm1p45.npz
16.1428571429|-1.4500000000,upper_grid,fit,low_q1001,/home/2/ks405818/Master/lyalpha_one_loop/runs/accdm/accdm_scan_lowf_q1001_v2/fits/accdm_logm16p1428571428571_logfm1p45.json,runs/accdm/accdm_scan_lowf_q1001_v2/fits/accdm_logm16p1428571428571_logfm1p45.json
16.1428571429|-1.4500000000,upper_grid,theory,low_q1001,/home/2/ks405818/Master/lyalpha_one_loop/runs/accdm/accdm_scan_lowf_q1001_v2/theory/accdm_logm16p1428571428571_logfm1p45.npz,runs/accdm/accdm_scan_lowf_q1001_v2/theory/accdm_logm16p1428571428571_logfm1p45.npz
16.2857142857|-1.4500000000,upper_grid,fit,low_q1001,/home/2/ks405818/Master/lyalpha_one_loop/runs/accdm/accdm_scan_lowf_q1001_v2/fits/accdm_logm16p2857142857143_logfm1p45.json,runs/accdm/accdm_scan_lowf_q1001_v2/fits/accdm_logm16p2857142857143_logfm1p45.json
16.2857142857|-1.4500000000,upper_grid,theory,low_q1001,/home/2/ks405818/Master/lyalpha_one_loop/runs/accdm/accdm_scan_lowf_q1001_v2/theory/accdm_logm16p2857142857143_logfm1p45.npz,runs/accdm/accdm_scan_lowf_q1001_v2/theory/accdm_logm16p2857142857143_logfm1p45.npz
16.4285714286|-1.4500000000,upper_grid,fit,low_q1001,/home/2/ks405818/Master/lyalpha_one_loop/runs/accdm/accdm_scan_lowf_q1001_v2/fits/accdm_logm16p4285714285714_logfm1p45.json,runs/accdm/accdm_scan_lowf_q1001_v2/fits/accdm_logm16p4285714285714_logfm1p45.json
16.4285714286|-1.4500000000,upper_grid,theory,low_q1001,/home/2/ks405818/Master/lyalpha_one_loop/runs/accdm/accdm_scan_lowf_q1001_v2/theory/accdm_logm16p4285714285714_logfm1p45.npz,runs/accdm/accdm_scan_lowf_q1001_v2/theory/accdm_logm16p4285714285714_logfm1p45.npz
16.5714285714|-1.4500000000,upper_grid,fit,low_q1001,/home/2/ks405818/Master/lyalpha_one_loop/runs/accdm/accdm_scan_lowf_q1001_v2/fits/accdm_logm16p5714285714286_logfm1p45.json,runs/accdm/accdm_scan_lowf_q1001_v2/fits/accdm_logm16p5714285714286_logfm1p45.json
16.5714285714|-1.4500000000,upper_grid,theory,low_q1001,/home/2/ks405818/Master/lyalpha_one_loop/runs/accdm/accdm_scan_lowf_q1001_v2/theory/accdm_logm16p5714285714286_logfm1p45.npz,runs/accdm/accdm_scan_lowf_q1001_v2/theory/accdm_logm16p5714285714286_logfm1p45.npz
16.7142857143|-1.4500000000,upper_grid,fit,low_q1001,/home/2/ks405818/Master/lyalpha_one_loop/runs/accdm/accdm_scan_lowf_q1001_v2/fits/accdm_logm16p7142857142857_logfm1p45.json,runs/accdm/accdm_scan_lowf_q1001_v2/fits/accdm_logm16p7142857142857_logfm1p45.json
16.7142857143|-1.4500000000,upper_grid,theory,low_q1001,/home/2/ks405818/Master/lyalpha_one_loop/runs/accdm/accdm_scan_lowf_q1001_v2/theory/accdm_logm16p7142857142857_logfm1p45.npz,runs/accdm/accdm_scan_lowf_q1001_v2/theory/accdm_logm16p7142857142857_logfm1p45.npz
16.8571428571|-1.4500000000,upper_grid,fit,low_q1001,/home/2/ks405818/Master/lyalpha_one_loop/runs/accdm/accdm_scan_lowf_q1001_v2/fits/accdm_logm16p8571428571429_logfm1p45.json,runs/accdm/accdm_scan_lowf_q1001_v2/fits/accdm_logm16p8571428571429_logfm1p45.json
16.8571428571|-1.4500000000,upper_grid,theory,low_q1001,/home/2/ks405818/Master/lyalpha_one_loop/runs/accdm/accdm_scan_lowf_q1001_v2/theory/accdm_logm16p8571428571429_logfm1p45.npz,runs/accdm/accdm_scan_lowf_q1001_v2/theory/accdm_logm16p8571428571429_logfm1p45.npz
17.0000000000|-1.4500000000,upper_grid,fit,low_q1001,/home/2/ks405818/Master/lyalpha_one_loop/runs/accdm/accdm_scan_lowf_q1001_v2/fits/accdm_logm17_logfm1p45.json,runs/accdm/accdm_scan_lowf_q1001_v2/fits/accdm_logm17_logfm1p45.json
17.0000000000|-1.4500000000,upper_grid,theory,low_q1001,/home/2/ks405818/Master/lyalpha_one_loop/runs/accdm/accdm_scan_lowf_q1001_v2/theory/accdm_logm17_logfm1p45.npz,runs/accdm/accdm_scan_lowf_q1001_v2/theory/accdm_logm17_logfm1p45.npz
17.1428571429|-1.4500000000,upper_grid,fit,low_q1001,/home/2/ks405818/Master/lyalpha_one_loop/runs/accdm/accdm_scan_lowf_q1001_v2/fits/accdm_logm17p1428571428571_logfm1p45.json,runs/accdm/accdm_scan_lowf_q1001_v2/fits/accdm_logm17p1428571428571_logfm1p45.json
17.1428571429|-1.4500000000,upper_grid,theory,low_q1001,/home/2/ks405818/Master/lyalpha_one_loop/runs/accdm/accdm_scan_lowf_q1001_v2/theory/accdm_logm17p1428571428571_logfm1p45.npz,runs/accdm/accdm_scan_lowf_q1001_v2/theory/accdm_logm17p1428571428571_logfm1p45.npz
17.2857142857|-1.4500000000,upper_grid,fit,low_q1001,/home/2/ks405818/Master/lyalpha_one_loop/runs/accdm/accdm_scan_lowf_q1001_v2/fits/accdm_logm17p2857142857143_logfm1p45.json,runs/accdm/accdm_scan_lowf_q1001_v2/fits/accdm_logm17p2857142857143_logfm1p45.json
17.2857142857|-1.4500000000,upper_grid,theory,low_q1001,/home/2/ks405818/Master/lyalpha_one_loop/runs/accdm/accdm_scan_lowf_q1001_v2/theory/accdm_logm17p2857142857143_logfm1p45.npz,runs/accdm/accdm_scan_lowf_q1001_v2/theory/accdm_logm17p2857142857143_logfm1p45.npz
17.4285714286|-1.4500000000,upper_grid,fit,low_q1001,/home/2/ks405818/Master/lyalpha_one_loop/runs/accdm/accdm_scan_lowf_q1001_v2/fits/accdm_logm17p4285714285714_logfm1p45.json,runs/accdm/accdm_scan_lowf_q1001_v2/fits/accdm_logm17p4285714285714_logfm1p45.json
17.4285714286|-1.4500000000,upper_grid,theory,low_q1001,/home/2/ks405818/Master/lyalpha_one_loop/runs/accdm/accdm_scan_lowf_q1001_v2/theory/accdm_logm17p4285714285714_logfm1p45.npz,runs/accdm/accdm_scan_lowf_q1001_v2/theory/accdm_logm17p4285714285714_logfm1p45.npz
17.5714285714|-1.4500000000,upper_grid,fit,low_q1001,/home/2/ks405818/Master/lyalpha_one_loop/runs/accdm/accdm_scan_lowf_q1001_v2/fits/accdm_logm17p5714285714286_logfm1p45.json,runs/accdm/accdm_scan_lowf_q1001_v2/fits/accdm_logm17p5714285714286_logfm1p45.json
17.5714285714|-1.4500000000,upper_grid,theory,low_q1001,/home/2/ks405818/Master/lyalpha_one_loop/runs/accdm/accdm_scan_lowf_q1001_v2/theory/accdm_logm17p5714285714286_logfm1p45.npz,runs/accdm/accdm_scan_lowf_q1001_v2/theory/accdm_logm17p5714285714286_logfm1p45.npz
17.7142857143|-1.4500000000,upper_grid,fit,low_q1001,/home/2/ks405818/Master/lyalpha_one_loop/runs/accdm/accdm_scan_lowf_q1001_v2/fits/accdm_logm17p7142857142857_logfm1p45.json,runs/accdm/accdm_scan_lowf_q1001_v2/fits/accdm_logm17p7142857142857_logfm1p45.json
17.7142857143|-1.4500000000,upper_grid,theory,low_q1001,/home/2/ks405818/Master/lyalpha_one_loop/runs/accdm/accdm_scan_lowf_q1001_v2/theory/accdm_logm17p7142857142857_logfm1p45.npz,runs/accdm/accdm_scan_lowf_q1001_v2/theory/accdm_logm17p7142857142857_logfm1p45.npz
17.8571428571|-1.4500000000,upper_grid,fit,low_q1001,/home/2/ks405818/Master/lyalpha_one_loop/runs/accdm/accdm_scan_lowf_q1001_v2/fits/accdm_logm17p8571428571429_logfm1p45.json,runs/accdm/accdm_scan_lowf_q1001_v2/fits/accdm_logm17p8571428571429_logfm1p45.json
17.8571428571|-1.4500000000,upper_grid,theory,low_q1001,/home/2/ks405818/Master/lyalpha_one_loop/runs/accdm/accdm_scan_lowf_q1001_v2/theory/accdm_logm17p8571428571429_logfm1p45.npz,runs/accdm/accdm_scan_lowf_q1001_v2/theory/accdm_logm17p8571428571429_logfm1p45.npz
18.0000000000|-1.4500000000,upper_grid,fit,low_q1001,/home/2/ks405818/Master/lyalpha_one_loop/runs/accdm/accdm_scan_lowf_q1001_v2/fits/accdm_logm18_logfm1p45.json,runs/accdm/accdm_scan_lowf_q1001_v2/fits/accdm_logm18_logfm1p45.json
18.0000000000|-1.4500000000,upper_grid,theory,low_q1001,/home/2/ks405818/Master/lyalpha_one_loop/runs/accdm/accdm_scan_lowf_q1001_v2/theory/accdm_logm18_logfm1p45.npz,runs/accdm/accdm_scan_lowf_q1001_v2/theory/accdm_logm18_logfm1p45.npz
18.1428571429|-1.4500000000,upper_grid,fit,loweps_low_q1001,/home/2/ks405818/Master/lyalpha_one_loop/runs/accdm/accdm_scan_loweps_lowf_q1001_v1/fits/accdm_logm18p1428571428571_logfm1p45.json,runs/accdm/accdm_scan_loweps_lowf_q1001_v1/fits/accdm_logm18p1428571428571_logfm1p45.json
18.1428571429|-1.4500000000,upper_grid,theory,loweps_low_q1001,/home/2/ks405818/Master/lyalpha_one_loop/runs/accdm/accdm_scan_loweps_lowf_q1001_v1/theory/accdm_logm18p1428571428571_logfm1p45.npz,runs/accdm/accdm_scan_loweps_lowf_q1001_v1/theory/accdm_logm18p1428571428571_logfm1p45.npz
18.4285714286|-1.4500000000,upper_grid,fit,loweps_low_q1001,/home/2/ks405818/Master/lyalpha_one_loop/runs/accdm/accdm_scan_loweps_lowf_q1001_v1/fits/accdm_logm18p4285714285714_logfm1p45.json,runs/accdm/accdm_scan_loweps_lowf_q1001_v1/fits/accdm_logm18p4285714285714_logfm1p45.json
18.4285714286|-1.4500000000,upper_grid,theory,loweps_low_q1001,/home/2/ks405818/Master/lyalpha_one_loop/runs/accdm/accdm_scan_loweps_lowf_q1001_v1/theory/accdm_logm18p4285714285714_logfm1p45.npz,runs/accdm/accdm_scan_loweps_lowf_q1001_v1/theory/accdm_logm18p4285714285714_logfm1p45.npz
18.5714285714|-1.4500000000,upper_grid,fit,loweps_low_q1001,/home/2/ks405818/Master/lyalpha_one_loop/runs/accdm/accdm_scan_loweps_lowf_q1001_v1/fits/accdm_logm18p5714285714286_logfm1p45.json,runs/accdm/accdm_scan_loweps_lowf_q1001_v1/fits/accdm_logm18p5714285714286_logfm1p45.json
18.5714285714|-1.4500000000,upper_grid,theory,loweps_low_q1001,/home/2/ks405818/Master/lyalpha_one_loop/runs/accdm/accdm_scan_loweps_lowf_q1001_v1/theory/accdm_logm18p5714285714286_logfm1p45.npz,runs/accdm/accdm_scan_loweps_lowf_q1001_v1/theory/accdm_logm18p5714285714286_logfm1p45.npz
18.7142857143|-1.4500000000,upper_grid,fit,loweps_low_q1001,/home/2/ks405818/Master/lyalpha_one_loop/runs/accdm/accdm_scan_loweps_lowf_q1001_v1/fits/accdm_logm18p7142857142857_logfm1p45.json,runs/accdm/accdm_scan_loweps_lowf_q1001_v1/fits/accdm_logm18p7142857142857_logfm1p45.json
18.7142857143|-1.4500000000,upper_grid,theory,loweps_low_q1001,/home/2/ks405818/Master/lyalpha_one_loop/runs/accdm/accdm_scan_loweps_lowf_q1001_v1/theory/accdm_logm18p7142857142857_logfm1p45.npz,runs/accdm/accdm_scan_loweps_lowf_q1001_v1/theory/accdm_logm18p7142857142857_logfm1p45.npz
18.8571428571|-1.4500000000,upper_grid,fit,loweps_low_q1001,/home/2/ks405818/Master/lyalpha_one_loop/runs/accdm/accdm_scan_loweps_lowf_q1001_v1/fits/accdm_logm18p8571428571429_logfm1p45.json,runs/accdm/accdm_scan_loweps_lowf_q1001_v1/fits/accdm_logm18p8571428571429_logfm1p45.json
18.8571428571|-1.4500000000,upper_grid,theory,loweps_low_q1001,/home/2/ks405818/Master/lyalpha_one_loop/runs/accdm/accdm_scan_loweps_lowf_q1001_v1/theory/accdm_logm18p8571428571429_logfm1p45.npz,runs/accdm/accdm_scan_loweps_lowf_q1001_v1/theory/accdm_logm18p8571428571429_logfm1p45.npz
19.0000000000|-1.4500000000,upper_grid,fit,loweps_low_q1001,/home/2/ks405818/Master/lyalpha_one_loop/runs/accdm/accdm_scan_loweps_lowf_q1001_v1/fits/accdm_logm19_logfm1p45.json,runs/accdm/accdm_scan_loweps_lowf_q1001_v1/fits/accdm_logm19_logfm1p45.json
19.0000000000|-1.4500000000,upper_grid,theory,loweps_low_q1001,/home/2/ks405818/Master/lyalpha_one_loop/runs/accdm/accdm_scan_loweps_lowf_q1001_v1/theory/accdm_logm19_logfm1p45.npz,runs/accdm/accdm_scan_loweps_lowf_q1001_v1/theory/accdm_logm19_logfm1p45.npz
19.1428571429|-1.4500000000,upper_grid,fit,loweps_low_q1001,/home/2/ks405818/Master/lyalpha_one_loop/runs/accdm/accdm_scan_loweps_lowf_q1001_v1/fits/accdm_logm19p1428571428571_logfm1p45.json,runs/accdm/accdm_scan_loweps_lowf_q1001_v1/fits/accdm_logm19p1428571428571_logfm1p45.json
19.1428571429|-1.4500000000,upper_grid,theory,loweps_low_q1001,/home/2/ks405818/Master/lyalpha_one_loop/runs/accdm/accdm_scan_loweps_lowf_q1001_v1/theory/accdm_logm19p1428571428571_logfm1p45.npz,runs/accdm/accdm_scan_loweps_lowf_q1001_v1/theory/accdm_logm19p1428571428571_logfm1p45.npz
19.2857142857|-1.4500000000,upper_grid,fit,loweps_low_q1001,/home/2/ks405818/Master/lyalpha_one_loop/runs/accdm/accdm_scan_loweps_lowf_q1001_v1/fits/accdm_logm19p2857142857143_logfm1p45.json,runs/accdm/accdm_scan_loweps_lowf_q1001_v1/fits/accdm_logm19p2857142857143_logfm1p45.json
19.2857142857|-1.4500000000,upper_grid,theory,loweps_low_q1001,/home/2/ks405818/Master/lyalpha_one_loop/runs/accdm/accdm_scan_loweps_lowf_q1001_v1/theory/accdm_logm19p2857142857143_logfm1p45.npz,runs/accdm/accdm_scan_loweps_lowf_q1001_v1/theory/accdm_logm19p2857142857143_logfm1p45.npz
19.4285714286|-1.4500000000,upper_grid,fit,loweps_low_q1001,/home/2/ks405818/Master/lyalpha_one_loop/runs/accdm/accdm_scan_loweps_lowf_q1001_v1/fits/accdm_logm19p4285714285714_logfm1p45.json,runs/accdm/accdm_scan_loweps_lowf_q1001_v1/fits/accdm_logm19p4285714285714_logfm1p45.json
19.4285714286|-1.4500000000,upper_grid,theory,loweps_low_q1001,/home/2/ks405818/Master/lyalpha_one_loop/runs/accdm/accdm_scan_loweps_lowf_q1001_v1/theory/accdm_logm19p4285714285714_logfm1p45.npz,runs/accdm/accdm_scan_loweps_lowf_q1001_v1/theory/accdm_logm19p4285714285714_logfm1p45.npz
11.0000000000|-1.3750000000,upper_grid,fit,low_q1001,/home/2/ks405818/Master/lyalpha_one_loop/runs/accdm/accdm_scan_lowf_q1001_v2/fits/accdm_logm11_logfm1p375.json,runs/accdm/accdm_scan_lowf_q1001_v2/fits/accdm_logm11_logfm1p375.json
11.0000000000|-1.3750000000,upper_grid,theory,low_q1001,/home/2/ks405818/Master/lyalpha_one_loop/runs/accdm/accdm_scan_lowf_q1001_v2/theory/accdm_logm11_logfm1p375.npz,runs/accdm/accdm_scan_lowf_q1001_v2/theory/accdm_logm11_logfm1p375.npz
11.1428571429|-1.3750000000,upper_grid,fit,low_q1001,/home/2/ks405818/Master/lyalpha_one_loop/runs/accdm/accdm_scan_lowf_q1001_v2/fits/accdm_logm11p1428571428571_logfm1p375.json,runs/accdm/accdm_scan_lowf_q1001_v2/fits/accdm_logm11p1428571428571_logfm1p375.json
11.1428571429|-1.3750000000,upper_grid,theory,low_q1001,/home/2/ks405818/Master/lyalpha_one_loop/runs/accdm/accdm_scan_lowf_q1001_v2/theory/accdm_logm11p1428571428571_logfm1p375.npz,runs/accdm/accdm_scan_lowf_q1001_v2/theory/accdm_logm11p1428571428571_logfm1p375.npz
11.2857142857|-1.3750000000,upper_grid,fit,low_q1001,/home/2/ks405818/Master/lyalpha_one_loop/runs/accdm/accdm_scan_lowf_q1001_v2/fits/accdm_logm11p2857142857143_logfm1p375.json,runs/accdm/accdm_scan_lowf_q1001_v2/fits/accdm_logm11p2857142857143_logfm1p375.json
11.2857142857|-1.3750000000,upper_grid,theory,low_q1001,/home/2/ks405818/Master/lyalpha_one_loop/runs/accdm/accdm_scan_lowf_q1001_v2/theory/accdm_logm11p2857142857143_logfm1p375.npz,runs/accdm/accdm_scan_lowf_q1001_v2/theory/accdm_logm11p2857142857143_logfm1p375.npz
11.4285714286|-1.3750000000,upper_grid,fit,low_q1001,/home/2/ks405818/Master/lyalpha_one_loop/runs/accdm/accdm_scan_lowf_q1001_v2/fits/accdm_logm11p4285714285714_logfm1p375.json,runs/accdm/accdm_scan_lowf_q1001_v2/fits/accdm_logm11p4285714285714_logfm1p375.json
11.4285714286|-1.3750000000,upper_grid,theory,low_q1001,/home/2/ks405818/Master/lyalpha_one_loop/runs/accdm/accdm_scan_lowf_q1001_v2/theory/accdm_logm11p4285714285714_logfm1p375.npz,runs/accdm/accdm_scan_lowf_q1001_v2/theory/accdm_logm11p4285714285714_logfm1p375.npz
11.5714285714|-1.3750000000,upper_grid,fit,low_q1001,/home/2/ks405818/Master/lyalpha_one_loop/runs/accdm/accdm_scan_lowf_q1001_v2/fits/accdm_logm11p5714285714286_logfm1p375.json,runs/accdm/accdm_scan_lowf_q1001_v2/fits/accdm_logm11p5714285714286_logfm1p375.json
11.5714285714|-1.3750000000,upper_grid,theory,low_q1001,/home/2/ks405818/Master/lyalpha_one_loop/runs/accdm/accdm_scan_lowf_q1001_v2/theory/accdm_logm11p5714285714286_logfm1p375.npz,runs/accdm/accdm_scan_lowf_q1001_v2/theory/accdm_logm11p5714285714286_logfm1p375.npz
11.7142857143|-1.3750000000,upper_grid,fit,low_q1001,/home/2/ks405818/Master/lyalpha_one_loop/runs/accdm/accdm_scan_lowf_q1001_v2/fits/accdm_logm11p7142857142857_logfm1p375.json,runs/accdm/accdm_scan_lowf_q1001_v2/fits/accdm_logm11p7142857142857_logfm1p375.json
11.7142857143|-1.3750000000,upper_grid,theory,low_q1001,/home/2/ks405818/Master/lyalpha_one_loop/runs/accdm/accdm_scan_lowf_q1001_v2/theory/accdm_logm11p7142857142857_logfm1p375.npz,runs/accdm/accdm_scan_lowf_q1001_v2/theory/accdm_logm11p7142857142857_logfm1p375.npz
11.8571428571|-1.3750000000,upper_grid,fit,low_q2501_recovery,/home/2/ks405818/Master/lyalpha_one_loop/runs/accdm/accdm_lowf_recovery_q2501_10core_v1/fits/accdm_logm11p8571428571429_logfm1p375.json,runs/accdm/accdm_lowf_recovery_q2501_10core_v1/fits/accdm_logm11p8571428571429_logfm1p375.json
11.8571428571|-1.3750000000,upper_grid,theory,low_q2501_recovery,/home/2/ks405818/Master/lyalpha_one_loop/runs/accdm/accdm_lowf_recovery_q2501_10core_v1/theory/accdm_logm11p8571428571429_logfm1p375.npz,runs/accdm/accdm_lowf_recovery_q2501_10core_v1/theory/accdm_logm11p8571428571429_logfm1p375.npz
12.0000000000|-1.3750000000,upper_grid,fit,low_q1001,/home/2/ks405818/Master/lyalpha_one_loop/runs/accdm/accdm_scan_lowf_q1001_v2/fits/accdm_logm12_logfm1p375.json,runs/accdm/accdm_scan_lowf_q1001_v2/fits/accdm_logm12_logfm1p375.json
12.0000000000|-1.3750000000,upper_grid,theory,low_q1001,/home/2/ks405818/Master/lyalpha_one_loop/runs/accdm/accdm_scan_lowf_q1001_v2/theory/accdm_logm12_logfm1p375.npz,runs/accdm/accdm_scan_lowf_q1001_v2/theory/accdm_logm12_logfm1p375.npz
12.1428571429|-1.3750000000,upper_grid,fit,low_q1001,/home/2/ks405818/Master/lyalpha_one_loop/runs/accdm/accdm_scan_lowf_q1001_v2/fits/accdm_logm12p1428571428571_logfm1p375.json,runs/accdm/accdm_scan_lowf_q1001_v2/fits/accdm_logm12p1428571428571_logfm1p375.json
12.1428571429|-1.3750000000,upper_grid,theory,low_q1001,/home/2/ks405818/Master/lyalpha_one_loop/runs/accdm/accdm_scan_lowf_q1001_v2/theory/accdm_logm12p1428571428571_logfm1p375.npz,runs/accdm/accdm_scan_lowf_q1001_v2/theory/accdm_logm12p1428571428571_logfm1p375.npz
12.2857142857|-1.3750000000,upper_grid,fit,low_q1001,/home/2/ks405818/Master/lyalpha_one_loop/runs/accdm/accdm_scan_lowf_q1001_v2/fits/accdm_logm12p2857142857143_logfm1p375.json,runs/accdm/accdm_scan_lowf_q1001_v2/fits/accdm_logm12p2857142857143_logfm1p375.json
12.2857142857|-1.3750000000,upper_grid,theory,low_q1001,/home/2/ks405818/Master/lyalpha_one_loop/runs/accdm/accdm_scan_lowf_q1001_v2/theory/accdm_logm12p2857142857143_logfm1p375.npz,runs/accdm/accdm_scan_lowf_q1001_v2/theory/accdm_logm12p2857142857143_logfm1p375.npz
12.4285714286|-1.3750000000,upper_grid,fit,low_q1001,/home/2/ks405818/Master/lyalpha_one_loop/runs/accdm/accdm_scan_lowf_q1001_v2/fits/accdm_logm12p4285714285714_logfm1p375.json,runs/accdm/accdm_scan_lowf_q1001_v2/fits/accdm_logm12p4285714285714_logfm1p375.json
12.4285714286|-1.3750000000,upper_grid,theory,low_q1001,/home/2/ks405818/Master/lyalpha_one_loop/runs/accdm/accdm_scan_lowf_q1001_v2/theory/accdm_logm12p4285714285714_logfm1p375.npz,runs/accdm/accdm_scan_lowf_q1001_v2/theory/accdm_logm12p4285714285714_logfm1p375.npz
12.5714285714|-1.3750000000,upper_grid,fit,low_q1001,/home/2/ks405818/Master/lyalpha_one_loop/runs/accdm/accdm_scan_lowf_q1001_v2/fits/accdm_logm12p5714285714286_logfm1p375.json,runs/accdm/accdm_scan_lowf_q1001_v2/fits/accdm_logm12p5714285714286_logfm1p375.json
12.5714285714|-1.3750000000,upper_grid,theory,low_q1001,/home/2/ks405818/Master/lyalpha_one_loop/runs/accdm/accdm_scan_lowf_q1001_v2/theory/accdm_logm12p5714285714286_logfm1p375.npz,runs/accdm/accdm_scan_lowf_q1001_v2/theory/accdm_logm12p5714285714286_logfm1p375.npz
12.7142857143|-1.3750000000,upper_grid,fit,low_q1001,/home/2/ks405818/Master/lyalpha_one_loop/runs/accdm/accdm_scan_lowf_q1001_v2/fits/accdm_logm12p7142857142857_logfm1p375.json,runs/accdm/accdm_scan_lowf_q1001_v2/fits/accdm_logm12p7142857142857_logfm1p375.json
12.7142857143|-1.3750000000,upper_grid,theory,low_q1001,/home/2/ks405818/Master/lyalpha_one_loop/runs/accdm/accdm_scan_lowf_q1001_v2/theory/accdm_logm12p7142857142857_logfm1p375.npz,runs/accdm/accdm_scan_lowf_q1001_v2/theory/accdm_logm12p7142857142857_logfm1p375.npz
12.8571428571|-1.3750000000,upper_grid,fit,low_q1001,/home/2/ks405818/Master/lyalpha_one_loop/runs/accdm/accdm_scan_lowf_q1001_v2/fits/accdm_logm12p8571428571429_logfm1p375.json,runs/accdm/accdm_scan_lowf_q1001_v2/fits/accdm_logm12p8571428571429_logfm1p375.json
12.8571428571|-1.3750000000,upper_grid,theory,low_q1001,/home/2/ks405818/Master/lyalpha_one_loop/runs/accdm/accdm_scan_lowf_q1001_v2/theory/accdm_logm12p8571428571429_logfm1p375.npz,runs/accdm/accdm_scan_lowf_q1001_v2/theory/accdm_logm12p8571428571429_logfm1p375.npz
13.0000000000|-1.3750000000,upper_grid,fit,low_q1001,/home/2/ks405818/Master/lyalpha_one_loop/runs/accdm/accdm_scan_lowf_q1001_v2/fits/accdm_logm13_logfm1p375.json,runs/accdm/accdm_scan_lowf_q1001_v2/fits/accdm_logm13_logfm1p375.json
13.0000000000|-1.3750000000,upper_grid,theory,low_q1001,/home/2/ks405818/Master/lyalpha_one_loop/runs/accdm/accdm_scan_lowf_q1001_v2/theory/accdm_logm13_logfm1p375.npz,runs/accdm/accdm_scan_lowf_q1001_v2/theory/accdm_logm13_logfm1p375.npz
13.1428571429|-1.3750000000,upper_grid,fit,low_q1001,/home/2/ks405818/Master/lyalpha_one_loop/runs/accdm/accdm_scan_lowf_q1001_v2/fits/accdm_logm13p1428571428571_logfm1p375.json,runs/accdm/accdm_scan_lowf_q1001_v2/fits/accdm_logm13p1428571428571_logfm1p375.json
13.1428571429|-1.3750000000,upper_grid,theory,low_q1001,/home/2/ks405818/Master/lyalpha_one_loop/runs/accdm/accdm_scan_lowf_q1001_v2/theory/accdm_logm13p1428571428571_logfm1p375.npz,runs/accdm/accdm_scan_lowf_q1001_v2/theory/accdm_logm13p1428571428571_logfm1p375.npz
13.2857142857|-1.3750000000,upper_grid,fit,low_q1001,/home/2/ks405818/Master/lyalpha_one_loop/runs/accdm/accdm_scan_lowf_q1001_v2/fits/accdm_logm13p2857142857143_logfm1p375.json,runs/accdm/accdm_scan_lowf_q1001_v2/fits/accdm_logm13p2857142857143_logfm1p375.json
13.2857142857|-1.3750000000,upper_grid,theory,low_q1001,/home/2/ks405818/Master/lyalpha_one_loop/runs/accdm/accdm_scan_lowf_q1001_v2/theory/accdm_logm13p2857142857143_logfm1p375.npz,runs/accdm/accdm_scan_lowf_q1001_v2/theory/accdm_logm13p2857142857143_logfm1p375.npz
13.4285714286|-1.3750000000,upper_grid,fit,low_q1001,/home/2/ks405818/Master/lyalpha_one_loop/runs/accdm/accdm_scan_lowf_q1001_v2/fits/accdm_logm13p4285714285714_logfm1p375.json,runs/accdm/accdm_scan_lowf_q1001_v2/fits/accdm_logm13p4285714285714_logfm1p375.json
13.4285714286|-1.3750000000,upper_grid,theory,low_q1001,/home/2/ks405818/Master/lyalpha_one_loop/runs/accdm/accdm_scan_lowf_q1001_v2/theory/accdm_logm13p4285714285714_logfm1p375.npz,runs/accdm/accdm_scan_lowf_q1001_v2/theory/accdm_logm13p4285714285714_logfm1p375.npz
13.5714285714|-1.3750000000,upper_grid,fit,low_q1001,/home/2/ks405818/Master/lyalpha_one_loop/runs/accdm/accdm_scan_lowf_q1001_v2/fits/accdm_logm13p5714285714286_logfm1p375.json,runs/accdm/accdm_scan_lowf_q1001_v2/fits/accdm_logm13p5714285714286_logfm1p375.json
13.5714285714|-1.3750000000,upper_grid,theory,low_q1001,/home/2/ks405818/Master/lyalpha_one_loop/runs/accdm/accdm_scan_lowf_q1001_v2/theory/accdm_logm13p5714285714286_logfm1p375.npz,runs/accdm/accdm_scan_lowf_q1001_v2/theory/accdm_logm13p5714285714286_logfm1p375.npz
13.7142857143|-1.3750000000,upper_grid,fit,low_q1001,/home/2/ks405818/Master/lyalpha_one_loop/runs/accdm/accdm_scan_lowf_q1001_v2/fits/accdm_logm13p7142857142857_logfm1p375.json,runs/accdm/accdm_scan_lowf_q1001_v2/fits/accdm_logm13p7142857142857_logfm1p375.json
13.7142857143|-1.3750000000,upper_grid,theory,low_q1001,/home/2/ks405818/Master/lyalpha_one_loop/runs/accdm/accdm_scan_lowf_q1001_v2/theory/accdm_logm13p7142857142857_logfm1p375.npz,runs/accdm/accdm_scan_lowf_q1001_v2/theory/accdm_logm13p7142857142857_logfm1p375.npz
13.8571428571|-1.3750000000,upper_grid,fit,low_q1001,/home/2/ks405818/Master/lyalpha_one_loop/runs/accdm/accdm_scan_lowf_q1001_v2/fits/accdm_logm13p8571428571429_logfm1p375.json,runs/accdm/accdm_scan_lowf_q1001_v2/fits/accdm_logm13p8571428571429_logfm1p375.json
13.8571428571|-1.3750000000,upper_grid,theory,low_q1001,/home/2/ks405818/Master/lyalpha_one_loop/runs/accdm/accdm_scan_lowf_q1001_v2/theory/accdm_logm13p8571428571429_logfm1p375.npz,runs/accdm/accdm_scan_lowf_q1001_v2/theory/accdm_logm13p8571428571429_logfm1p375.npz
14.0000000000|-1.3750000000,upper_grid,fit,low_q1001,/home/2/ks405818/Master/lyalpha_one_loop/runs/accdm/accdm_scan_lowf_q1001_v2/fits/accdm_logm14_logfm1p375.json,runs/accdm/accdm_scan_lowf_q1001_v2/fits/accdm_logm14_logfm1p375.json
14.0000000000|-1.3750000000,upper_grid,theory,low_q1001,/home/2/ks405818/Master/lyalpha_one_loop/runs/accdm/accdm_scan_lowf_q1001_v2/theory/accdm_logm14_logfm1p375.npz,runs/accdm/accdm_scan_lowf_q1001_v2/theory/accdm_logm14_logfm1p375.npz
14.1428571429|-1.3750000000,upper_grid,fit,low_q1001,/home/2/ks405818/Master/lyalpha_one_loop/runs/accdm/accdm_scan_lowf_q1001_v2/fits/accdm_logm14p1428571428571_logfm1p375.json,runs/accdm/accdm_scan_lowf_q1001_v2/fits/accdm_logm14p1428571428571_logfm1p375.json
14.1428571429|-1.3750000000,upper_grid,theory,low_q1001,/home/2/ks405818/Master/lyalpha_one_loop/runs/accdm/accdm_scan_lowf_q1001_v2/theory/accdm_logm14p1428571428571_logfm1p375.npz,runs/accdm/accdm_scan_lowf_q1001_v2/theory/accdm_logm14p1428571428571_logfm1p375.npz
14.2857142857|-1.3750000000,upper_grid,fit,low_q1001,/home/2/ks405818/Master/lyalpha_one_loop/runs/accdm/accdm_scan_lowf_q1001_v2/fits/accdm_logm14p2857142857143_logfm1p375.json,runs/accdm/accdm_scan_lowf_q1001_v2/fits/accdm_logm14p2857142857143_logfm1p375.json
14.2857142857|-1.3750000000,upper_grid,theory,low_q1001,/home/2/ks405818/Master/lyalpha_one_loop/runs/accdm/accdm_scan_lowf_q1001_v2/theory/accdm_logm14p2857142857143_logfm1p375.npz,runs/accdm/accdm_scan_lowf_q1001_v2/theory/accdm_logm14p2857142857143_logfm1p375.npz
14.4285714286|-1.3750000000,upper_grid,fit,low_q1001,/home/2/ks405818/Master/lyalpha_one_loop/runs/accdm/accdm_scan_lowf_q1001_v2/fits/accdm_logm14p4285714285714_logfm1p375.json,runs/accdm/accdm_scan_lowf_q1001_v2/fits/accdm_logm14p4285714285714_logfm1p375.json
14.4285714286|-1.3750000000,upper_grid,theory,low_q1001,/home/2/ks405818/Master/lyalpha_one_loop/runs/accdm/accdm_scan_lowf_q1001_v2/theory/accdm_logm14p4285714285714_logfm1p375.npz,runs/accdm/accdm_scan_lowf_q1001_v2/theory/accdm_logm14p4285714285714_logfm1p375.npz
14.5714285714|-1.3750000000,upper_grid,fit,low_q1001,/home/2/ks405818/Master/lyalpha_one_loop/runs/accdm/accdm_scan_lowf_q1001_v2/fits/accdm_logm14p5714285714286_logfm1p375.json,runs/accdm/accdm_scan_lowf_q1001_v2/fits/accdm_logm14p5714285714286_logfm1p375.json
14.5714285714|-1.3750000000,upper_grid,theory,low_q1001,/home/2/ks405818/Master/lyalpha_one_loop/runs/accdm/accdm_scan_lowf_q1001_v2/theory/accdm_logm14p5714285714286_logfm1p375.npz,runs/accdm/accdm_scan_lowf_q1001_v2/theory/accdm_logm14p5714285714286_logfm1p375.npz
14.7142857143|-1.3750000000,upper_grid,fit,low_q1001,/home/2/ks405818/Master/lyalpha_one_loop/runs/accdm/accdm_scan_lowf_q1001_v2/fits/accdm_logm14p7142857142857_logfm1p375.json,runs/accdm/accdm_scan_lowf_q1001_v2/fits/accdm_logm14p7142857142857_logfm1p375.json
14.7142857143|-1.3750000000,upper_grid,theory,low_q1001,/home/2/ks405818/Master/lyalpha_one_loop/runs/accdm/accdm_scan_lowf_q1001_v2/theory/accdm_logm14p7142857142857_logfm1p375.npz,runs/accdm/accdm_scan_lowf_q1001_v2/theory/accdm_logm14p7142857142857_logfm1p375.npz
14.8571428571|-1.3750000000,upper_grid,fit,low_q1001,/home/2/ks405818/Master/lyalpha_one_loop/runs/accdm/accdm_scan_lowf_q1001_v2/fits/accdm_logm14p8571428571429_logfm1p375.json,runs/accdm/accdm_scan_lowf_q1001_v2/fits/accdm_logm14p8571428571429_logfm1p375.json
14.8571428571|-1.3750000000,upper_grid,theory,low_q1001,/home/2/ks405818/Master/lyalpha_one_loop/runs/accdm/accdm_scan_lowf_q1001_v2/theory/accdm_logm14p8571428571429_logfm1p375.npz,runs/accdm/accdm_scan_lowf_q1001_v2/theory/accdm_logm14p8571428571429_logfm1p375.npz
15.0000000000|-1.3750000000,upper_grid,fit,low_q1001,/home/2/ks405818/Master/lyalpha_one_loop/runs/accdm/accdm_scan_lowf_q1001_v2/fits/accdm_logm15_logfm1p375.json,runs/accdm/accdm_scan_lowf_q1001_v2/fits/accdm_logm15_logfm1p375.json
15.0000000000|-1.3750000000,upper_grid,theory,low_q1001,/home/2/ks405818/Master/lyalpha_one_loop/runs/accdm/accdm_scan_lowf_q1001_v2/theory/accdm_logm15_logfm1p375.npz,runs/accdm/accdm_scan_lowf_q1001_v2/theory/accdm_logm15_logfm1p375.npz
15.1428571429|-1.3750000000,upper_grid,fit,low_q1001,/home/2/ks405818/Master/lyalpha_one_loop/runs/accdm/accdm_scan_lowf_q1001_v2/fits/accdm_logm15p1428571428571_logfm1p375.json,runs/accdm/accdm_scan_lowf_q1001_v2/fits/accdm_logm15p1428571428571_logfm1p375.json
15.1428571429|-1.3750000000,upper_grid,theory,low_q1001,/home/2/ks405818/Master/lyalpha_one_loop/runs/accdm/accdm_scan_lowf_q1001_v2/theory/accdm_logm15p1428571428571_logfm1p375.npz,runs/accdm/accdm_scan_lowf_q1001_v2/theory/accdm_logm15p1428571428571_logfm1p375.npz
15.2857142857|-1.3750000000,upper_grid,fit,low_q1001,/home/2/ks405818/Master/lyalpha_one_loop/runs/accdm/accdm_scan_lowf_q1001_v2/fits/accdm_logm15p2857142857143_logfm1p375.json,runs/accdm/accdm_scan_lowf_q1001_v2/fits/accdm_logm15p2857142857143_logfm1p375.json
15.2857142857|-1.3750000000,upper_grid,theory,low_q1001,/home/2/ks405818/Master/lyalpha_one_loop/runs/accdm/accdm_scan_lowf_q1001_v2/theory/accdm_logm15p2857142857143_logfm1p375.npz,runs/accdm/accdm_scan_lowf_q1001_v2/theory/accdm_logm15p2857142857143_logfm1p375.npz
15.4285714286|-1.3750000000,upper_grid,fit,low_q1001,/home/2/ks405818/Master/lyalpha_one_loop/runs/accdm/accdm_scan_lowf_q1001_v2/fits/accdm_logm15p4285714285714_logfm1p375.json,runs/accdm/accdm_scan_lowf_q1001_v2/fits/accdm_logm15p4285714285714_logfm1p375.json
15.4285714286|-1.3750000000,upper_grid,theory,low_q1001,/home/2/ks405818/Master/lyalpha_one_loop/runs/accdm/accdm_scan_lowf_q1001_v2/theory/accdm_logm15p4285714285714_logfm1p375.npz,runs/accdm/accdm_scan_lowf_q1001_v2/theory/accdm_logm15p4285714285714_logfm1p375.npz
15.5714285714|-1.3750000000,upper_grid,fit,low_q1001,/home/2/ks405818/Master/lyalpha_one_loop/runs/accdm/accdm_scan_lowf_q1001_v2/fits/accdm_logm15p5714285714286_logfm1p375.json,runs/accdm/accdm_scan_lowf_q1001_v2/fits/accdm_logm15p5714285714286_logfm1p375.json
15.5714285714|-1.3750000000,upper_grid,theory,low_q1001,/home/2/ks405818/Master/lyalpha_one_loop/runs/accdm/accdm_scan_lowf_q1001_v2/theory/accdm_logm15p5714285714286_logfm1p375.npz,runs/accdm/accdm_scan_lowf_q1001_v2/theory/accdm_logm15p5714285714286_logfm1p375.npz
15.7142857143|-1.3750000000,upper_grid,fit,low_q1001,/home/2/ks405818/Master/lyalpha_one_loop/runs/accdm/accdm_scan_lowf_q1001_v2/fits/accdm_logm15p7142857142857_logfm1p375.json,runs/accdm/accdm_scan_lowf_q1001_v2/fits/accdm_logm15p7142857142857_logfm1p375.json
15.7142857143|-1.3750000000,upper_grid,theory,low_q1001,/home/2/ks405818/Master/lyalpha_one_loop/runs/accdm/accdm_scan_lowf_q1001_v2/theory/accdm_logm15p7142857142857_logfm1p375.npz,runs/accdm/accdm_scan_lowf_q1001_v2/theory/accdm_logm15p7142857142857_logfm1p375.npz
15.8571428571|-1.3750000000,upper_grid,fit,low_q1001,/home/2/ks405818/Master/lyalpha_one_loop/runs/accdm/accdm_scan_lowf_q1001_v2/fits/accdm_logm15p8571428571429_logfm1p375.json,runs/accdm/accdm_scan_lowf_q1001_v2/fits/accdm_logm15p8571428571429_logfm1p375.json
15.8571428571|-1.3750000000,upper_grid,theory,low_q1001,/home/2/ks405818/Master/lyalpha_one_loop/runs/accdm/accdm_scan_lowf_q1001_v2/theory/accdm_logm15p8571428571429_logfm1p375.npz,runs/accdm/accdm_scan_lowf_q1001_v2/theory/accdm_logm15p8571428571429_logfm1p375.npz
16.0000000000|-1.3750000000,upper_grid,fit,low_q1001,/home/2/ks405818/Master/lyalpha_one_loop/runs/accdm/accdm_scan_lowf_q1001_v2/fits/accdm_logm16_logfm1p375.json,runs/accdm/accdm_scan_lowf_q1001_v2/fits/accdm_logm16_logfm1p375.json
16.0000000000|-1.3750000000,upper_grid,theory,low_q1001,/home/2/ks405818/Master/lyalpha_one_loop/runs/accdm/accdm_scan_lowf_q1001_v2/theory/accdm_logm16_logfm1p375.npz,runs/accdm/accdm_scan_lowf_q1001_v2/theory/accdm_logm16_logfm1p375.npz
16.1428571429|-1.3750000000,upper_grid,fit,low_q1001,/home/2/ks405818/Master/lyalpha_one_loop/runs/accdm/accdm_scan_lowf_q1001_v2/fits/accdm_logm16p1428571428571_logfm1p375.json,runs/accdm/accdm_scan_lowf_q1001_v2/fits/accdm_logm16p1428571428571_logfm1p375.json
16.1428571429|-1.3750000000,upper_grid,theory,low_q1001,/home/2/ks405818/Master/lyalpha_one_loop/runs/accdm/accdm_scan_lowf_q1001_v2/theory/accdm_logm16p1428571428571_logfm1p375.npz,runs/accdm/accdm_scan_lowf_q1001_v2/theory/accdm_logm16p1428571428571_logfm1p375.npz
16.2857142857|-1.3750000000,upper_grid,fit,low_q1001,/home/2/ks405818/Master/lyalpha_one_loop/runs/accdm/accdm_scan_lowf_q1001_v2/fits/accdm_logm16p2857142857143_logfm1p375.json,runs/accdm/accdm_scan_lowf_q1001_v2/fits/accdm_logm16p2857142857143_logfm1p375.json
16.2857142857|-1.3750000000,upper_grid,theory,low_q1001,/home/2/ks405818/Master/lyalpha_one_loop/runs/accdm/accdm_scan_lowf_q1001_v2/theory/accdm_logm16p2857142857143_logfm1p375.npz,runs/accdm/accdm_scan_lowf_q1001_v2/theory/accdm_logm16p2857142857143_logfm1p375.npz
16.4285714286|-1.3750000000,upper_grid,fit,low_q1001,/home/2/ks405818/Master/lyalpha_one_loop/runs/accdm/accdm_scan_lowf_q1001_v2/fits/accdm_logm16p4285714285714_logfm1p375.json,runs/accdm/accdm_scan_lowf_q1001_v2/fits/accdm_logm16p4285714285714_logfm1p375.json
16.4285714286|-1.3750000000,upper_grid,theory,low_q1001,/home/2/ks405818/Master/lyalpha_one_loop/runs/accdm/accdm_scan_lowf_q1001_v2/theory/accdm_logm16p4285714285714_logfm1p375.npz,runs/accdm/accdm_scan_lowf_q1001_v2/theory/accdm_logm16p4285714285714_logfm1p375.npz
16.5714285714|-1.3750000000,upper_grid,fit,low_q1001,/home/2/ks405818/Master/lyalpha_one_loop/runs/accdm/accdm_scan_lowf_q1001_v2/fits/accdm_logm16p5714285714286_logfm1p375.json,runs/accdm/accdm_scan_lowf_q1001_v2/fits/accdm_logm16p5714285714286_logfm1p375.json
16.5714285714|-1.3750000000,upper_grid,theory,low_q1001,/home/2/ks405818/Master/lyalpha_one_loop/runs/accdm/accdm_scan_lowf_q1001_v2/theory/accdm_logm16p5714285714286_logfm1p375.npz,runs/accdm/accdm_scan_lowf_q1001_v2/theory/accdm_logm16p5714285714286_logfm1p375.npz
16.7142857143|-1.3750000000,upper_grid,fit,low_q1001,/home/2/ks405818/Master/lyalpha_one_loop/runs/accdm/accdm_scan_lowf_q1001_v2/fits/accdm_logm16p7142857142857_logfm1p375.json,runs/accdm/accdm_scan_lowf_q1001_v2/fits/accdm_logm16p7142857142857_logfm1p375.json
16.7142857143|-1.3750000000,upper_grid,theory,low_q1001,/home/2/ks405818/Master/lyalpha_one_loop/runs/accdm/accdm_scan_lowf_q1001_v2/theory/accdm_logm16p7142857142857_logfm1p375.npz,runs/accdm/accdm_scan_lowf_q1001_v2/theory/accdm_logm16p7142857142857_logfm1p375.npz
16.8571428571|-1.3750000000,upper_grid,fit,low_q1001,/home/2/ks405818/Master/lyalpha_one_loop/runs/accdm/accdm_scan_lowf_q1001_v2/fits/accdm_logm16p8571428571429_logfm1p375.json,runs/accdm/accdm_scan_lowf_q1001_v2/fits/accdm_logm16p8571428571429_logfm1p375.json
16.8571428571|-1.3750000000,upper_grid,theory,low_q1001,/home/2/ks405818/Master/lyalpha_one_loop/runs/accdm/accdm_scan_lowf_q1001_v2/theory/accdm_logm16p8571428571429_logfm1p375.npz,runs/accdm/accdm_scan_lowf_q1001_v2/theory/accdm_logm16p8571428571429_logfm1p375.npz
17.0000000000|-1.3750000000,upper_grid,fit,low_q1001,/home/2/ks405818/Master/lyalpha_one_loop/runs/accdm/accdm_scan_lowf_q1001_v2/fits/accdm_logm17_logfm1p375.json,runs/accdm/accdm_scan_lowf_q1001_v2/fits/accdm_logm17_logfm1p375.json
17.0000000000|-1.3750000000,upper_grid,theory,low_q1001,/home/2/ks405818/Master/lyalpha_one_loop/runs/accdm/accdm_scan_lowf_q1001_v2/theory/accdm_logm17_logfm1p375.npz,runs/accdm/accdm_scan_lowf_q1001_v2/theory/accdm_logm17_logfm1p375.npz
17.1428571429|-1.3750000000,upper_grid,fit,low_q1001,/home/2/ks405818/Master/lyalpha_one_loop/runs/accdm/accdm_scan_lowf_q1001_v2/fits/accdm_logm17p1428571428571_logfm1p375.json,runs/accdm/accdm_scan_lowf_q1001_v2/fits/accdm_logm17p1428571428571_logfm1p375.json
17.1428571429|-1.3750000000,upper_grid,theory,low_q1001,/home/2/ks405818/Master/lyalpha_one_loop/runs/accdm/accdm_scan_lowf_q1001_v2/theory/accdm_logm17p1428571428571_logfm1p375.npz,runs/accdm/accdm_scan_lowf_q1001_v2/theory/accdm_logm17p1428571428571_logfm1p375.npz
17.2857142857|-1.3750000000,upper_grid,fit,low_q1001,/home/2/ks405818/Master/lyalpha_one_loop/runs/accdm/accdm_scan_lowf_q1001_v2/fits/accdm_logm17p2857142857143_logfm1p375.json,runs/accdm/accdm_scan_lowf_q1001_v2/fits/accdm_logm17p2857142857143_logfm1p375.json
17.2857142857|-1.3750000000,upper_grid,theory,low_q1001,/home/2/ks405818/Master/lyalpha_one_loop/runs/accdm/accdm_scan_lowf_q1001_v2/theory/accdm_logm17p2857142857143_logfm1p375.npz,runs/accdm/accdm_scan_lowf_q1001_v2/theory/accdm_logm17p2857142857143_logfm1p375.npz
17.4285714286|-1.3750000000,upper_grid,fit,low_q1001,/home/2/ks405818/Master/lyalpha_one_loop/runs/accdm/accdm_scan_lowf_q1001_v2/fits/accdm_logm17p4285714285714_logfm1p375.json,runs/accdm/accdm_scan_lowf_q1001_v2/fits/accdm_logm17p4285714285714_logfm1p375.json
17.4285714286|-1.3750000000,upper_grid,theory,low_q1001,/home/2/ks405818/Master/lyalpha_one_loop/runs/accdm/accdm_scan_lowf_q1001_v2/theory/accdm_logm17p4285714285714_logfm1p375.npz,runs/accdm/accdm_scan_lowf_q1001_v2/theory/accdm_logm17p4285714285714_logfm1p375.npz
17.5714285714|-1.3750000000,upper_grid,fit,low_q1001,/home/2/ks405818/Master/lyalpha_one_loop/runs/accdm/accdm_scan_lowf_q1001_v2/fits/accdm_logm17p5714285714286_logfm1p375.json,runs/accdm/accdm_scan_lowf_q1001_v2/fits/accdm_logm17p5714285714286_logfm1p375.json
17.5714285714|-1.3750000000,upper_grid,theory,low_q1001,/home/2/ks405818/Master/lyalpha_one_loop/runs/accdm/accdm_scan_lowf_q1001_v2/theory/accdm_logm17p5714285714286_logfm1p375.npz,runs/accdm/accdm_scan_lowf_q1001_v2/theory/accdm_logm17p5714285714286_logfm1p375.npz
17.7142857143|-1.3750000000,upper_grid,fit,low_q1001,/home/2/ks405818/Master/lyalpha_one_loop/runs/accdm/accdm_scan_lowf_q1001_v2/fits/accdm_logm17p7142857142857_logfm1p375.json,runs/accdm/accdm_scan_lowf_q1001_v2/fits/accdm_logm17p7142857142857_logfm1p375.json
17.7142857143|-1.3750000000,upper_grid,theory,low_q1001,/home/2/ks405818/Master/lyalpha_one_loop/runs/accdm/accdm_scan_lowf_q1001_v2/theory/accdm_logm17p7142857142857_logfm1p375.npz,runs/accdm/accdm_scan_lowf_q1001_v2/theory/accdm_logm17p7142857142857_logfm1p375.npz
17.8571428571|-1.3750000000,upper_grid,fit,low_q1001,/home/2/ks405818/Master/lyalpha_one_loop/runs/accdm/accdm_scan_lowf_q1001_v2/fits/accdm_logm17p8571428571429_logfm1p375.json,runs/accdm/accdm_scan_lowf_q1001_v2/fits/accdm_logm17p8571428571429_logfm1p375.json
17.8571428571|-1.3750000000,upper_grid,theory,low_q1001,/home/2/ks405818/Master/lyalpha_one_loop/runs/accdm/accdm_scan_lowf_q1001_v2/theory/accdm_logm17p8571428571429_logfm1p375.npz,runs/accdm/accdm_scan_lowf_q1001_v2/theory/accdm_logm17p8571428571429_logfm1p375.npz
18.0000000000|-1.3750000000,upper_grid,fit,low_q1001,/home/2/ks405818/Master/lyalpha_one_loop/runs/accdm/accdm_scan_lowf_q1001_v2/fits/accdm_logm18_logfm1p375.json,runs/accdm/accdm_scan_lowf_q1001_v2/fits/accdm_logm18_logfm1p375.json
18.0000000000|-1.3750000000,upper_grid,theory,low_q1001,/home/2/ks405818/Master/lyalpha_one_loop/runs/accdm/accdm_scan_lowf_q1001_v2/theory/accdm_logm18_logfm1p375.npz,runs/accdm/accdm_scan_lowf_q1001_v2/theory/accdm_logm18_logfm1p375.npz
18.1428571429|-1.3750000000,upper_grid,fit,loweps_low_q1001,/home/2/ks405818/Master/lyalpha_one_loop/runs/accdm/accdm_scan_loweps_lowf_q1001_v1/fits/accdm_logm18p1428571428571_logfm1p375.json,runs/accdm/accdm_scan_loweps_lowf_q1001_v1/fits/accdm_logm18p1428571428571_logfm1p375.json
18.1428571429|-1.3750000000,upper_grid,theory,loweps_low_q1001,/home/2/ks405818/Master/lyalpha_one_loop/runs/accdm/accdm_scan_loweps_lowf_q1001_v1/theory/accdm_logm18p1428571428571_logfm1p375.npz,runs/accdm/accdm_scan_loweps_lowf_q1001_v1/theory/accdm_logm18p1428571428571_logfm1p375.npz
18.2857142857|-1.3750000000,upper_grid,fit,loweps_low_q1001,/home/2/ks405818/Master/lyalpha_one_loop/runs/accdm/accdm_scan_loweps_lowf_q1001_v1/fits/accdm_logm18p2857142857143_logfm1p375.json,runs/accdm/accdm_scan_loweps_lowf_q1001_v1/fits/accdm_logm18p2857142857143_logfm1p375.json
18.2857142857|-1.3750000000,upper_grid,theory,loweps_low_q1001,/home/2/ks405818/Master/lyalpha_one_loop/runs/accdm/accdm_scan_loweps_lowf_q1001_v1/theory/accdm_logm18p2857142857143_logfm1p375.npz,runs/accdm/accdm_scan_loweps_lowf_q1001_v1/theory/accdm_logm18p2857142857143_logfm1p375.npz
18.4285714286|-1.3750000000,upper_grid,fit,loweps_low_q1001,/home/2/ks405818/Master/lyalpha_one_loop/runs/accdm/accdm_scan_loweps_lowf_q1001_v1/fits/accdm_logm18p4285714285714_logfm1p375.json,runs/accdm/accdm_scan_loweps_lowf_q1001_v1/fits/accdm_logm18p4285714285714_logfm1p375.json
18.4285714286|-1.3750000000,upper_grid,theory,loweps_low_q1001,/home/2/ks405818/Master/lyalpha_one_loop/runs/accdm/accdm_scan_loweps_lowf_q1001_v1/theory/accdm_logm18p4285714285714_logfm1p375.npz,runs/accdm/accdm_scan_loweps_lowf_q1001_v1/theory/accdm_logm18p4285714285714_logfm1p375.npz
18.5714285714|-1.3750000000,upper_grid,fit,loweps_low_q1001,/home/2/ks405818/Master/lyalpha_one_loop/runs/accdm/accdm_scan_loweps_lowf_q1001_v1/fits/accdm_logm18p5714285714286_logfm1p375.json,runs/accdm/accdm_scan_loweps_lowf_q1001_v1/fits/accdm_logm18p5714285714286_logfm1p375.json
18.5714285714|-1.3750000000,upper_grid,theory,loweps_low_q1001,/home/2/ks405818/Master/lyalpha_one_loop/runs/accdm/accdm_scan_loweps_lowf_q1001_v1/theory/accdm_logm18p5714285714286_logfm1p375.npz,runs/accdm/accdm_scan_loweps_lowf_q1001_v1/theory/accdm_logm18p5714285714286_logfm1p375.npz
18.7142857143|-1.3750000000,upper_grid,fit,loweps_low_q1001,/home/2/ks405818/Master/lyalpha_one_loop/runs/accdm/accdm_scan_loweps_lowf_q1001_v1/fits/accdm_logm18p7142857142857_logfm1p375.json,runs/accdm/accdm_scan_loweps_lowf_q1001_v1/fits/accdm_logm18p7142857142857_logfm1p375.json
18.7142857143|-1.3750000000,upper_grid,theory,loweps_low_q1001,/home/2/ks405818/Master/lyalpha_one_loop/runs/accdm/accdm_scan_loweps_lowf_q1001_v1/theory/accdm_logm18p7142857142857_logfm1p375.npz,runs/accdm/accdm_scan_loweps_lowf_q1001_v1/theory/accdm_logm18p7142857142857_logfm1p375.npz
18.8571428571|-1.3750000000,upper_grid,fit,loweps_low_q1001,/home/2/ks405818/Master/lyalpha_one_loop/runs/accdm/accdm_scan_loweps_lowf_q1001_v1/fits/accdm_logm18p8571428571429_logfm1p375.json,runs/accdm/accdm_scan_loweps_lowf_q1001_v1/fits/accdm_logm18p8571428571429_logfm1p375.json
18.8571428571|-1.3750000000,upper_grid,theory,loweps_low_q1001,/home/2/ks405818/Master/lyalpha_one_loop/runs/accdm/accdm_scan_loweps_lowf_q1001_v1/theory/accdm_logm18p8571428571429_logfm1p375.npz,runs/accdm/accdm_scan_loweps_lowf_q1001_v1/theory/accdm_logm18p8571428571429_logfm1p375.npz
19.0000000000|-1.3750000000,upper_grid,fit,loweps_low_q1001,/home/2/ks405818/Master/lyalpha_one_loop/runs/accdm/accdm_scan_loweps_lowf_q1001_v1/fits/accdm_logm19_logfm1p375.json,runs/accdm/accdm_scan_loweps_lowf_q1001_v1/fits/accdm_logm19_logfm1p375.json
19.0000000000|-1.3750000000,upper_grid,theory,loweps_low_q1001,/home/2/ks405818/Master/lyalpha_one_loop/runs/accdm/accdm_scan_loweps_lowf_q1001_v1/theory/accdm_logm19_logfm1p375.npz,runs/accdm/accdm_scan_loweps_lowf_q1001_v1/theory/accdm_logm19_logfm1p375.npz
19.1428571429|-1.3750000000,upper_grid,fit,loweps_low_q1001,/home/2/ks405818/Master/lyalpha_one_loop/runs/accdm/accdm_scan_loweps_lowf_q1001_v1/fits/accdm_logm19p1428571428571_logfm1p375.json,runs/accdm/accdm_scan_loweps_lowf_q1001_v1/fits/accdm_logm19p1428571428571_logfm1p375.json
19.1428571429|-1.3750000000,upper_grid,theory,loweps_low_q1001,/home/2/ks405818/Master/lyalpha_one_loop/runs/accdm/accdm_scan_loweps_lowf_q1001_v1/theory/accdm_logm19p1428571428571_logfm1p375.npz,runs/accdm/accdm_scan_loweps_lowf_q1001_v1/theory/accdm_logm19p1428571428571_logfm1p375.npz
19.2857142857|-1.3750000000,upper_grid,fit,loweps_low_q1001,/home/2/ks405818/Master/lyalpha_one_loop/runs/accdm/accdm_scan_loweps_lowf_q1001_v1/fits/accdm_logm19p2857142857143_logfm1p375.json,runs/accdm/accdm_scan_loweps_lowf_q1001_v1/fits/accdm_logm19p2857142857143_logfm1p375.json
19.2857142857|-1.3750000000,upper_grid,theory,loweps_low_q1001,/home/2/ks405818/Master/lyalpha_one_loop/runs/accdm/accdm_scan_loweps_lowf_q1001_v1/theory/accdm_logm19p2857142857143_logfm1p375.npz,runs/accdm/accdm_scan_loweps_lowf_q1001_v1/theory/accdm_logm19p2857142857143_logfm1p375.npz
19.4285714286|-1.3750000000,upper_grid,fit,loweps_low_q1001,/home/2/ks405818/Master/lyalpha_one_loop/runs/accdm/accdm_scan_loweps_lowf_q1001_v1/fits/accdm_logm19p4285714285714_logfm1p375.json,runs/accdm/accdm_scan_loweps_lowf_q1001_v1/fits/accdm_logm19p4285714285714_logfm1p375.json
19.4285714286|-1.3750000000,upper_grid,theory,loweps_low_q1001,/home/2/ks405818/Master/lyalpha_one_loop/runs/accdm/accdm_scan_loweps_lowf_q1001_v1/theory/accdm_logm19p4285714285714_logfm1p375.npz,runs/accdm/accdm_scan_loweps_lowf_q1001_v1/theory/accdm_logm19p4285714285714_logfm1p375.npz
11.0000000000|-1.3000000000,upper_grid,fit,low_q1001,/home/2/ks405818/Master/lyalpha_one_loop/runs/accdm/accdm_scan_lowf_q1001_v2/fits/accdm_logm11_logfm1p3.json,runs/accdm/accdm_scan_lowf_q1001_v2/fits/accdm_logm11_logfm1p3.json
11.0000000000|-1.3000000000,upper_grid,theory,low_q1001,/home/2/ks405818/Master/lyalpha_one_loop/runs/accdm/accdm_scan_lowf_q1001_v2/theory/accdm_logm11_logfm1p3.npz,runs/accdm/accdm_scan_lowf_q1001_v2/theory/accdm_logm11_logfm1p3.npz
11.1428571429|-1.3000000000,upper_grid,fit,low_q1001,/home/2/ks405818/Master/lyalpha_one_loop/runs/accdm/accdm_scan_lowf_q1001_v2/fits/accdm_logm11p1428571428571_logfm1p3.json,runs/accdm/accdm_scan_lowf_q1001_v2/fits/accdm_logm11p1428571428571_logfm1p3.json
11.1428571429|-1.3000000000,upper_grid,theory,low_q1001,/home/2/ks405818/Master/lyalpha_one_loop/runs/accdm/accdm_scan_lowf_q1001_v2/theory/accdm_logm11p1428571428571_logfm1p3.npz,runs/accdm/accdm_scan_lowf_q1001_v2/theory/accdm_logm11p1428571428571_logfm1p3.npz
11.2857142857|-1.3000000000,upper_grid,fit,low_q1001,/home/2/ks405818/Master/lyalpha_one_loop/runs/accdm/accdm_scan_lowf_q1001_v2/fits/accdm_logm11p2857142857143_logfm1p3.json,runs/accdm/accdm_scan_lowf_q1001_v2/fits/accdm_logm11p2857142857143_logfm1p3.json
11.2857142857|-1.3000000000,upper_grid,theory,low_q1001,/home/2/ks405818/Master/lyalpha_one_loop/runs/accdm/accdm_scan_lowf_q1001_v2/theory/accdm_logm11p2857142857143_logfm1p3.npz,runs/accdm/accdm_scan_lowf_q1001_v2/theory/accdm_logm11p2857142857143_logfm1p3.npz
11.4285714286|-1.3000000000,upper_grid,fit,low_q1001,/home/2/ks405818/Master/lyalpha_one_loop/runs/accdm/accdm_scan_lowf_q1001_v2/fits/accdm_logm11p4285714285714_logfm1p3.json,runs/accdm/accdm_scan_lowf_q1001_v2/fits/accdm_logm11p4285714285714_logfm1p3.json
11.4285714286|-1.3000000000,upper_grid,theory,low_q1001,/home/2/ks405818/Master/lyalpha_one_loop/runs/accdm/accdm_scan_lowf_q1001_v2/theory/accdm_logm11p4285714285714_logfm1p3.npz,runs/accdm/accdm_scan_lowf_q1001_v2/theory/accdm_logm11p4285714285714_logfm1p3.npz
11.5714285714|-1.3000000000,upper_grid,fit,low_q1001,/home/2/ks405818/Master/lyalpha_one_loop/runs/accdm/accdm_scan_lowf_q1001_v2/fits/accdm_logm11p5714285714286_logfm1p3.json,runs/accdm/accdm_scan_lowf_q1001_v2/fits/accdm_logm11p5714285714286_logfm1p3.json
11.5714285714|-1.3000000000,upper_grid,theory,low_q1001,/home/2/ks405818/Master/lyalpha_one_loop/runs/accdm/accdm_scan_lowf_q1001_v2/theory/accdm_logm11p5714285714286_logfm1p3.npz,runs/accdm/accdm_scan_lowf_q1001_v2/theory/accdm_logm11p5714285714286_logfm1p3.npz
11.7142857143|-1.3000000000,upper_grid,fit,low_q1001,/home/2/ks405818/Master/lyalpha_one_loop/runs/accdm/accdm_scan_lowf_q1001_v2/fits/accdm_logm11p7142857142857_logfm1p3.json,runs/accdm/accdm_scan_lowf_q1001_v2/fits/accdm_logm11p7142857142857_logfm1p3.json
11.7142857143|-1.3000000000,upper_grid,theory,low_q1001,/home/2/ks405818/Master/lyalpha_one_loop/runs/accdm/accdm_scan_lowf_q1001_v2/theory/accdm_logm11p7142857142857_logfm1p3.npz,runs/accdm/accdm_scan_lowf_q1001_v2/theory/accdm_logm11p7142857142857_logfm1p3.npz
11.8571428571|-1.3000000000,upper_grid,fit,low_q1001,/home/2/ks405818/Master/lyalpha_one_loop/runs/accdm/accdm_scan_lowf_q1001_v2/fits/accdm_logm11p8571428571429_logfm1p3.json,runs/accdm/accdm_scan_lowf_q1001_v2/fits/accdm_logm11p8571428571429_logfm1p3.json
11.8571428571|-1.3000000000,upper_grid,theory,low_q1001,/home/2/ks405818/Master/lyalpha_one_loop/runs/accdm/accdm_scan_lowf_q1001_v2/theory/accdm_logm11p8571428571429_logfm1p3.npz,runs/accdm/accdm_scan_lowf_q1001_v2/theory/accdm_logm11p8571428571429_logfm1p3.npz
12.0000000000|-1.3000000000,upper_grid,fit,low_q1001,/home/2/ks405818/Master/lyalpha_one_loop/runs/accdm/accdm_scan_lowf_q1001_v2/fits/accdm_logm12_logfm1p3.json,runs/accdm/accdm_scan_lowf_q1001_v2/fits/accdm_logm12_logfm1p3.json
12.0000000000|-1.3000000000,upper_grid,theory,low_q1001,/home/2/ks405818/Master/lyalpha_one_loop/runs/accdm/accdm_scan_lowf_q1001_v2/theory/accdm_logm12_logfm1p3.npz,runs/accdm/accdm_scan_lowf_q1001_v2/theory/accdm_logm12_logfm1p3.npz
12.1428571429|-1.3000000000,upper_grid,fit,low_q1001,/home/2/ks405818/Master/lyalpha_one_loop/runs/accdm/accdm_scan_lowf_q1001_v2/fits/accdm_logm12p1428571428571_logfm1p3.json,runs/accdm/accdm_scan_lowf_q1001_v2/fits/accdm_logm12p1428571428571_logfm1p3.json
12.1428571429|-1.3000000000,upper_grid,theory,low_q1001,/home/2/ks405818/Master/lyalpha_one_loop/runs/accdm/accdm_scan_lowf_q1001_v2/theory/accdm_logm12p1428571428571_logfm1p3.npz,runs/accdm/accdm_scan_lowf_q1001_v2/theory/accdm_logm12p1428571428571_logfm1p3.npz
12.2857142857|-1.3000000000,upper_grid,fit,low_q1001,/home/2/ks405818/Master/lyalpha_one_loop/runs/accdm/accdm_scan_lowf_q1001_v2/fits/accdm_logm12p2857142857143_logfm1p3.json,runs/accdm/accdm_scan_lowf_q1001_v2/fits/accdm_logm12p2857142857143_logfm1p3.json
12.2857142857|-1.3000000000,upper_grid,theory,low_q1001,/home/2/ks405818/Master/lyalpha_one_loop/runs/accdm/accdm_scan_lowf_q1001_v2/theory/accdm_logm12p2857142857143_logfm1p3.npz,runs/accdm/accdm_scan_lowf_q1001_v2/theory/accdm_logm12p2857142857143_logfm1p3.npz
12.4285714286|-1.3000000000,upper_grid,fit,low_q1001,/home/2/ks405818/Master/lyalpha_one_loop/runs/accdm/accdm_scan_lowf_q1001_v2/fits/accdm_logm12p4285714285714_logfm1p3.json,runs/accdm/accdm_scan_lowf_q1001_v2/fits/accdm_logm12p4285714285714_logfm1p3.json
12.4285714286|-1.3000000000,upper_grid,theory,low_q1001,/home/2/ks405818/Master/lyalpha_one_loop/runs/accdm/accdm_scan_lowf_q1001_v2/theory/accdm_logm12p4285714285714_logfm1p3.npz,runs/accdm/accdm_scan_lowf_q1001_v2/theory/accdm_logm12p4285714285714_logfm1p3.npz
12.5714285714|-1.3000000000,upper_grid,fit,low_q1001,/home/2/ks405818/Master/lyalpha_one_loop/runs/accdm/accdm_scan_lowf_q1001_v2/fits/accdm_logm12p5714285714286_logfm1p3.json,runs/accdm/accdm_scan_lowf_q1001_v2/fits/accdm_logm12p5714285714286_logfm1p3.json
12.5714285714|-1.3000000000,upper_grid,theory,low_q1001,/home/2/ks405818/Master/lyalpha_one_loop/runs/accdm/accdm_scan_lowf_q1001_v2/theory/accdm_logm12p5714285714286_logfm1p3.npz,runs/accdm/accdm_scan_lowf_q1001_v2/theory/accdm_logm12p5714285714286_logfm1p3.npz
12.7142857143|-1.3000000000,upper_grid,fit,low_q1001,/home/2/ks405818/Master/lyalpha_one_loop/runs/accdm/accdm_scan_lowf_q1001_v2/fits/accdm_logm12p7142857142857_logfm1p3.json,runs/accdm/accdm_scan_lowf_q1001_v2/fits/accdm_logm12p7142857142857_logfm1p3.json
12.7142857143|-1.3000000000,upper_grid,theory,low_q1001,/home/2/ks405818/Master/lyalpha_one_loop/runs/accdm/accdm_scan_lowf_q1001_v2/theory/accdm_logm12p7142857142857_logfm1p3.npz,runs/accdm/accdm_scan_lowf_q1001_v2/theory/accdm_logm12p7142857142857_logfm1p3.npz
12.8571428571|-1.3000000000,upper_grid,fit,low_q1001,/home/2/ks405818/Master/lyalpha_one_loop/runs/accdm/accdm_scan_lowf_q1001_v2/fits/accdm_logm12p8571428571429_logfm1p3.json,runs/accdm/accdm_scan_lowf_q1001_v2/fits/accdm_logm12p8571428571429_logfm1p3.json
12.8571428571|-1.3000000000,upper_grid,theory,low_q1001,/home/2/ks405818/Master/lyalpha_one_loop/runs/accdm/accdm_scan_lowf_q1001_v2/theory/accdm_logm12p8571428571429_logfm1p3.npz,runs/accdm/accdm_scan_lowf_q1001_v2/theory/accdm_logm12p8571428571429_logfm1p3.npz
13.0000000000|-1.3000000000,upper_grid,fit,low_q1001,/home/2/ks405818/Master/lyalpha_one_loop/runs/accdm/accdm_scan_lowf_q1001_v2/fits/accdm_logm13_logfm1p3.json,runs/accdm/accdm_scan_lowf_q1001_v2/fits/accdm_logm13_logfm1p3.json
13.0000000000|-1.3000000000,upper_grid,theory,low_q1001,/home/2/ks405818/Master/lyalpha_one_loop/runs/accdm/accdm_scan_lowf_q1001_v2/theory/accdm_logm13_logfm1p3.npz,runs/accdm/accdm_scan_lowf_q1001_v2/theory/accdm_logm13_logfm1p3.npz
13.1428571429|-1.3000000000,upper_grid,fit,low_q1001,/home/2/ks405818/Master/lyalpha_one_loop/runs/accdm/accdm_scan_lowf_q1001_v2/fits/accdm_logm13p1428571428571_logfm1p3.json,runs/accdm/accdm_scan_lowf_q1001_v2/fits/accdm_logm13p1428571428571_logfm1p3.json
13.1428571429|-1.3000000000,upper_grid,theory,low_q1001,/home/2/ks405818/Master/lyalpha_one_loop/runs/accdm/accdm_scan_lowf_q1001_v2/theory/accdm_logm13p1428571428571_logfm1p3.npz,runs/accdm/accdm_scan_lowf_q1001_v2/theory/accdm_logm13p1428571428571_logfm1p3.npz
13.2857142857|-1.3000000000,upper_grid,fit,low_q1001,/home/2/ks405818/Master/lyalpha_one_loop/runs/accdm/accdm_scan_lowf_q1001_v2/fits/accdm_logm13p2857142857143_logfm1p3.json,runs/accdm/accdm_scan_lowf_q1001_v2/fits/accdm_logm13p2857142857143_logfm1p3.json
13.2857142857|-1.3000000000,upper_grid,theory,low_q1001,/home/2/ks405818/Master/lyalpha_one_loop/runs/accdm/accdm_scan_lowf_q1001_v2/theory/accdm_logm13p2857142857143_logfm1p3.npz,runs/accdm/accdm_scan_lowf_q1001_v2/theory/accdm_logm13p2857142857143_logfm1p3.npz
13.4285714286|-1.3000000000,upper_grid,fit,low_q1001,/home/2/ks405818/Master/lyalpha_one_loop/runs/accdm/accdm_scan_lowf_q1001_v2/fits/accdm_logm13p4285714285714_logfm1p3.json,runs/accdm/accdm_scan_lowf_q1001_v2/fits/accdm_logm13p4285714285714_logfm1p3.json
13.4285714286|-1.3000000000,upper_grid,theory,low_q1001,/home/2/ks405818/Master/lyalpha_one_loop/runs/accdm/accdm_scan_lowf_q1001_v2/theory/accdm_logm13p4285714285714_logfm1p3.npz,runs/accdm/accdm_scan_lowf_q1001_v2/theory/accdm_logm13p4285714285714_logfm1p3.npz
13.5714285714|-1.3000000000,upper_grid,fit,low_q1001,/home/2/ks405818/Master/lyalpha_one_loop/runs/accdm/accdm_scan_lowf_q1001_v2/fits/accdm_logm13p5714285714286_logfm1p3.json,runs/accdm/accdm_scan_lowf_q1001_v2/fits/accdm_logm13p5714285714286_logfm1p3.json
13.5714285714|-1.3000000000,upper_grid,theory,low_q1001,/home/2/ks405818/Master/lyalpha_one_loop/runs/accdm/accdm_scan_lowf_q1001_v2/theory/accdm_logm13p5714285714286_logfm1p3.npz,runs/accdm/accdm_scan_lowf_q1001_v2/theory/accdm_logm13p5714285714286_logfm1p3.npz
13.7142857143|-1.3000000000,upper_grid,fit,low_q1001,/home/2/ks405818/Master/lyalpha_one_loop/runs/accdm/accdm_scan_lowf_q1001_v2/fits/accdm_logm13p7142857142857_logfm1p3.json,runs/accdm/accdm_scan_lowf_q1001_v2/fits/accdm_logm13p7142857142857_logfm1p3.json
13.7142857143|-1.3000000000,upper_grid,theory,low_q1001,/home/2/ks405818/Master/lyalpha_one_loop/runs/accdm/accdm_scan_lowf_q1001_v2/theory/accdm_logm13p7142857142857_logfm1p3.npz,runs/accdm/accdm_scan_lowf_q1001_v2/theory/accdm_logm13p7142857142857_logfm1p3.npz
13.8571428571|-1.3000000000,upper_grid,fit,low_q1001,/home/2/ks405818/Master/lyalpha_one_loop/runs/accdm/accdm_scan_lowf_q1001_v2/fits/accdm_logm13p8571428571429_logfm1p3.json,runs/accdm/accdm_scan_lowf_q1001_v2/fits/accdm_logm13p8571428571429_logfm1p3.json
13.8571428571|-1.3000000000,upper_grid,theory,low_q1001,/home/2/ks405818/Master/lyalpha_one_loop/runs/accdm/accdm_scan_lowf_q1001_v2/theory/accdm_logm13p8571428571429_logfm1p3.npz,runs/accdm/accdm_scan_lowf_q1001_v2/theory/accdm_logm13p8571428571429_logfm1p3.npz
14.0000000000|-1.3000000000,upper_grid,fit,low_q1001,/home/2/ks405818/Master/lyalpha_one_loop/runs/accdm/accdm_scan_lowf_q1001_v2/fits/accdm_logm14_logfm1p3.json,runs/accdm/accdm_scan_lowf_q1001_v2/fits/accdm_logm14_logfm1p3.json
14.0000000000|-1.3000000000,upper_grid,theory,low_q1001,/home/2/ks405818/Master/lyalpha_one_loop/runs/accdm/accdm_scan_lowf_q1001_v2/theory/accdm_logm14_logfm1p3.npz,runs/accdm/accdm_scan_lowf_q1001_v2/theory/accdm_logm14_logfm1p3.npz
14.1428571429|-1.3000000000,upper_grid,fit,low_q1001,/home/2/ks405818/Master/lyalpha_one_loop/runs/accdm/accdm_scan_lowf_q1001_v2/fits/accdm_logm14p1428571428571_logfm1p3.json,runs/accdm/accdm_scan_lowf_q1001_v2/fits/accdm_logm14p1428571428571_logfm1p3.json
14.1428571429|-1.3000000000,upper_grid,theory,low_q1001,/home/2/ks405818/Master/lyalpha_one_loop/runs/accdm/accdm_scan_lowf_q1001_v2/theory/accdm_logm14p1428571428571_logfm1p3.npz,runs/accdm/accdm_scan_lowf_q1001_v2/theory/accdm_logm14p1428571428571_logfm1p3.npz
14.2857142857|-1.3000000000,upper_grid,fit,low_q1001,/home/2/ks405818/Master/lyalpha_one_loop/runs/accdm/accdm_scan_lowf_q1001_v2/fits/accdm_logm14p2857142857143_logfm1p3.json,runs/accdm/accdm_scan_lowf_q1001_v2/fits/accdm_logm14p2857142857143_logfm1p3.json
14.2857142857|-1.3000000000,upper_grid,theory,low_q1001,/home/2/ks405818/Master/lyalpha_one_loop/runs/accdm/accdm_scan_lowf_q1001_v2/theory/accdm_logm14p2857142857143_logfm1p3.npz,runs/accdm/accdm_scan_lowf_q1001_v2/theory/accdm_logm14p2857142857143_logfm1p3.npz
14.4285714286|-1.3000000000,upper_grid,fit,low_q1001,/home/2/ks405818/Master/lyalpha_one_loop/runs/accdm/accdm_scan_lowf_q1001_v2/fits/accdm_logm14p4285714285714_logfm1p3.json,runs/accdm/accdm_scan_lowf_q1001_v2/fits/accdm_logm14p4285714285714_logfm1p3.json
14.4285714286|-1.3000000000,upper_grid,theory,low_q1001,/home/2/ks405818/Master/lyalpha_one_loop/runs/accdm/accdm_scan_lowf_q1001_v2/theory/accdm_logm14p4285714285714_logfm1p3.npz,runs/accdm/accdm_scan_lowf_q1001_v2/theory/accdm_logm14p4285714285714_logfm1p3.npz
14.5714285714|-1.3000000000,upper_grid,fit,low_q1001,/home/2/ks405818/Master/lyalpha_one_loop/runs/accdm/accdm_scan_lowf_q1001_v2/fits/accdm_logm14p5714285714286_logfm1p3.json,runs/accdm/accdm_scan_lowf_q1001_v2/fits/accdm_logm14p5714285714286_logfm1p3.json
14.5714285714|-1.3000000000,upper_grid,theory,low_q1001,/home/2/ks405818/Master/lyalpha_one_loop/runs/accdm/accdm_scan_lowf_q1001_v2/theory/accdm_logm14p5714285714286_logfm1p3.npz,runs/accdm/accdm_scan_lowf_q1001_v2/theory/accdm_logm14p5714285714286_logfm1p3.npz
14.7142857143|-1.3000000000,upper_grid,fit,low_q1001,/home/2/ks405818/Master/lyalpha_one_loop/runs/accdm/accdm_scan_lowf_q1001_v2/fits/accdm_logm14p7142857142857_logfm1p3.json,runs/accdm/accdm_scan_lowf_q1001_v2/fits/accdm_logm14p7142857142857_logfm1p3.json
14.7142857143|-1.3000000000,upper_grid,theory,low_q1001,/home/2/ks405818/Master/lyalpha_one_loop/runs/accdm/accdm_scan_lowf_q1001_v2/theory/accdm_logm14p7142857142857_logfm1p3.npz,runs/accdm/accdm_scan_lowf_q1001_v2/theory/accdm_logm14p7142857142857_logfm1p3.npz
14.8571428571|-1.3000000000,upper_grid,fit,low_q1001,/home/2/ks405818/Master/lyalpha_one_loop/runs/accdm/accdm_scan_lowf_q1001_v2/fits/accdm_logm14p8571428571429_logfm1p3.json,runs/accdm/accdm_scan_lowf_q1001_v2/fits/accdm_logm14p8571428571429_logfm1p3.json
14.8571428571|-1.3000000000,upper_grid,theory,low_q1001,/home/2/ks405818/Master/lyalpha_one_loop/runs/accdm/accdm_scan_lowf_q1001_v2/theory/accdm_logm14p8571428571429_logfm1p3.npz,runs/accdm/accdm_scan_lowf_q1001_v2/theory/accdm_logm14p8571428571429_logfm1p3.npz
15.0000000000|-1.3000000000,upper_grid,fit,low_q1001,/home/2/ks405818/Master/lyalpha_one_loop/runs/accdm/accdm_scan_lowf_q1001_v2/fits/accdm_logm15_logfm1p3.json,runs/accdm/accdm_scan_lowf_q1001_v2/fits/accdm_logm15_logfm1p3.json
15.0000000000|-1.3000000000,upper_grid,theory,low_q1001,/home/2/ks405818/Master/lyalpha_one_loop/runs/accdm/accdm_scan_lowf_q1001_v2/theory/accdm_logm15_logfm1p3.npz,runs/accdm/accdm_scan_lowf_q1001_v2/theory/accdm_logm15_logfm1p3.npz
15.1428571429|-1.3000000000,upper_grid,fit,low_q1001,/home/2/ks405818/Master/lyalpha_one_loop/runs/accdm/accdm_scan_lowf_q1001_v2/fits/accdm_logm15p1428571428571_logfm1p3.json,runs/accdm/accdm_scan_lowf_q1001_v2/fits/accdm_logm15p1428571428571_logfm1p3.json
15.1428571429|-1.3000000000,upper_grid,theory,low_q1001,/home/2/ks405818/Master/lyalpha_one_loop/runs/accdm/accdm_scan_lowf_q1001_v2/theory/accdm_logm15p1428571428571_logfm1p3.npz,runs/accdm/accdm_scan_lowf_q1001_v2/theory/accdm_logm15p1428571428571_logfm1p3.npz
15.2857142857|-1.3000000000,upper_grid,fit,low_q1001,/home/2/ks405818/Master/lyalpha_one_loop/runs/accdm/accdm_scan_lowf_q1001_v2/fits/accdm_logm15p2857142857143_logfm1p3.json,runs/accdm/accdm_scan_lowf_q1001_v2/fits/accdm_logm15p2857142857143_logfm1p3.json
15.2857142857|-1.3000000000,upper_grid,theory,low_q1001,/home/2/ks405818/Master/lyalpha_one_loop/runs/accdm/accdm_scan_lowf_q1001_v2/theory/accdm_logm15p2857142857143_logfm1p3.npz,runs/accdm/accdm_scan_lowf_q1001_v2/theory/accdm_logm15p2857142857143_logfm1p3.npz
15.4285714286|-1.3000000000,upper_grid,fit,low_q1001,/home/2/ks405818/Master/lyalpha_one_loop/runs/accdm/accdm_scan_lowf_q1001_v2/fits/accdm_logm15p4285714285714_logfm1p3.json,runs/accdm/accdm_scan_lowf_q1001_v2/fits/accdm_logm15p4285714285714_logfm1p3.json
15.4285714286|-1.3000000000,upper_grid,theory,low_q1001,/home/2/ks405818/Master/lyalpha_one_loop/runs/accdm/accdm_scan_lowf_q1001_v2/theory/accdm_logm15p4285714285714_logfm1p3.npz,runs/accdm/accdm_scan_lowf_q1001_v2/theory/accdm_logm15p4285714285714_logfm1p3.npz
15.5714285714|-1.3000000000,upper_grid,fit,low_q1001,/home/2/ks405818/Master/lyalpha_one_loop/runs/accdm/accdm_scan_lowf_q1001_v2/fits/accdm_logm15p5714285714286_logfm1p3.json,runs/accdm/accdm_scan_lowf_q1001_v2/fits/accdm_logm15p5714285714286_logfm1p3.json
15.5714285714|-1.3000000000,upper_grid,theory,low_q1001,/home/2/ks405818/Master/lyalpha_one_loop/runs/accdm/accdm_scan_lowf_q1001_v2/theory/accdm_logm15p5714285714286_logfm1p3.npz,runs/accdm/accdm_scan_lowf_q1001_v2/theory/accdm_logm15p5714285714286_logfm1p3.npz
15.7142857143|-1.3000000000,upper_grid,fit,low_q1001,/home/2/ks405818/Master/lyalpha_one_loop/runs/accdm/accdm_scan_lowf_q1001_v2/fits/accdm_logm15p7142857142857_logfm1p3.json,runs/accdm/accdm_scan_lowf_q1001_v2/fits/accdm_logm15p7142857142857_logfm1p3.json
15.7142857143|-1.3000000000,upper_grid,theory,low_q1001,/home/2/ks405818/Master/lyalpha_one_loop/runs/accdm/accdm_scan_lowf_q1001_v2/theory/accdm_logm15p7142857142857_logfm1p3.npz,runs/accdm/accdm_scan_lowf_q1001_v2/theory/accdm_logm15p7142857142857_logfm1p3.npz
15.8571428571|-1.3000000000,upper_grid,fit,low_q1001,/home/2/ks405818/Master/lyalpha_one_loop/runs/accdm/accdm_scan_lowf_q1001_v2/fits/accdm_logm15p8571428571429_logfm1p3.json,runs/accdm/accdm_scan_lowf_q1001_v2/fits/accdm_logm15p8571428571429_logfm1p3.json
15.8571428571|-1.3000000000,upper_grid,theory,low_q1001,/home/2/ks405818/Master/lyalpha_one_loop/runs/accdm/accdm_scan_lowf_q1001_v2/theory/accdm_logm15p8571428571429_logfm1p3.npz,runs/accdm/accdm_scan_lowf_q1001_v2/theory/accdm_logm15p8571428571429_logfm1p3.npz
16.0000000000|-1.3000000000,upper_grid,fit,low_q1001,/home/2/ks405818/Master/lyalpha_one_loop/runs/accdm/accdm_scan_lowf_q1001_v2/fits/accdm_logm16_logfm1p3.json,runs/accdm/accdm_scan_lowf_q1001_v2/fits/accdm_logm16_logfm1p3.json
16.0000000000|-1.3000000000,upper_grid,theory,low_q1001,/home/2/ks405818/Master/lyalpha_one_loop/runs/accdm/accdm_scan_lowf_q1001_v2/theory/accdm_logm16_logfm1p3.npz,runs/accdm/accdm_scan_lowf_q1001_v2/theory/accdm_logm16_logfm1p3.npz
16.1428571429|-1.3000000000,upper_grid,fit,low_q1001,/home/2/ks405818/Master/lyalpha_one_loop/runs/accdm/accdm_scan_lowf_q1001_v2/fits/accdm_logm16p1428571428571_logfm1p3.json,runs/accdm/accdm_scan_lowf_q1001_v2/fits/accdm_logm16p1428571428571_logfm1p3.json
16.1428571429|-1.3000000000,upper_grid,theory,low_q1001,/home/2/ks405818/Master/lyalpha_one_loop/runs/accdm/accdm_scan_lowf_q1001_v2/theory/accdm_logm16p1428571428571_logfm1p3.npz,runs/accdm/accdm_scan_lowf_q1001_v2/theory/accdm_logm16p1428571428571_logfm1p3.npz
16.2857142857|-1.3000000000,upper_grid,fit,low_q1001,/home/2/ks405818/Master/lyalpha_one_loop/runs/accdm/accdm_scan_lowf_q1001_v2/fits/accdm_logm16p2857142857143_logfm1p3.json,runs/accdm/accdm_scan_lowf_q1001_v2/fits/accdm_logm16p2857142857143_logfm1p3.json
16.2857142857|-1.3000000000,upper_grid,theory,low_q1001,/home/2/ks405818/Master/lyalpha_one_loop/runs/accdm/accdm_scan_lowf_q1001_v2/theory/accdm_logm16p2857142857143_logfm1p3.npz,runs/accdm/accdm_scan_lowf_q1001_v2/theory/accdm_logm16p2857142857143_logfm1p3.npz
16.4285714286|-1.3000000000,upper_grid,fit,low_q1001,/home/2/ks405818/Master/lyalpha_one_loop/runs/accdm/accdm_scan_lowf_q1001_v2/fits/accdm_logm16p4285714285714_logfm1p3.json,runs/accdm/accdm_scan_lowf_q1001_v2/fits/accdm_logm16p4285714285714_logfm1p3.json
16.4285714286|-1.3000000000,upper_grid,theory,low_q1001,/home/2/ks405818/Master/lyalpha_one_loop/runs/accdm/accdm_scan_lowf_q1001_v2/theory/accdm_logm16p4285714285714_logfm1p3.npz,runs/accdm/accdm_scan_lowf_q1001_v2/theory/accdm_logm16p4285714285714_logfm1p3.npz
16.5714285714|-1.3000000000,upper_grid,fit,low_q1001,/home/2/ks405818/Master/lyalpha_one_loop/runs/accdm/accdm_scan_lowf_q1001_v2/fits/accdm_logm16p5714285714286_logfm1p3.json,runs/accdm/accdm_scan_lowf_q1001_v2/fits/accdm_logm16p5714285714286_logfm1p3.json
16.5714285714|-1.3000000000,upper_grid,theory,low_q1001,/home/2/ks405818/Master/lyalpha_one_loop/runs/accdm/accdm_scan_lowf_q1001_v2/theory/accdm_logm16p5714285714286_logfm1p3.npz,runs/accdm/accdm_scan_lowf_q1001_v2/theory/accdm_logm16p5714285714286_logfm1p3.npz
16.7142857143|-1.3000000000,upper_grid,fit,low_q1001,/home/2/ks405818/Master/lyalpha_one_loop/runs/accdm/accdm_scan_lowf_q1001_v2/fits/accdm_logm16p7142857142857_logfm1p3.json,runs/accdm/accdm_scan_lowf_q1001_v2/fits/accdm_logm16p7142857142857_logfm1p3.json
16.7142857143|-1.3000000000,upper_grid,theory,low_q1001,/home/2/ks405818/Master/lyalpha_one_loop/runs/accdm/accdm_scan_lowf_q1001_v2/theory/accdm_logm16p7142857142857_logfm1p3.npz,runs/accdm/accdm_scan_lowf_q1001_v2/theory/accdm_logm16p7142857142857_logfm1p3.npz
16.8571428571|-1.3000000000,upper_grid,fit,low_q1001,/home/2/ks405818/Master/lyalpha_one_loop/runs/accdm/accdm_scan_lowf_q1001_v2/fits/accdm_logm16p8571428571429_logfm1p3.json,runs/accdm/accdm_scan_lowf_q1001_v2/fits/accdm_logm16p8571428571429_logfm1p3.json
16.8571428571|-1.3000000000,upper_grid,theory,low_q1001,/home/2/ks405818/Master/lyalpha_one_loop/runs/accdm/accdm_scan_lowf_q1001_v2/theory/accdm_logm16p8571428571429_logfm1p3.npz,runs/accdm/accdm_scan_lowf_q1001_v2/theory/accdm_logm16p8571428571429_logfm1p3.npz
17.0000000000|-1.3000000000,upper_grid,fit,low_q1001,/home/2/ks405818/Master/lyalpha_one_loop/runs/accdm/accdm_scan_lowf_q1001_v2/fits/accdm_logm17_logfm1p3.json,runs/accdm/accdm_scan_lowf_q1001_v2/fits/accdm_logm17_logfm1p3.json
17.0000000000|-1.3000000000,upper_grid,theory,low_q1001,/home/2/ks405818/Master/lyalpha_one_loop/runs/accdm/accdm_scan_lowf_q1001_v2/theory/accdm_logm17_logfm1p3.npz,runs/accdm/accdm_scan_lowf_q1001_v2/theory/accdm_logm17_logfm1p3.npz
17.1428571429|-1.3000000000,upper_grid,fit,low_q1001,/home/2/ks405818/Master/lyalpha_one_loop/runs/accdm/accdm_scan_lowf_q1001_v2/fits/accdm_logm17p1428571428571_logfm1p3.json,runs/accdm/accdm_scan_lowf_q1001_v2/fits/accdm_logm17p1428571428571_logfm1p3.json
17.1428571429|-1.3000000000,upper_grid,theory,low_q1001,/home/2/ks405818/Master/lyalpha_one_loop/runs/accdm/accdm_scan_lowf_q1001_v2/theory/accdm_logm17p1428571428571_logfm1p3.npz,runs/accdm/accdm_scan_lowf_q1001_v2/theory/accdm_logm17p1428571428571_logfm1p3.npz
17.2857142857|-1.3000000000,upper_grid,fit,low_q1001,/home/2/ks405818/Master/lyalpha_one_loop/runs/accdm/accdm_scan_lowf_q1001_v2/fits/accdm_logm17p2857142857143_logfm1p3.json,runs/accdm/accdm_scan_lowf_q1001_v2/fits/accdm_logm17p2857142857143_logfm1p3.json
17.2857142857|-1.3000000000,upper_grid,theory,low_q1001,/home/2/ks405818/Master/lyalpha_one_loop/runs/accdm/accdm_scan_lowf_q1001_v2/theory/accdm_logm17p2857142857143_logfm1p3.npz,runs/accdm/accdm_scan_lowf_q1001_v2/theory/accdm_logm17p2857142857143_logfm1p3.npz
17.4285714286|-1.3000000000,upper_grid,fit,low_q1001,/home/2/ks405818/Master/lyalpha_one_loop/runs/accdm/accdm_scan_lowf_q1001_v2/fits/accdm_logm17p4285714285714_logfm1p3.json,runs/accdm/accdm_scan_lowf_q1001_v2/fits/accdm_logm17p4285714285714_logfm1p3.json
17.4285714286|-1.3000000000,upper_grid,theory,low_q1001,/home/2/ks405818/Master/lyalpha_one_loop/runs/accdm/accdm_scan_lowf_q1001_v2/theory/accdm_logm17p4285714285714_logfm1p3.npz,runs/accdm/accdm_scan_lowf_q1001_v2/theory/accdm_logm17p4285714285714_logfm1p3.npz
17.5714285714|-1.3000000000,upper_grid,fit,low_q1001,/home/2/ks405818/Master/lyalpha_one_loop/runs/accdm/accdm_scan_lowf_q1001_v2/fits/accdm_logm17p5714285714286_logfm1p3.json,runs/accdm/accdm_scan_lowf_q1001_v2/fits/accdm_logm17p5714285714286_logfm1p3.json
17.5714285714|-1.3000000000,upper_grid,theory,low_q1001,/home/2/ks405818/Master/lyalpha_one_loop/runs/accdm/accdm_scan_lowf_q1001_v2/theory/accdm_logm17p5714285714286_logfm1p3.npz,runs/accdm/accdm_scan_lowf_q1001_v2/theory/accdm_logm17p5714285714286_logfm1p3.npz
17.7142857143|-1.3000000000,upper_grid,fit,low_q1001,/home/2/ks405818/Master/lyalpha_one_loop/runs/accdm/accdm_scan_lowf_q1001_v2/fits/accdm_logm17p7142857142857_logfm1p3.json,runs/accdm/accdm_scan_lowf_q1001_v2/fits/accdm_logm17p7142857142857_logfm1p3.json
17.7142857143|-1.3000000000,upper_grid,theory,low_q1001,/home/2/ks405818/Master/lyalpha_one_loop/runs/accdm/accdm_scan_lowf_q1001_v2/theory/accdm_logm17p7142857142857_logfm1p3.npz,runs/accdm/accdm_scan_lowf_q1001_v2/theory/accdm_logm17p7142857142857_logfm1p3.npz
17.8571428571|-1.3000000000,upper_grid,fit,low_q1001,/home/2/ks405818/Master/lyalpha_one_loop/runs/accdm/accdm_scan_lowf_q1001_v2/fits/accdm_logm17p8571428571429_logfm1p3.json,runs/accdm/accdm_scan_lowf_q1001_v2/fits/accdm_logm17p8571428571429_logfm1p3.json
17.8571428571|-1.3000000000,upper_grid,theory,low_q1001,/home/2/ks405818/Master/lyalpha_one_loop/runs/accdm/accdm_scan_lowf_q1001_v2/theory/accdm_logm17p8571428571429_logfm1p3.npz,runs/accdm/accdm_scan_lowf_q1001_v2/theory/accdm_logm17p8571428571429_logfm1p3.npz
18.0000000000|-1.3000000000,upper_grid,fit,low_q1001,/home/2/ks405818/Master/lyalpha_one_loop/runs/accdm/accdm_scan_lowf_q1001_v2/fits/accdm_logm18_logfm1p3.json,runs/accdm/accdm_scan_lowf_q1001_v2/fits/accdm_logm18_logfm1p3.json
18.0000000000|-1.3000000000,upper_grid,theory,low_q1001,/home/2/ks405818/Master/lyalpha_one_loop/runs/accdm/accdm_scan_lowf_q1001_v2/theory/accdm_logm18_logfm1p3.npz,runs/accdm/accdm_scan_lowf_q1001_v2/theory/accdm_logm18_logfm1p3.npz
18.1428571429|-1.3000000000,upper_grid,fit,loweps_low_q1001,/home/2/ks405818/Master/lyalpha_one_loop/runs/accdm/accdm_scan_loweps_lowf_q1001_v1/fits/accdm_logm18p1428571428571_logfm1p3.json,runs/accdm/accdm_scan_loweps_lowf_q1001_v1/fits/accdm_logm18p1428571428571_logfm1p3.json
18.1428571429|-1.3000000000,upper_grid,theory,loweps_low_q1001,/home/2/ks405818/Master/lyalpha_one_loop/runs/accdm/accdm_scan_loweps_lowf_q1001_v1/theory/accdm_logm18p1428571428571_logfm1p3.npz,runs/accdm/accdm_scan_loweps_lowf_q1001_v1/theory/accdm_logm18p1428571428571_logfm1p3.npz
18.2857142857|-1.3000000000,upper_grid,fit,loweps_low_q1001,/home/2/ks405818/Master/lyalpha_one_loop/runs/accdm/accdm_scan_loweps_lowf_q1001_v1/fits/accdm_logm18p2857142857143_logfm1p3.json,runs/accdm/accdm_scan_loweps_lowf_q1001_v1/fits/accdm_logm18p2857142857143_logfm1p3.json
18.2857142857|-1.3000000000,upper_grid,theory,loweps_low_q1001,/home/2/ks405818/Master/lyalpha_one_loop/runs/accdm/accdm_scan_loweps_lowf_q1001_v1/theory/accdm_logm18p2857142857143_logfm1p3.npz,runs/accdm/accdm_scan_loweps_lowf_q1001_v1/theory/accdm_logm18p2857142857143_logfm1p3.npz
18.4285714286|-1.3000000000,upper_grid,fit,loweps_low_q1001,/home/2/ks405818/Master/lyalpha_one_loop/runs/accdm/accdm_scan_loweps_lowf_q1001_v1/fits/accdm_logm18p4285714285714_logfm1p3.json,runs/accdm/accdm_scan_loweps_lowf_q1001_v1/fits/accdm_logm18p4285714285714_logfm1p3.json
18.4285714286|-1.3000000000,upper_grid,theory,loweps_low_q1001,/home/2/ks405818/Master/lyalpha_one_loop/runs/accdm/accdm_scan_loweps_lowf_q1001_v1/theory/accdm_logm18p4285714285714_logfm1p3.npz,runs/accdm/accdm_scan_loweps_lowf_q1001_v1/theory/accdm_logm18p4285714285714_logfm1p3.npz
18.5714285714|-1.3000000000,upper_grid,fit,loweps_low_q1001,/home/2/ks405818/Master/lyalpha_one_loop/runs/accdm/accdm_scan_loweps_lowf_q1001_v1/fits/accdm_logm18p5714285714286_logfm1p3.json,runs/accdm/accdm_scan_loweps_lowf_q1001_v1/fits/accdm_logm18p5714285714286_logfm1p3.json
18.5714285714|-1.3000000000,upper_grid,theory,loweps_low_q1001,/home/2/ks405818/Master/lyalpha_one_loop/runs/accdm/accdm_scan_loweps_lowf_q1001_v1/theory/accdm_logm18p5714285714286_logfm1p3.npz,runs/accdm/accdm_scan_loweps_lowf_q1001_v1/theory/accdm_logm18p5714285714286_logfm1p3.npz
18.7142857143|-1.3000000000,upper_grid,fit,loweps_low_q1001,/home/2/ks405818/Master/lyalpha_one_loop/runs/accdm/accdm_scan_loweps_lowf_q1001_v1/fits/accdm_logm18p7142857142857_logfm1p3.json,runs/accdm/accdm_scan_loweps_lowf_q1001_v1/fits/accdm_logm18p7142857142857_logfm1p3.json
18.7142857143|-1.3000000000,upper_grid,theory,loweps_low_q1001,/home/2/ks405818/Master/lyalpha_one_loop/runs/accdm/accdm_scan_loweps_lowf_q1001_v1/theory/accdm_logm18p7142857142857_logfm1p3.npz,runs/accdm/accdm_scan_loweps_lowf_q1001_v1/theory/accdm_logm18p7142857142857_logfm1p3.npz
18.8571428571|-1.3000000000,upper_grid,fit,loweps_low_q1001,/home/2/ks405818/Master/lyalpha_one_loop/runs/accdm/accdm_scan_loweps_lowf_q1001_v1/fits/accdm_logm18p8571428571429_logfm1p3.json,runs/accdm/accdm_scan_loweps_lowf_q1001_v1/fits/accdm_logm18p8571428571429_logfm1p3.json
18.8571428571|-1.3000000000,upper_grid,theory,loweps_low_q1001,/home/2/ks405818/Master/lyalpha_one_loop/runs/accdm/accdm_scan_loweps_lowf_q1001_v1/theory/accdm_logm18p8571428571429_logfm1p3.npz,runs/accdm/accdm_scan_loweps_lowf_q1001_v1/theory/accdm_logm18p8571428571429_logfm1p3.npz
19.0000000000|-1.3000000000,upper_grid,fit,loweps_low_q1001,/home/2/ks405818/Master/lyalpha_one_loop/runs/accdm/accdm_scan_loweps_lowf_q1001_v1/fits/accdm_logm19_logfm1p3.json,runs/accdm/accdm_scan_loweps_lowf_q1001_v1/fits/accdm_logm19_logfm1p3.json
19.0000000000|-1.3000000000,upper_grid,theory,loweps_low_q1001,/home/2/ks405818/Master/lyalpha_one_loop/runs/accdm/accdm_scan_loweps_lowf_q1001_v1/theory/accdm_logm19_logfm1p3.npz,runs/accdm/accdm_scan_loweps_lowf_q1001_v1/theory/accdm_logm19_logfm1p3.npz
19.1428571429|-1.3000000000,upper_grid,fit,loweps_low_q1001,/home/2/ks405818/Master/lyalpha_one_loop/runs/accdm/accdm_scan_loweps_lowf_q1001_v1/fits/accdm_logm19p1428571428571_logfm1p3.json,runs/accdm/accdm_scan_loweps_lowf_q1001_v1/fits/accdm_logm19p1428571428571_logfm1p3.json
19.1428571429|-1.3000000000,upper_grid,theory,loweps_low_q1001,/home/2/ks405818/Master/lyalpha_one_loop/runs/accdm/accdm_scan_loweps_lowf_q1001_v1/theory/accdm_logm19p1428571428571_logfm1p3.npz,runs/accdm/accdm_scan_loweps_lowf_q1001_v1/theory/accdm_logm19p1428571428571_logfm1p3.npz
19.2857142857|-1.3000000000,upper_grid,fit,loweps_low_q1001,/home/2/ks405818/Master/lyalpha_one_loop/runs/accdm/accdm_scan_loweps_lowf_q1001_v1/fits/accdm_logm19p2857142857143_logfm1p3.json,runs/accdm/accdm_scan_loweps_lowf_q1001_v1/fits/accdm_logm19p2857142857143_logfm1p3.json
19.2857142857|-1.3000000000,upper_grid,theory,loweps_low_q1001,/home/2/ks405818/Master/lyalpha_one_loop/runs/accdm/accdm_scan_loweps_lowf_q1001_v1/theory/accdm_logm19p2857142857143_logfm1p3.npz,runs/accdm/accdm_scan_loweps_lowf_q1001_v1/theory/accdm_logm19p2857142857143_logfm1p3.npz
19.4285714286|-1.3000000000,upper_grid,fit,loweps_low_q1001,/home/2/ks405818/Master/lyalpha_one_loop/runs/accdm/accdm_scan_loweps_lowf_q1001_v1/fits/accdm_logm19p4285714285714_logfm1p3.json,runs/accdm/accdm_scan_loweps_lowf_q1001_v1/fits/accdm_logm19p4285714285714_logfm1p3.json
19.4285714286|-1.3000000000,upper_grid,theory,loweps_low_q1001,/home/2/ks405818/Master/lyalpha_one_loop/runs/accdm/accdm_scan_loweps_lowf_q1001_v1/theory/accdm_logm19p4285714285714_logfm1p3.npz,runs/accdm/accdm_scan_loweps_lowf_q1001_v1/theory/accdm_logm19p4285714285714_logfm1p3.npz
11.0000000000|-1.2250000000,upper_grid,fit,low_q1001,/home/2/ks405818/Master/lyalpha_one_loop/runs/accdm/accdm_scan_lowf_q1001_v2/fits/accdm_logm11_logfm1p225.json,runs/accdm/accdm_scan_lowf_q1001_v2/fits/accdm_logm11_logfm1p225.json
11.0000000000|-1.2250000000,upper_grid,theory,low_q1001,/home/2/ks405818/Master/lyalpha_one_loop/runs/accdm/accdm_scan_lowf_q1001_v2/theory/accdm_logm11_logfm1p225.npz,runs/accdm/accdm_scan_lowf_q1001_v2/theory/accdm_logm11_logfm1p225.npz
11.1428571429|-1.2250000000,upper_grid,fit,low_q1001,/home/2/ks405818/Master/lyalpha_one_loop/runs/accdm/accdm_scan_lowf_q1001_v2/fits/accdm_logm11p1428571428571_logfm1p225.json,runs/accdm/accdm_scan_lowf_q1001_v2/fits/accdm_logm11p1428571428571_logfm1p225.json
11.1428571429|-1.2250000000,upper_grid,theory,low_q1001,/home/2/ks405818/Master/lyalpha_one_loop/runs/accdm/accdm_scan_lowf_q1001_v2/theory/accdm_logm11p1428571428571_logfm1p225.npz,runs/accdm/accdm_scan_lowf_q1001_v2/theory/accdm_logm11p1428571428571_logfm1p225.npz
11.2857142857|-1.2250000000,upper_grid,fit,low_q1001,/home/2/ks405818/Master/lyalpha_one_loop/runs/accdm/accdm_scan_lowf_q1001_v2/fits/accdm_logm11p2857142857143_logfm1p225.json,runs/accdm/accdm_scan_lowf_q1001_v2/fits/accdm_logm11p2857142857143_logfm1p225.json
11.2857142857|-1.2250000000,upper_grid,theory,low_q1001,/home/2/ks405818/Master/lyalpha_one_loop/runs/accdm/accdm_scan_lowf_q1001_v2/theory/accdm_logm11p2857142857143_logfm1p225.npz,runs/accdm/accdm_scan_lowf_q1001_v2/theory/accdm_logm11p2857142857143_logfm1p225.npz
11.4285714286|-1.2250000000,upper_grid,fit,low_q1001,/home/2/ks405818/Master/lyalpha_one_loop/runs/accdm/accdm_scan_lowf_q1001_v2/fits/accdm_logm11p4285714285714_logfm1p225.json,runs/accdm/accdm_scan_lowf_q1001_v2/fits/accdm_logm11p4285714285714_logfm1p225.json
11.4285714286|-1.2250000000,upper_grid,theory,low_q1001,/home/2/ks405818/Master/lyalpha_one_loop/runs/accdm/accdm_scan_lowf_q1001_v2/theory/accdm_logm11p4285714285714_logfm1p225.npz,runs/accdm/accdm_scan_lowf_q1001_v2/theory/accdm_logm11p4285714285714_logfm1p225.npz
11.5714285714|-1.2250000000,upper_grid,fit,low_q1001,/home/2/ks405818/Master/lyalpha_one_loop/runs/accdm/accdm_scan_lowf_q1001_v2/fits/accdm_logm11p5714285714286_logfm1p225.json,runs/accdm/accdm_scan_lowf_q1001_v2/fits/accdm_logm11p5714285714286_logfm1p225.json
11.5714285714|-1.2250000000,upper_grid,theory,low_q1001,/home/2/ks405818/Master/lyalpha_one_loop/runs/accdm/accdm_scan_lowf_q1001_v2/theory/accdm_logm11p5714285714286_logfm1p225.npz,runs/accdm/accdm_scan_lowf_q1001_v2/theory/accdm_logm11p5714285714286_logfm1p225.npz
11.7142857143|-1.2250000000,upper_grid,fit,low_q2501_recovery,/home/2/ks405818/Master/lyalpha_one_loop/runs/accdm/accdm_lowf_recovery_q2501_10core_v1/fits/accdm_logm11p7142857142857_logfm1p225.json,runs/accdm/accdm_lowf_recovery_q2501_10core_v1/fits/accdm_logm11p7142857142857_logfm1p225.json
11.7142857143|-1.2250000000,upper_grid,theory,low_q2501_recovery,/home/2/ks405818/Master/lyalpha_one_loop/runs/accdm/accdm_lowf_recovery_q2501_10core_v1/theory/accdm_logm11p7142857142857_logfm1p225.npz,runs/accdm/accdm_lowf_recovery_q2501_10core_v1/theory/accdm_logm11p7142857142857_logfm1p225.npz
11.8571428571|-1.2250000000,upper_grid,fit,low_q1001,/home/2/ks405818/Master/lyalpha_one_loop/runs/accdm/accdm_scan_lowf_q1001_v2/fits/accdm_logm11p8571428571429_logfm1p225.json,runs/accdm/accdm_scan_lowf_q1001_v2/fits/accdm_logm11p8571428571429_logfm1p225.json
11.8571428571|-1.2250000000,upper_grid,theory,low_q1001,/home/2/ks405818/Master/lyalpha_one_loop/runs/accdm/accdm_scan_lowf_q1001_v2/theory/accdm_logm11p8571428571429_logfm1p225.npz,runs/accdm/accdm_scan_lowf_q1001_v2/theory/accdm_logm11p8571428571429_logfm1p225.npz
12.0000000000|-1.2250000000,upper_grid,fit,low_q1001,/home/2/ks405818/Master/lyalpha_one_loop/runs/accdm/accdm_scan_lowf_q1001_v2/fits/accdm_logm12_logfm1p225.json,runs/accdm/accdm_scan_lowf_q1001_v2/fits/accdm_logm12_logfm1p225.json
12.0000000000|-1.2250000000,upper_grid,theory,low_q1001,/home/2/ks405818/Master/lyalpha_one_loop/runs/accdm/accdm_scan_lowf_q1001_v2/theory/accdm_logm12_logfm1p225.npz,runs/accdm/accdm_scan_lowf_q1001_v2/theory/accdm_logm12_logfm1p225.npz
12.1428571429|-1.2250000000,upper_grid,fit,low_q1001,/home/2/ks405818/Master/lyalpha_one_loop/runs/accdm/accdm_scan_lowf_q1001_v2/fits/accdm_logm12p1428571428571_logfm1p225.json,runs/accdm/accdm_scan_lowf_q1001_v2/fits/accdm_logm12p1428571428571_logfm1p225.json
12.1428571429|-1.2250000000,upper_grid,theory,low_q1001,/home/2/ks405818/Master/lyalpha_one_loop/runs/accdm/accdm_scan_lowf_q1001_v2/theory/accdm_logm12p1428571428571_logfm1p225.npz,runs/accdm/accdm_scan_lowf_q1001_v2/theory/accdm_logm12p1428571428571_logfm1p225.npz
12.2857142857|-1.2250000000,upper_grid,fit,low_q1001,/home/2/ks405818/Master/lyalpha_one_loop/runs/accdm/accdm_scan_lowf_q1001_v2/fits/accdm_logm12p2857142857143_logfm1p225.json,runs/accdm/accdm_scan_lowf_q1001_v2/fits/accdm_logm12p2857142857143_logfm1p225.json
12.2857142857|-1.2250000000,upper_grid,theory,low_q1001,/home/2/ks405818/Master/lyalpha_one_loop/runs/accdm/accdm_scan_lowf_q1001_v2/theory/accdm_logm12p2857142857143_logfm1p225.npz,runs/accdm/accdm_scan_lowf_q1001_v2/theory/accdm_logm12p2857142857143_logfm1p225.npz
12.4285714286|-1.2250000000,upper_grid,fit,low_q1001,/home/2/ks405818/Master/lyalpha_one_loop/runs/accdm/accdm_scan_lowf_q1001_v2/fits/accdm_logm12p4285714285714_logfm1p225.json,runs/accdm/accdm_scan_lowf_q1001_v2/fits/accdm_logm12p4285714285714_logfm1p225.json
12.4285714286|-1.2250000000,upper_grid,theory,low_q1001,/home/2/ks405818/Master/lyalpha_one_loop/runs/accdm/accdm_scan_lowf_q1001_v2/theory/accdm_logm12p4285714285714_logfm1p225.npz,runs/accdm/accdm_scan_lowf_q1001_v2/theory/accdm_logm12p4285714285714_logfm1p225.npz
12.5714285714|-1.2250000000,upper_grid,fit,low_q1001,/home/2/ks405818/Master/lyalpha_one_loop/runs/accdm/accdm_scan_lowf_q1001_v2/fits/accdm_logm12p5714285714286_logfm1p225.json,runs/accdm/accdm_scan_lowf_q1001_v2/fits/accdm_logm12p5714285714286_logfm1p225.json
12.5714285714|-1.2250000000,upper_grid,theory,low_q1001,/home/2/ks405818/Master/lyalpha_one_loop/runs/accdm/accdm_scan_lowf_q1001_v2/theory/accdm_logm12p5714285714286_logfm1p225.npz,runs/accdm/accdm_scan_lowf_q1001_v2/theory/accdm_logm12p5714285714286_logfm1p225.npz
12.7142857143|-1.2250000000,upper_grid,fit,low_q1001,/home/2/ks405818/Master/lyalpha_one_loop/runs/accdm/accdm_scan_lowf_q1001_v2/fits/accdm_logm12p7142857142857_logfm1p225.json,runs/accdm/accdm_scan_lowf_q1001_v2/fits/accdm_logm12p7142857142857_logfm1p225.json
12.7142857143|-1.2250000000,upper_grid,theory,low_q1001,/home/2/ks405818/Master/lyalpha_one_loop/runs/accdm/accdm_scan_lowf_q1001_v2/theory/accdm_logm12p7142857142857_logfm1p225.npz,runs/accdm/accdm_scan_lowf_q1001_v2/theory/accdm_logm12p7142857142857_logfm1p225.npz
12.8571428571|-1.2250000000,upper_grid,fit,low_q1001,/home/2/ks405818/Master/lyalpha_one_loop/runs/accdm/accdm_scan_lowf_q1001_v2/fits/accdm_logm12p8571428571429_logfm1p225.json,runs/accdm/accdm_scan_lowf_q1001_v2/fits/accdm_logm12p8571428571429_logfm1p225.json
12.8571428571|-1.2250000000,upper_grid,theory,low_q1001,/home/2/ks405818/Master/lyalpha_one_loop/runs/accdm/accdm_scan_lowf_q1001_v2/theory/accdm_logm12p8571428571429_logfm1p225.npz,runs/accdm/accdm_scan_lowf_q1001_v2/theory/accdm_logm12p8571428571429_logfm1p225.npz
13.0000000000|-1.2250000000,upper_grid,fit,low_q1001,/home/2/ks405818/Master/lyalpha_one_loop/runs/accdm/accdm_scan_lowf_q1001_v2/fits/accdm_logm13_logfm1p225.json,runs/accdm/accdm_scan_lowf_q1001_v2/fits/accdm_logm13_logfm1p225.json
13.0000000000|-1.2250000000,upper_grid,theory,low_q1001,/home/2/ks405818/Master/lyalpha_one_loop/runs/accdm/accdm_scan_lowf_q1001_v2/theory/accdm_logm13_logfm1p225.npz,runs/accdm/accdm_scan_lowf_q1001_v2/theory/accdm_logm13_logfm1p225.npz
13.1428571429|-1.2250000000,upper_grid,fit,low_q1001,/home/2/ks405818/Master/lyalpha_one_loop/runs/accdm/accdm_scan_lowf_q1001_v2/fits/accdm_logm13p1428571428571_logfm1p225.json,runs/accdm/accdm_scan_lowf_q1001_v2/fits/accdm_logm13p1428571428571_logfm1p225.json
13.1428571429|-1.2250000000,upper_grid,theory,low_q1001,/home/2/ks405818/Master/lyalpha_one_loop/runs/accdm/accdm_scan_lowf_q1001_v2/theory/accdm_logm13p1428571428571_logfm1p225.npz,runs/accdm/accdm_scan_lowf_q1001_v2/theory/accdm_logm13p1428571428571_logfm1p225.npz
13.2857142857|-1.2250000000,upper_grid,fit,low_q1001,/home/2/ks405818/Master/lyalpha_one_loop/runs/accdm/accdm_scan_lowf_q1001_v2/fits/accdm_logm13p2857142857143_logfm1p225.json,runs/accdm/accdm_scan_lowf_q1001_v2/fits/accdm_logm13p2857142857143_logfm1p225.json
13.2857142857|-1.2250000000,upper_grid,theory,low_q1001,/home/2/ks405818/Master/lyalpha_one_loop/runs/accdm/accdm_scan_lowf_q1001_v2/theory/accdm_logm13p2857142857143_logfm1p225.npz,runs/accdm/accdm_scan_lowf_q1001_v2/theory/accdm_logm13p2857142857143_logfm1p225.npz
13.4285714286|-1.2250000000,upper_grid,fit,low_q1001,/home/2/ks405818/Master/lyalpha_one_loop/runs/accdm/accdm_scan_lowf_q1001_v2/fits/accdm_logm13p4285714285714_logfm1p225.json,runs/accdm/accdm_scan_lowf_q1001_v2/fits/accdm_logm13p4285714285714_logfm1p225.json
13.4285714286|-1.2250000000,upper_grid,theory,low_q1001,/home/2/ks405818/Master/lyalpha_one_loop/runs/accdm/accdm_scan_lowf_q1001_v2/theory/accdm_logm13p4285714285714_logfm1p225.npz,runs/accdm/accdm_scan_lowf_q1001_v2/theory/accdm_logm13p4285714285714_logfm1p225.npz
13.5714285714|-1.2250000000,upper_grid,fit,low_q1001,/home/2/ks405818/Master/lyalpha_one_loop/runs/accdm/accdm_scan_lowf_q1001_v2/fits/accdm_logm13p5714285714286_logfm1p225.json,runs/accdm/accdm_scan_lowf_q1001_v2/fits/accdm_logm13p5714285714286_logfm1p225.json
13.5714285714|-1.2250000000,upper_grid,theory,low_q1001,/home/2/ks405818/Master/lyalpha_one_loop/runs/accdm/accdm_scan_lowf_q1001_v2/theory/accdm_logm13p5714285714286_logfm1p225.npz,runs/accdm/accdm_scan_lowf_q1001_v2/theory/accdm_logm13p5714285714286_logfm1p225.npz
13.7142857143|-1.2250000000,upper_grid,fit,low_q1001,/home/2/ks405818/Master/lyalpha_one_loop/runs/accdm/accdm_scan_lowf_q1001_v2/fits/accdm_logm13p7142857142857_logfm1p225.json,runs/accdm/accdm_scan_lowf_q1001_v2/fits/accdm_logm13p7142857142857_logfm1p225.json
13.7142857143|-1.2250000000,upper_grid,theory,low_q1001,/home/2/ks405818/Master/lyalpha_one_loop/runs/accdm/accdm_scan_lowf_q1001_v2/theory/accdm_logm13p7142857142857_logfm1p225.npz,runs/accdm/accdm_scan_lowf_q1001_v2/theory/accdm_logm13p7142857142857_logfm1p225.npz
13.8571428571|-1.2250000000,upper_grid,fit,low_q2501_recovery,/home/2/ks405818/Master/lyalpha_one_loop/runs/accdm/accdm_lowf_recovery_q2501_10core_v1/fits/accdm_logm13p8571428571429_logfm1p225.json,runs/accdm/accdm_lowf_recovery_q2501_10core_v1/fits/accdm_logm13p8571428571429_logfm1p225.json
13.8571428571|-1.2250000000,upper_grid,theory,low_q2501_recovery,/home/2/ks405818/Master/lyalpha_one_loop/runs/accdm/accdm_lowf_recovery_q2501_10core_v1/theory/accdm_logm13p8571428571429_logfm1p225.npz,runs/accdm/accdm_lowf_recovery_q2501_10core_v1/theory/accdm_logm13p8571428571429_logfm1p225.npz
14.0000000000|-1.2250000000,upper_grid,fit,low_q1001,/home/2/ks405818/Master/lyalpha_one_loop/runs/accdm/accdm_scan_lowf_q1001_v2/fits/accdm_logm14_logfm1p225.json,runs/accdm/accdm_scan_lowf_q1001_v2/fits/accdm_logm14_logfm1p225.json
14.0000000000|-1.2250000000,upper_grid,theory,low_q1001,/home/2/ks405818/Master/lyalpha_one_loop/runs/accdm/accdm_scan_lowf_q1001_v2/theory/accdm_logm14_logfm1p225.npz,runs/accdm/accdm_scan_lowf_q1001_v2/theory/accdm_logm14_logfm1p225.npz
14.1428571429|-1.2250000000,upper_grid,fit,low_q1001,/home/2/ks405818/Master/lyalpha_one_loop/runs/accdm/accdm_scan_lowf_q1001_v2/fits/accdm_logm14p1428571428571_logfm1p225.json,runs/accdm/accdm_scan_lowf_q1001_v2/fits/accdm_logm14p1428571428571_logfm1p225.json
14.1428571429|-1.2250000000,upper_grid,theory,low_q1001,/home/2/ks405818/Master/lyalpha_one_loop/runs/accdm/accdm_scan_lowf_q1001_v2/theory/accdm_logm14p1428571428571_logfm1p225.npz,runs/accdm/accdm_scan_lowf_q1001_v2/theory/accdm_logm14p1428571428571_logfm1p225.npz
14.2857142857|-1.2250000000,upper_grid,fit,low_q1001,/home/2/ks405818/Master/lyalpha_one_loop/runs/accdm/accdm_scan_lowf_q1001_v2/fits/accdm_logm14p2857142857143_logfm1p225.json,runs/accdm/accdm_scan_lowf_q1001_v2/fits/accdm_logm14p2857142857143_logfm1p225.json
14.2857142857|-1.2250000000,upper_grid,theory,low_q1001,/home/2/ks405818/Master/lyalpha_one_loop/runs/accdm/accdm_scan_lowf_q1001_v2/theory/accdm_logm14p2857142857143_logfm1p225.npz,runs/accdm/accdm_scan_lowf_q1001_v2/theory/accdm_logm14p2857142857143_logfm1p225.npz
14.4285714286|-1.2250000000,upper_grid,fit,low_q1001,/home/2/ks405818/Master/lyalpha_one_loop/runs/accdm/accdm_scan_lowf_q1001_v2/fits/accdm_logm14p4285714285714_logfm1p225.json,runs/accdm/accdm_scan_lowf_q1001_v2/fits/accdm_logm14p4285714285714_logfm1p225.json
14.4285714286|-1.2250000000,upper_grid,theory,low_q1001,/home/2/ks405818/Master/lyalpha_one_loop/runs/accdm/accdm_scan_lowf_q1001_v2/theory/accdm_logm14p4285714285714_logfm1p225.npz,runs/accdm/accdm_scan_lowf_q1001_v2/theory/accdm_logm14p4285714285714_logfm1p225.npz
14.5714285714|-1.2250000000,upper_grid,fit,low_q1001,/home/2/ks405818/Master/lyalpha_one_loop/runs/accdm/accdm_scan_lowf_q1001_v2/fits/accdm_logm14p5714285714286_logfm1p225.json,runs/accdm/accdm_scan_lowf_q1001_v2/fits/accdm_logm14p5714285714286_logfm1p225.json
14.5714285714|-1.2250000000,upper_grid,theory,low_q1001,/home/2/ks405818/Master/lyalpha_one_loop/runs/accdm/accdm_scan_lowf_q1001_v2/theory/accdm_logm14p5714285714286_logfm1p225.npz,runs/accdm/accdm_scan_lowf_q1001_v2/theory/accdm_logm14p5714285714286_logfm1p225.npz
14.7142857143|-1.2250000000,upper_grid,fit,low_q1001,/home/2/ks405818/Master/lyalpha_one_loop/runs/accdm/accdm_scan_lowf_q1001_v2/fits/accdm_logm14p7142857142857_logfm1p225.json,runs/accdm/accdm_scan_lowf_q1001_v2/fits/accdm_logm14p7142857142857_logfm1p225.json
14.7142857143|-1.2250000000,upper_grid,theory,low_q1001,/home/2/ks405818/Master/lyalpha_one_loop/runs/accdm/accdm_scan_lowf_q1001_v2/theory/accdm_logm14p7142857142857_logfm1p225.npz,runs/accdm/accdm_scan_lowf_q1001_v2/theory/accdm_logm14p7142857142857_logfm1p225.npz
14.8571428571|-1.2250000000,upper_grid,fit,low_q1001,/home/2/ks405818/Master/lyalpha_one_loop/runs/accdm/accdm_scan_lowf_q1001_v2/fits/accdm_logm14p8571428571429_logfm1p225.json,runs/accdm/accdm_scan_lowf_q1001_v2/fits/accdm_logm14p8571428571429_logfm1p225.json
14.8571428571|-1.2250000000,upper_grid,theory,low_q1001,/home/2/ks405818/Master/lyalpha_one_loop/runs/accdm/accdm_scan_lowf_q1001_v2/theory/accdm_logm14p8571428571429_logfm1p225.npz,runs/accdm/accdm_scan_lowf_q1001_v2/theory/accdm_logm14p8571428571429_logfm1p225.npz
15.0000000000|-1.2250000000,upper_grid,fit,low_q1001,/home/2/ks405818/Master/lyalpha_one_loop/runs/accdm/accdm_scan_lowf_q1001_v2/fits/accdm_logm15_logfm1p225.json,runs/accdm/accdm_scan_lowf_q1001_v2/fits/accdm_logm15_logfm1p225.json
15.0000000000|-1.2250000000,upper_grid,theory,low_q1001,/home/2/ks405818/Master/lyalpha_one_loop/runs/accdm/accdm_scan_lowf_q1001_v2/theory/accdm_logm15_logfm1p225.npz,runs/accdm/accdm_scan_lowf_q1001_v2/theory/accdm_logm15_logfm1p225.npz
15.1428571429|-1.2250000000,upper_grid,fit,low_q1001,/home/2/ks405818/Master/lyalpha_one_loop/runs/accdm/accdm_scan_lowf_q1001_v2/fits/accdm_logm15p1428571428571_logfm1p225.json,runs/accdm/accdm_scan_lowf_q1001_v2/fits/accdm_logm15p1428571428571_logfm1p225.json
15.1428571429|-1.2250000000,upper_grid,theory,low_q1001,/home/2/ks405818/Master/lyalpha_one_loop/runs/accdm/accdm_scan_lowf_q1001_v2/theory/accdm_logm15p1428571428571_logfm1p225.npz,runs/accdm/accdm_scan_lowf_q1001_v2/theory/accdm_logm15p1428571428571_logfm1p225.npz
15.2857142857|-1.2250000000,upper_grid,fit,low_q1001,/home/2/ks405818/Master/lyalpha_one_loop/runs/accdm/accdm_scan_lowf_q1001_v2/fits/accdm_logm15p2857142857143_logfm1p225.json,runs/accdm/accdm_scan_lowf_q1001_v2/fits/accdm_logm15p2857142857143_logfm1p225.json
15.2857142857|-1.2250000000,upper_grid,theory,low_q1001,/home/2/ks405818/Master/lyalpha_one_loop/runs/accdm/accdm_scan_lowf_q1001_v2/theory/accdm_logm15p2857142857143_logfm1p225.npz,runs/accdm/accdm_scan_lowf_q1001_v2/theory/accdm_logm15p2857142857143_logfm1p225.npz
15.4285714286|-1.2250000000,upper_grid,fit,low_q1001,/home/2/ks405818/Master/lyalpha_one_loop/runs/accdm/accdm_scan_lowf_q1001_v2/fits/accdm_logm15p4285714285714_logfm1p225.json,runs/accdm/accdm_scan_lowf_q1001_v2/fits/accdm_logm15p4285714285714_logfm1p225.json
15.4285714286|-1.2250000000,upper_grid,theory,low_q1001,/home/2/ks405818/Master/lyalpha_one_loop/runs/accdm/accdm_scan_lowf_q1001_v2/theory/accdm_logm15p4285714285714_logfm1p225.npz,runs/accdm/accdm_scan_lowf_q1001_v2/theory/accdm_logm15p4285714285714_logfm1p225.npz
15.5714285714|-1.2250000000,upper_grid,fit,low_q1001,/home/2/ks405818/Master/lyalpha_one_loop/runs/accdm/accdm_scan_lowf_q1001_v2/fits/accdm_logm15p5714285714286_logfm1p225.json,runs/accdm/accdm_scan_lowf_q1001_v2/fits/accdm_logm15p5714285714286_logfm1p225.json
15.5714285714|-1.2250000000,upper_grid,theory,low_q1001,/home/2/ks405818/Master/lyalpha_one_loop/runs/accdm/accdm_scan_lowf_q1001_v2/theory/accdm_logm15p5714285714286_logfm1p225.npz,runs/accdm/accdm_scan_lowf_q1001_v2/theory/accdm_logm15p5714285714286_logfm1p225.npz
15.7142857143|-1.2250000000,upper_grid,fit,low_q1001,/home/2/ks405818/Master/lyalpha_one_loop/runs/accdm/accdm_scan_lowf_q1001_v2/fits/accdm_logm15p7142857142857_logfm1p225.json,runs/accdm/accdm_scan_lowf_q1001_v2/fits/accdm_logm15p7142857142857_logfm1p225.json
15.7142857143|-1.2250000000,upper_grid,theory,low_q1001,/home/2/ks405818/Master/lyalpha_one_loop/runs/accdm/accdm_scan_lowf_q1001_v2/theory/accdm_logm15p7142857142857_logfm1p225.npz,runs/accdm/accdm_scan_lowf_q1001_v2/theory/accdm_logm15p7142857142857_logfm1p225.npz
15.8571428571|-1.2250000000,upper_grid,fit,low_q1001,/home/2/ks405818/Master/lyalpha_one_loop/runs/accdm/accdm_scan_lowf_q1001_v2/fits/accdm_logm15p8571428571429_logfm1p225.json,runs/accdm/accdm_scan_lowf_q1001_v2/fits/accdm_logm15p8571428571429_logfm1p225.json
15.8571428571|-1.2250000000,upper_grid,theory,low_q1001,/home/2/ks405818/Master/lyalpha_one_loop/runs/accdm/accdm_scan_lowf_q1001_v2/theory/accdm_logm15p8571428571429_logfm1p225.npz,runs/accdm/accdm_scan_lowf_q1001_v2/theory/accdm_logm15p8571428571429_logfm1p225.npz
16.0000000000|-1.2250000000,upper_grid,fit,low_q1001,/home/2/ks405818/Master/lyalpha_one_loop/runs/accdm/accdm_scan_lowf_q1001_v2/fits/accdm_logm16_logfm1p225.json,runs/accdm/accdm_scan_lowf_q1001_v2/fits/accdm_logm16_logfm1p225.json
16.0000000000|-1.2250000000,upper_grid,theory,low_q1001,/home/2/ks405818/Master/lyalpha_one_loop/runs/accdm/accdm_scan_lowf_q1001_v2/theory/accdm_logm16_logfm1p225.npz,runs/accdm/accdm_scan_lowf_q1001_v2/theory/accdm_logm16_logfm1p225.npz
16.1428571429|-1.2250000000,upper_grid,fit,low_q1001,/home/2/ks405818/Master/lyalpha_one_loop/runs/accdm/accdm_scan_lowf_q1001_v2/fits/accdm_logm16p1428571428571_logfm1p225.json,runs/accdm/accdm_scan_lowf_q1001_v2/fits/accdm_logm16p1428571428571_logfm1p225.json
16.1428571429|-1.2250000000,upper_grid,theory,low_q1001,/home/2/ks405818/Master/lyalpha_one_loop/runs/accdm/accdm_scan_lowf_q1001_v2/theory/accdm_logm16p1428571428571_logfm1p225.npz,runs/accdm/accdm_scan_lowf_q1001_v2/theory/accdm_logm16p1428571428571_logfm1p225.npz
16.2857142857|-1.2250000000,upper_grid,fit,low_q1001,/home/2/ks405818/Master/lyalpha_one_loop/runs/accdm/accdm_scan_lowf_q1001_v2/fits/accdm_logm16p2857142857143_logfm1p225.json,runs/accdm/accdm_scan_lowf_q1001_v2/fits/accdm_logm16p2857142857143_logfm1p225.json
16.2857142857|-1.2250000000,upper_grid,theory,low_q1001,/home/2/ks405818/Master/lyalpha_one_loop/runs/accdm/accdm_scan_lowf_q1001_v2/theory/accdm_logm16p2857142857143_logfm1p225.npz,runs/accdm/accdm_scan_lowf_q1001_v2/theory/accdm_logm16p2857142857143_logfm1p225.npz
16.4285714286|-1.2250000000,upper_grid,fit,low_q1001,/home/2/ks405818/Master/lyalpha_one_loop/runs/accdm/accdm_scan_lowf_q1001_v2/fits/accdm_logm16p4285714285714_logfm1p225.json,runs/accdm/accdm_scan_lowf_q1001_v2/fits/accdm_logm16p4285714285714_logfm1p225.json
16.4285714286|-1.2250000000,upper_grid,theory,low_q1001,/home/2/ks405818/Master/lyalpha_one_loop/runs/accdm/accdm_scan_lowf_q1001_v2/theory/accdm_logm16p4285714285714_logfm1p225.npz,runs/accdm/accdm_scan_lowf_q1001_v2/theory/accdm_logm16p4285714285714_logfm1p225.npz
16.5714285714|-1.2250000000,upper_grid,fit,low_q1001,/home/2/ks405818/Master/lyalpha_one_loop/runs/accdm/accdm_scan_lowf_q1001_v2/fits/accdm_logm16p5714285714286_logfm1p225.json,runs/accdm/accdm_scan_lowf_q1001_v2/fits/accdm_logm16p5714285714286_logfm1p225.json
16.5714285714|-1.2250000000,upper_grid,theory,low_q1001,/home/2/ks405818/Master/lyalpha_one_loop/runs/accdm/accdm_scan_lowf_q1001_v2/theory/accdm_logm16p5714285714286_logfm1p225.npz,runs/accdm/accdm_scan_lowf_q1001_v2/theory/accdm_logm16p5714285714286_logfm1p225.npz
16.7142857143|-1.2250000000,upper_grid,fit,low_q1001,/home/2/ks405818/Master/lyalpha_one_loop/runs/accdm/accdm_scan_lowf_q1001_v2/fits/accdm_logm16p7142857142857_logfm1p225.json,runs/accdm/accdm_scan_lowf_q1001_v2/fits/accdm_logm16p7142857142857_logfm1p225.json
16.7142857143|-1.2250000000,upper_grid,theory,low_q1001,/home/2/ks405818/Master/lyalpha_one_loop/runs/accdm/accdm_scan_lowf_q1001_v2/theory/accdm_logm16p7142857142857_logfm1p225.npz,runs/accdm/accdm_scan_lowf_q1001_v2/theory/accdm_logm16p7142857142857_logfm1p225.npz
16.8571428571|-1.2250000000,upper_grid,fit,low_q1001,/home/2/ks405818/Master/lyalpha_one_loop/runs/accdm/accdm_scan_lowf_q1001_v2/fits/accdm_logm16p8571428571429_logfm1p225.json,runs/accdm/accdm_scan_lowf_q1001_v2/fits/accdm_logm16p8571428571429_logfm1p225.json
16.8571428571|-1.2250000000,upper_grid,theory,low_q1001,/home/2/ks405818/Master/lyalpha_one_loop/runs/accdm/accdm_scan_lowf_q1001_v2/theory/accdm_logm16p8571428571429_logfm1p225.npz,runs/accdm/accdm_scan_lowf_q1001_v2/theory/accdm_logm16p8571428571429_logfm1p225.npz
17.0000000000|-1.2250000000,upper_grid,fit,low_q1001,/home/2/ks405818/Master/lyalpha_one_loop/runs/accdm/accdm_scan_lowf_q1001_v2/fits/accdm_logm17_logfm1p225.json,runs/accdm/accdm_scan_lowf_q1001_v2/fits/accdm_logm17_logfm1p225.json
17.0000000000|-1.2250000000,upper_grid,theory,low_q1001,/home/2/ks405818/Master/lyalpha_one_loop/runs/accdm/accdm_scan_lowf_q1001_v2/theory/accdm_logm17_logfm1p225.npz,runs/accdm/accdm_scan_lowf_q1001_v2/theory/accdm_logm17_logfm1p225.npz
17.1428571429|-1.2250000000,upper_grid,fit,low_q1001,/home/2/ks405818/Master/lyalpha_one_loop/runs/accdm/accdm_scan_lowf_q1001_v2/fits/accdm_logm17p1428571428571_logfm1p225.json,runs/accdm/accdm_scan_lowf_q1001_v2/fits/accdm_logm17p1428571428571_logfm1p225.json
17.1428571429|-1.2250000000,upper_grid,theory,low_q1001,/home/2/ks405818/Master/lyalpha_one_loop/runs/accdm/accdm_scan_lowf_q1001_v2/theory/accdm_logm17p1428571428571_logfm1p225.npz,runs/accdm/accdm_scan_lowf_q1001_v2/theory/accdm_logm17p1428571428571_logfm1p225.npz
17.2857142857|-1.2250000000,upper_grid,fit,low_q1001,/home/2/ks405818/Master/lyalpha_one_loop/runs/accdm/accdm_scan_lowf_q1001_v2/fits/accdm_logm17p2857142857143_logfm1p225.json,runs/accdm/accdm_scan_lowf_q1001_v2/fits/accdm_logm17p2857142857143_logfm1p225.json
17.2857142857|-1.2250000000,upper_grid,theory,low_q1001,/home/2/ks405818/Master/lyalpha_one_loop/runs/accdm/accdm_scan_lowf_q1001_v2/theory/accdm_logm17p2857142857143_logfm1p225.npz,runs/accdm/accdm_scan_lowf_q1001_v2/theory/accdm_logm17p2857142857143_logfm1p225.npz
17.4285714286|-1.2250000000,upper_grid,fit,low_q1001,/home/2/ks405818/Master/lyalpha_one_loop/runs/accdm/accdm_scan_lowf_q1001_v2/fits/accdm_logm17p4285714285714_logfm1p225.json,runs/accdm/accdm_scan_lowf_q1001_v2/fits/accdm_logm17p4285714285714_logfm1p225.json
17.4285714286|-1.2250000000,upper_grid,theory,low_q1001,/home/2/ks405818/Master/lyalpha_one_loop/runs/accdm/accdm_scan_lowf_q1001_v2/theory/accdm_logm17p4285714285714_logfm1p225.npz,runs/accdm/accdm_scan_lowf_q1001_v2/theory/accdm_logm17p4285714285714_logfm1p225.npz
17.5714285714|-1.2250000000,upper_grid,fit,low_q1001,/home/2/ks405818/Master/lyalpha_one_loop/runs/accdm/accdm_scan_lowf_q1001_v2/fits/accdm_logm17p5714285714286_logfm1p225.json,runs/accdm/accdm_scan_lowf_q1001_v2/fits/accdm_logm17p5714285714286_logfm1p225.json
17.5714285714|-1.2250000000,upper_grid,theory,low_q1001,/home/2/ks405818/Master/lyalpha_one_loop/runs/accdm/accdm_scan_lowf_q1001_v2/theory/accdm_logm17p5714285714286_logfm1p225.npz,runs/accdm/accdm_scan_lowf_q1001_v2/theory/accdm_logm17p5714285714286_logfm1p225.npz
17.7142857143|-1.2250000000,upper_grid,fit,low_q1001,/home/2/ks405818/Master/lyalpha_one_loop/runs/accdm/accdm_scan_lowf_q1001_v2/fits/accdm_logm17p7142857142857_logfm1p225.json,runs/accdm/accdm_scan_lowf_q1001_v2/fits/accdm_logm17p7142857142857_logfm1p225.json
17.7142857143|-1.2250000000,upper_grid,theory,low_q1001,/home/2/ks405818/Master/lyalpha_one_loop/runs/accdm/accdm_scan_lowf_q1001_v2/theory/accdm_logm17p7142857142857_logfm1p225.npz,runs/accdm/accdm_scan_lowf_q1001_v2/theory/accdm_logm17p7142857142857_logfm1p225.npz
17.8571428571|-1.2250000000,upper_grid,fit,low_q1001,/home/2/ks405818/Master/lyalpha_one_loop/runs/accdm/accdm_scan_lowf_q1001_v2/fits/accdm_logm17p8571428571429_logfm1p225.json,runs/accdm/accdm_scan_lowf_q1001_v2/fits/accdm_logm17p8571428571429_logfm1p225.json
17.8571428571|-1.2250000000,upper_grid,theory,low_q1001,/home/2/ks405818/Master/lyalpha_one_loop/runs/accdm/accdm_scan_lowf_q1001_v2/theory/accdm_logm17p8571428571429_logfm1p225.npz,runs/accdm/accdm_scan_lowf_q1001_v2/theory/accdm_logm17p8571428571429_logfm1p225.npz
18.0000000000|-1.2250000000,upper_grid,fit,low_q1001,/home/2/ks405818/Master/lyalpha_one_loop/runs/accdm/accdm_scan_lowf_q1001_v2/fits/accdm_logm18_logfm1p225.json,runs/accdm/accdm_scan_lowf_q1001_v2/fits/accdm_logm18_logfm1p225.json
18.0000000000|-1.2250000000,upper_grid,theory,low_q1001,/home/2/ks405818/Master/lyalpha_one_loop/runs/accdm/accdm_scan_lowf_q1001_v2/theory/accdm_logm18_logfm1p225.npz,runs/accdm/accdm_scan_lowf_q1001_v2/theory/accdm_logm18_logfm1p225.npz
18.1428571429|-1.2250000000,upper_grid,fit,loweps_low_q1001,/home/2/ks405818/Master/lyalpha_one_loop/runs/accdm/accdm_scan_loweps_lowf_q1001_v1/fits/accdm_logm18p1428571428571_logfm1p225.json,runs/accdm/accdm_scan_loweps_lowf_q1001_v1/fits/accdm_logm18p1428571428571_logfm1p225.json
18.1428571429|-1.2250000000,upper_grid,theory,loweps_low_q1001,/home/2/ks405818/Master/lyalpha_one_loop/runs/accdm/accdm_scan_loweps_lowf_q1001_v1/theory/accdm_logm18p1428571428571_logfm1p225.npz,runs/accdm/accdm_scan_loweps_lowf_q1001_v1/theory/accdm_logm18p1428571428571_logfm1p225.npz
18.2857142857|-1.2250000000,upper_grid,fit,loweps_low_q1001,/home/2/ks405818/Master/lyalpha_one_loop/runs/accdm/accdm_scan_loweps_lowf_q1001_v1/fits/accdm_logm18p2857142857143_logfm1p225.json,runs/accdm/accdm_scan_loweps_lowf_q1001_v1/fits/accdm_logm18p2857142857143_logfm1p225.json
18.2857142857|-1.2250000000,upper_grid,theory,loweps_low_q1001,/home/2/ks405818/Master/lyalpha_one_loop/runs/accdm/accdm_scan_loweps_lowf_q1001_v1/theory/accdm_logm18p2857142857143_logfm1p225.npz,runs/accdm/accdm_scan_loweps_lowf_q1001_v1/theory/accdm_logm18p2857142857143_logfm1p225.npz
18.4285714286|-1.2250000000,upper_grid,fit,loweps_low_q1001,/home/2/ks405818/Master/lyalpha_one_loop/runs/accdm/accdm_scan_loweps_lowf_q1001_v1/fits/accdm_logm18p4285714285714_logfm1p225.json,runs/accdm/accdm_scan_loweps_lowf_q1001_v1/fits/accdm_logm18p4285714285714_logfm1p225.json
18.4285714286|-1.2250000000,upper_grid,theory,loweps_low_q1001,/home/2/ks405818/Master/lyalpha_one_loop/runs/accdm/accdm_scan_loweps_lowf_q1001_v1/theory/accdm_logm18p4285714285714_logfm1p225.npz,runs/accdm/accdm_scan_loweps_lowf_q1001_v1/theory/accdm_logm18p4285714285714_logfm1p225.npz
18.5714285714|-1.2250000000,upper_grid,fit,loweps_low_q1001,/home/2/ks405818/Master/lyalpha_one_loop/runs/accdm/accdm_scan_loweps_lowf_q1001_v1/fits/accdm_logm18p5714285714286_logfm1p225.json,runs/accdm/accdm_scan_loweps_lowf_q1001_v1/fits/accdm_logm18p5714285714286_logfm1p225.json
18.5714285714|-1.2250000000,upper_grid,theory,loweps_low_q1001,/home/2/ks405818/Master/lyalpha_one_loop/runs/accdm/accdm_scan_loweps_lowf_q1001_v1/theory/accdm_logm18p5714285714286_logfm1p225.npz,runs/accdm/accdm_scan_loweps_lowf_q1001_v1/theory/accdm_logm18p5714285714286_logfm1p225.npz
18.7142857143|-1.2250000000,upper_grid,fit,loweps_low_q1001,/home/2/ks405818/Master/lyalpha_one_loop/runs/accdm/accdm_scan_loweps_lowf_q1001_v1/fits/accdm_logm18p7142857142857_logfm1p225.json,runs/accdm/accdm_scan_loweps_lowf_q1001_v1/fits/accdm_logm18p7142857142857_logfm1p225.json
18.7142857143|-1.2250000000,upper_grid,theory,loweps_low_q1001,/home/2/ks405818/Master/lyalpha_one_loop/runs/accdm/accdm_scan_loweps_lowf_q1001_v1/theory/accdm_logm18p7142857142857_logfm1p225.npz,runs/accdm/accdm_scan_loweps_lowf_q1001_v1/theory/accdm_logm18p7142857142857_logfm1p225.npz
18.8571428571|-1.2250000000,upper_grid,fit,loweps_low_q1001,/home/2/ks405818/Master/lyalpha_one_loop/runs/accdm/accdm_scan_loweps_lowf_q1001_v1/fits/accdm_logm18p8571428571429_logfm1p225.json,runs/accdm/accdm_scan_loweps_lowf_q1001_v1/fits/accdm_logm18p8571428571429_logfm1p225.json
18.8571428571|-1.2250000000,upper_grid,theory,loweps_low_q1001,/home/2/ks405818/Master/lyalpha_one_loop/runs/accdm/accdm_scan_loweps_lowf_q1001_v1/theory/accdm_logm18p8571428571429_logfm1p225.npz,runs/accdm/accdm_scan_loweps_lowf_q1001_v1/theory/accdm_logm18p8571428571429_logfm1p225.npz
19.0000000000|-1.2250000000,upper_grid,fit,loweps_low_q1001,/home/2/ks405818/Master/lyalpha_one_loop/runs/accdm/accdm_scan_loweps_lowf_q1001_v1/fits/accdm_logm19_logfm1p225.json,runs/accdm/accdm_scan_loweps_lowf_q1001_v1/fits/accdm_logm19_logfm1p225.json
19.0000000000|-1.2250000000,upper_grid,theory,loweps_low_q1001,/home/2/ks405818/Master/lyalpha_one_loop/runs/accdm/accdm_scan_loweps_lowf_q1001_v1/theory/accdm_logm19_logfm1p225.npz,runs/accdm/accdm_scan_loweps_lowf_q1001_v1/theory/accdm_logm19_logfm1p225.npz
19.1428571429|-1.2250000000,upper_grid,fit,loweps_low_q1001,/home/2/ks405818/Master/lyalpha_one_loop/runs/accdm/accdm_scan_loweps_lowf_q1001_v1/fits/accdm_logm19p1428571428571_logfm1p225.json,runs/accdm/accdm_scan_loweps_lowf_q1001_v1/fits/accdm_logm19p1428571428571_logfm1p225.json
19.1428571429|-1.2250000000,upper_grid,theory,loweps_low_q1001,/home/2/ks405818/Master/lyalpha_one_loop/runs/accdm/accdm_scan_loweps_lowf_q1001_v1/theory/accdm_logm19p1428571428571_logfm1p225.npz,runs/accdm/accdm_scan_loweps_lowf_q1001_v1/theory/accdm_logm19p1428571428571_logfm1p225.npz
19.2857142857|-1.2250000000,upper_grid,fit,loweps_low_q1001,/home/2/ks405818/Master/lyalpha_one_loop/runs/accdm/accdm_scan_loweps_lowf_q1001_v1/fits/accdm_logm19p2857142857143_logfm1p225.json,runs/accdm/accdm_scan_loweps_lowf_q1001_v1/fits/accdm_logm19p2857142857143_logfm1p225.json
19.2857142857|-1.2250000000,upper_grid,theory,loweps_low_q1001,/home/2/ks405818/Master/lyalpha_one_loop/runs/accdm/accdm_scan_loweps_lowf_q1001_v1/theory/accdm_logm19p2857142857143_logfm1p225.npz,runs/accdm/accdm_scan_loweps_lowf_q1001_v1/theory/accdm_logm19p2857142857143_logfm1p225.npz
19.4285714286|-1.2250000000,upper_grid,fit,loweps_low_q1001,/home/2/ks405818/Master/lyalpha_one_loop/runs/accdm/accdm_scan_loweps_lowf_q1001_v1/fits/accdm_logm19p4285714285714_logfm1p225.json,runs/accdm/accdm_scan_loweps_lowf_q1001_v1/fits/accdm_logm19p4285714285714_logfm1p225.json
19.4285714286|-1.2250000000,upper_grid,theory,loweps_low_q1001,/home/2/ks405818/Master/lyalpha_one_loop/runs/accdm/accdm_scan_loweps_lowf_q1001_v1/theory/accdm_logm19p4285714285714_logfm1p225.npz,runs/accdm/accdm_scan_loweps_lowf_q1001_v1/theory/accdm_logm19p4285714285714_logfm1p225.npz
11.0000000000|-1.1500000000,upper_grid,fit,low_q1001,/home/2/ks405818/Master/lyalpha_one_loop/runs/accdm/accdm_scan_lowf_q1001_v2/fits/accdm_logm11_logfm1p15.json,runs/accdm/accdm_scan_lowf_q1001_v2/fits/accdm_logm11_logfm1p15.json
11.0000000000|-1.1500000000,upper_grid,theory,low_q1001,/home/2/ks405818/Master/lyalpha_one_loop/runs/accdm/accdm_scan_lowf_q1001_v2/theory/accdm_logm11_logfm1p15.npz,runs/accdm/accdm_scan_lowf_q1001_v2/theory/accdm_logm11_logfm1p15.npz
11.1428571429|-1.1500000000,upper_grid,fit,low_q1001,/home/2/ks405818/Master/lyalpha_one_loop/runs/accdm/accdm_scan_lowf_q1001_v2/fits/accdm_logm11p1428571428571_logfm1p15.json,runs/accdm/accdm_scan_lowf_q1001_v2/fits/accdm_logm11p1428571428571_logfm1p15.json
11.1428571429|-1.1500000000,upper_grid,theory,low_q1001,/home/2/ks405818/Master/lyalpha_one_loop/runs/accdm/accdm_scan_lowf_q1001_v2/theory/accdm_logm11p1428571428571_logfm1p15.npz,runs/accdm/accdm_scan_lowf_q1001_v2/theory/accdm_logm11p1428571428571_logfm1p15.npz
11.2857142857|-1.1500000000,upper_grid,fit,low_q1001,/home/2/ks405818/Master/lyalpha_one_loop/runs/accdm/accdm_scan_lowf_q1001_v2/fits/accdm_logm11p2857142857143_logfm1p15.json,runs/accdm/accdm_scan_lowf_q1001_v2/fits/accdm_logm11p2857142857143_logfm1p15.json
11.2857142857|-1.1500000000,upper_grid,theory,low_q1001,/home/2/ks405818/Master/lyalpha_one_loop/runs/accdm/accdm_scan_lowf_q1001_v2/theory/accdm_logm11p2857142857143_logfm1p15.npz,runs/accdm/accdm_scan_lowf_q1001_v2/theory/accdm_logm11p2857142857143_logfm1p15.npz
11.4285714286|-1.1500000000,upper_grid,fit,low_q1001,/home/2/ks405818/Master/lyalpha_one_loop/runs/accdm/accdm_scan_lowf_q1001_v2/fits/accdm_logm11p4285714285714_logfm1p15.json,runs/accdm/accdm_scan_lowf_q1001_v2/fits/accdm_logm11p4285714285714_logfm1p15.json
11.4285714286|-1.1500000000,upper_grid,theory,low_q1001,/home/2/ks405818/Master/lyalpha_one_loop/runs/accdm/accdm_scan_lowf_q1001_v2/theory/accdm_logm11p4285714285714_logfm1p15.npz,runs/accdm/accdm_scan_lowf_q1001_v2/theory/accdm_logm11p4285714285714_logfm1p15.npz
11.5714285714|-1.1500000000,upper_grid,fit,low_q1001,/home/2/ks405818/Master/lyalpha_one_loop/runs/accdm/accdm_scan_lowf_q1001_v2/fits/accdm_logm11p5714285714286_logfm1p15.json,runs/accdm/accdm_scan_lowf_q1001_v2/fits/accdm_logm11p5714285714286_logfm1p15.json
11.5714285714|-1.1500000000,upper_grid,theory,low_q1001,/home/2/ks405818/Master/lyalpha_one_loop/runs/accdm/accdm_scan_lowf_q1001_v2/theory/accdm_logm11p5714285714286_logfm1p15.npz,runs/accdm/accdm_scan_lowf_q1001_v2/theory/accdm_logm11p5714285714286_logfm1p15.npz
11.7142857143|-1.1500000000,upper_grid,fit,low_q1001,/home/2/ks405818/Master/lyalpha_one_loop/runs/accdm/accdm_scan_lowf_q1001_v2/fits/accdm_logm11p7142857142857_logfm1p15.json,runs/accdm/accdm_scan_lowf_q1001_v2/fits/accdm_logm11p7142857142857_logfm1p15.json
11.7142857143|-1.1500000000,upper_grid,theory,low_q1001,/home/2/ks405818/Master/lyalpha_one_loop/runs/accdm/accdm_scan_lowf_q1001_v2/theory/accdm_logm11p7142857142857_logfm1p15.npz,runs/accdm/accdm_scan_lowf_q1001_v2/theory/accdm_logm11p7142857142857_logfm1p15.npz
11.8571428571|-1.1500000000,upper_grid,fit,low_q1001,/home/2/ks405818/Master/lyalpha_one_loop/runs/accdm/accdm_scan_lowf_q1001_v2/fits/accdm_logm11p8571428571429_logfm1p15.json,runs/accdm/accdm_scan_lowf_q1001_v2/fits/accdm_logm11p8571428571429_logfm1p15.json
11.8571428571|-1.1500000000,upper_grid,theory,low_q1001,/home/2/ks405818/Master/lyalpha_one_loop/runs/accdm/accdm_scan_lowf_q1001_v2/theory/accdm_logm11p8571428571429_logfm1p15.npz,runs/accdm/accdm_scan_lowf_q1001_v2/theory/accdm_logm11p8571428571429_logfm1p15.npz
12.0000000000|-1.1500000000,upper_grid,fit,low_q2501_recovery,/home/2/ks405818/Master/lyalpha_one_loop/runs/accdm/accdm_lowf_recovery_q2501_10core_v1/fits/accdm_logm12_logfm1p15.json,runs/accdm/accdm_lowf_recovery_q2501_10core_v1/fits/accdm_logm12_logfm1p15.json
12.0000000000|-1.1500000000,upper_grid,theory,low_q2501_recovery,/home/2/ks405818/Master/lyalpha_one_loop/runs/accdm/accdm_lowf_recovery_q2501_10core_v1/theory/accdm_logm12_logfm1p15.npz,runs/accdm/accdm_lowf_recovery_q2501_10core_v1/theory/accdm_logm12_logfm1p15.npz
12.1428571429|-1.1500000000,upper_grid,fit,low_q1001,/home/2/ks405818/Master/lyalpha_one_loop/runs/accdm/accdm_scan_lowf_q1001_v2/fits/accdm_logm12p1428571428571_logfm1p15.json,runs/accdm/accdm_scan_lowf_q1001_v2/fits/accdm_logm12p1428571428571_logfm1p15.json
12.1428571429|-1.1500000000,upper_grid,theory,low_q1001,/home/2/ks405818/Master/lyalpha_one_loop/runs/accdm/accdm_scan_lowf_q1001_v2/theory/accdm_logm12p1428571428571_logfm1p15.npz,runs/accdm/accdm_scan_lowf_q1001_v2/theory/accdm_logm12p1428571428571_logfm1p15.npz
12.2857142857|-1.1500000000,upper_grid,fit,low_q1001,/home/2/ks405818/Master/lyalpha_one_loop/runs/accdm/accdm_scan_lowf_q1001_v2/fits/accdm_logm12p2857142857143_logfm1p15.json,runs/accdm/accdm_scan_lowf_q1001_v2/fits/accdm_logm12p2857142857143_logfm1p15.json
12.2857142857|-1.1500000000,upper_grid,theory,low_q1001,/home/2/ks405818/Master/lyalpha_one_loop/runs/accdm/accdm_scan_lowf_q1001_v2/theory/accdm_logm12p2857142857143_logfm1p15.npz,runs/accdm/accdm_scan_lowf_q1001_v2/theory/accdm_logm12p2857142857143_logfm1p15.npz
12.4285714286|-1.1500000000,upper_grid,fit,low_q1001,/home/2/ks405818/Master/lyalpha_one_loop/runs/accdm/accdm_scan_lowf_q1001_v2/fits/accdm_logm12p4285714285714_logfm1p15.json,runs/accdm/accdm_scan_lowf_q1001_v2/fits/accdm_logm12p4285714285714_logfm1p15.json
12.4285714286|-1.1500000000,upper_grid,theory,low_q1001,/home/2/ks405818/Master/lyalpha_one_loop/runs/accdm/accdm_scan_lowf_q1001_v2/theory/accdm_logm12p4285714285714_logfm1p15.npz,runs/accdm/accdm_scan_lowf_q1001_v2/theory/accdm_logm12p4285714285714_logfm1p15.npz
12.5714285714|-1.1500000000,upper_grid,fit,low_q1001,/home/2/ks405818/Master/lyalpha_one_loop/runs/accdm/accdm_scan_lowf_q1001_v2/fits/accdm_logm12p5714285714286_logfm1p15.json,runs/accdm/accdm_scan_lowf_q1001_v2/fits/accdm_logm12p5714285714286_logfm1p15.json
12.5714285714|-1.1500000000,upper_grid,theory,low_q1001,/home/2/ks405818/Master/lyalpha_one_loop/runs/accdm/accdm_scan_lowf_q1001_v2/theory/accdm_logm12p5714285714286_logfm1p15.npz,runs/accdm/accdm_scan_lowf_q1001_v2/theory/accdm_logm12p5714285714286_logfm1p15.npz
12.7142857143|-1.1500000000,upper_grid,fit,low_q1001,/home/2/ks405818/Master/lyalpha_one_loop/runs/accdm/accdm_scan_lowf_q1001_v2/fits/accdm_logm12p7142857142857_logfm1p15.json,runs/accdm/accdm_scan_lowf_q1001_v2/fits/accdm_logm12p7142857142857_logfm1p15.json
12.7142857143|-1.1500000000,upper_grid,theory,low_q1001,/home/2/ks405818/Master/lyalpha_one_loop/runs/accdm/accdm_scan_lowf_q1001_v2/theory/accdm_logm12p7142857142857_logfm1p15.npz,runs/accdm/accdm_scan_lowf_q1001_v2/theory/accdm_logm12p7142857142857_logfm1p15.npz
12.8571428571|-1.1500000000,upper_grid,fit,low_q1001,/home/2/ks405818/Master/lyalpha_one_loop/runs/accdm/accdm_scan_lowf_q1001_v2/fits/accdm_logm12p8571428571429_logfm1p15.json,runs/accdm/accdm_scan_lowf_q1001_v2/fits/accdm_logm12p8571428571429_logfm1p15.json
12.8571428571|-1.1500000000,upper_grid,theory,low_q1001,/home/2/ks405818/Master/lyalpha_one_loop/runs/accdm/accdm_scan_lowf_q1001_v2/theory/accdm_logm12p8571428571429_logfm1p15.npz,runs/accdm/accdm_scan_lowf_q1001_v2/theory/accdm_logm12p8571428571429_logfm1p15.npz
13.0000000000|-1.1500000000,upper_grid,fit,low_q1001,/home/2/ks405818/Master/lyalpha_one_loop/runs/accdm/accdm_scan_lowf_q1001_v2/fits/accdm_logm13_logfm1p15.json,runs/accdm/accdm_scan_lowf_q1001_v2/fits/accdm_logm13_logfm1p15.json
13.0000000000|-1.1500000000,upper_grid,theory,low_q1001,/home/2/ks405818/Master/lyalpha_one_loop/runs/accdm/accdm_scan_lowf_q1001_v2/theory/accdm_logm13_logfm1p15.npz,runs/accdm/accdm_scan_lowf_q1001_v2/theory/accdm_logm13_logfm1p15.npz
13.1428571429|-1.1500000000,upper_grid,fit,low_q1001,/home/2/ks405818/Master/lyalpha_one_loop/runs/accdm/accdm_scan_lowf_q1001_v2/fits/accdm_logm13p1428571428571_logfm1p15.json,runs/accdm/accdm_scan_lowf_q1001_v2/fits/accdm_logm13p1428571428571_logfm1p15.json
13.1428571429|-1.1500000000,upper_grid,theory,low_q1001,/home/2/ks405818/Master/lyalpha_one_loop/runs/accdm/accdm_scan_lowf_q1001_v2/theory/accdm_logm13p1428571428571_logfm1p15.npz,runs/accdm/accdm_scan_lowf_q1001_v2/theory/accdm_logm13p1428571428571_logfm1p15.npz
13.2857142857|-1.1500000000,upper_grid,fit,low_q1001,/home/2/ks405818/Master/lyalpha_one_loop/runs/accdm/accdm_scan_lowf_q1001_v2/fits/accdm_logm13p2857142857143_logfm1p15.json,runs/accdm/accdm_scan_lowf_q1001_v2/fits/accdm_logm13p2857142857143_logfm1p15.json
13.2857142857|-1.1500000000,upper_grid,theory,low_q1001,/home/2/ks405818/Master/lyalpha_one_loop/runs/accdm/accdm_scan_lowf_q1001_v2/theory/accdm_logm13p2857142857143_logfm1p15.npz,runs/accdm/accdm_scan_lowf_q1001_v2/theory/accdm_logm13p2857142857143_logfm1p15.npz
13.4285714286|-1.1500000000,upper_grid,fit,low_q1001,/home/2/ks405818/Master/lyalpha_one_loop/runs/accdm/accdm_scan_lowf_q1001_v2/fits/accdm_logm13p4285714285714_logfm1p15.json,runs/accdm/accdm_scan_lowf_q1001_v2/fits/accdm_logm13p4285714285714_logfm1p15.json
13.4285714286|-1.1500000000,upper_grid,theory,low_q1001,/home/2/ks405818/Master/lyalpha_one_loop/runs/accdm/accdm_scan_lowf_q1001_v2/theory/accdm_logm13p4285714285714_logfm1p15.npz,runs/accdm/accdm_scan_lowf_q1001_v2/theory/accdm_logm13p4285714285714_logfm1p15.npz
13.5714285714|-1.1500000000,upper_grid,fit,low_q1001,/home/2/ks405818/Master/lyalpha_one_loop/runs/accdm/accdm_scan_lowf_q1001_v2/fits/accdm_logm13p5714285714286_logfm1p15.json,runs/accdm/accdm_scan_lowf_q1001_v2/fits/accdm_logm13p5714285714286_logfm1p15.json
13.5714285714|-1.1500000000,upper_grid,theory,low_q1001,/home/2/ks405818/Master/lyalpha_one_loop/runs/accdm/accdm_scan_lowf_q1001_v2/theory/accdm_logm13p5714285714286_logfm1p15.npz,runs/accdm/accdm_scan_lowf_q1001_v2/theory/accdm_logm13p5714285714286_logfm1p15.npz
13.7142857143|-1.1500000000,upper_grid,fit,low_q1001,/home/2/ks405818/Master/lyalpha_one_loop/runs/accdm/accdm_scan_lowf_q1001_v2/fits/accdm_logm13p7142857142857_logfm1p15.json,runs/accdm/accdm_scan_lowf_q1001_v2/fits/accdm_logm13p7142857142857_logfm1p15.json
13.7142857143|-1.1500000000,upper_grid,theory,low_q1001,/home/2/ks405818/Master/lyalpha_one_loop/runs/accdm/accdm_scan_lowf_q1001_v2/theory/accdm_logm13p7142857142857_logfm1p15.npz,runs/accdm/accdm_scan_lowf_q1001_v2/theory/accdm_logm13p7142857142857_logfm1p15.npz
13.8571428571|-1.1500000000,upper_grid,fit,low_q1001,/home/2/ks405818/Master/lyalpha_one_loop/runs/accdm/accdm_scan_lowf_q1001_v2/fits/accdm_logm13p8571428571429_logfm1p15.json,runs/accdm/accdm_scan_lowf_q1001_v2/fits/accdm_logm13p8571428571429_logfm1p15.json
13.8571428571|-1.1500000000,upper_grid,theory,low_q1001,/home/2/ks405818/Master/lyalpha_one_loop/runs/accdm/accdm_scan_lowf_q1001_v2/theory/accdm_logm13p8571428571429_logfm1p15.npz,runs/accdm/accdm_scan_lowf_q1001_v2/theory/accdm_logm13p8571428571429_logfm1p15.npz
14.0000000000|-1.1500000000,upper_grid,fit,low_q1001,/home/2/ks405818/Master/lyalpha_one_loop/runs/accdm/accdm_scan_lowf_q1001_v2/fits/accdm_logm14_logfm1p15.json,runs/accdm/accdm_scan_lowf_q1001_v2/fits/accdm_logm14_logfm1p15.json
14.0000000000|-1.1500000000,upper_grid,theory,low_q1001,/home/2/ks405818/Master/lyalpha_one_loop/runs/accdm/accdm_scan_lowf_q1001_v2/theory/accdm_logm14_logfm1p15.npz,runs/accdm/accdm_scan_lowf_q1001_v2/theory/accdm_logm14_logfm1p15.npz
14.1428571429|-1.1500000000,upper_grid,fit,low_q1001,/home/2/ks405818/Master/lyalpha_one_loop/runs/accdm/accdm_scan_lowf_q1001_v2/fits/accdm_logm14p1428571428571_logfm1p15.json,runs/accdm/accdm_scan_lowf_q1001_v2/fits/accdm_logm14p1428571428571_logfm1p15.json
14.1428571429|-1.1500000000,upper_grid,theory,low_q1001,/home/2/ks405818/Master/lyalpha_one_loop/runs/accdm/accdm_scan_lowf_q1001_v2/theory/accdm_logm14p1428571428571_logfm1p15.npz,runs/accdm/accdm_scan_lowf_q1001_v2/theory/accdm_logm14p1428571428571_logfm1p15.npz
14.2857142857|-1.1500000000,upper_grid,fit,low_q1001,/home/2/ks405818/Master/lyalpha_one_loop/runs/accdm/accdm_scan_lowf_q1001_v2/fits/accdm_logm14p2857142857143_logfm1p15.json,runs/accdm/accdm_scan_lowf_q1001_v2/fits/accdm_logm14p2857142857143_logfm1p15.json
14.2857142857|-1.1500000000,upper_grid,theory,low_q1001,/home/2/ks405818/Master/lyalpha_one_loop/runs/accdm/accdm_scan_lowf_q1001_v2/theory/accdm_logm14p2857142857143_logfm1p15.npz,runs/accdm/accdm_scan_lowf_q1001_v2/theory/accdm_logm14p2857142857143_logfm1p15.npz
14.4285714286|-1.1500000000,upper_grid,fit,low_q1001,/home/2/ks405818/Master/lyalpha_one_loop/runs/accdm/accdm_scan_lowf_q1001_v2/fits/accdm_logm14p4285714285714_logfm1p15.json,runs/accdm/accdm_scan_lowf_q1001_v2/fits/accdm_logm14p4285714285714_logfm1p15.json
14.4285714286|-1.1500000000,upper_grid,theory,low_q1001,/home/2/ks405818/Master/lyalpha_one_loop/runs/accdm/accdm_scan_lowf_q1001_v2/theory/accdm_logm14p4285714285714_logfm1p15.npz,runs/accdm/accdm_scan_lowf_q1001_v2/theory/accdm_logm14p4285714285714_logfm1p15.npz
14.5714285714|-1.1500000000,upper_grid,fit,low_q1001,/home/2/ks405818/Master/lyalpha_one_loop/runs/accdm/accdm_scan_lowf_q1001_v2/fits/accdm_logm14p5714285714286_logfm1p15.json,runs/accdm/accdm_scan_lowf_q1001_v2/fits/accdm_logm14p5714285714286_logfm1p15.json
14.5714285714|-1.1500000000,upper_grid,theory,low_q1001,/home/2/ks405818/Master/lyalpha_one_loop/runs/accdm/accdm_scan_lowf_q1001_v2/theory/accdm_logm14p5714285714286_logfm1p15.npz,runs/accdm/accdm_scan_lowf_q1001_v2/theory/accdm_logm14p5714285714286_logfm1p15.npz
14.7142857143|-1.1500000000,upper_grid,fit,low_q1001,/home/2/ks405818/Master/lyalpha_one_loop/runs/accdm/accdm_scan_lowf_q1001_v2/fits/accdm_logm14p7142857142857_logfm1p15.json,runs/accdm/accdm_scan_lowf_q1001_v2/fits/accdm_logm14p7142857142857_logfm1p15.json
14.7142857143|-1.1500000000,upper_grid,theory,low_q1001,/home/2/ks405818/Master/lyalpha_one_loop/runs/accdm/accdm_scan_lowf_q1001_v2/theory/accdm_logm14p7142857142857_logfm1p15.npz,runs/accdm/accdm_scan_lowf_q1001_v2/theory/accdm_logm14p7142857142857_logfm1p15.npz
14.8571428571|-1.1500000000,upper_grid,fit,low_q1001,/home/2/ks405818/Master/lyalpha_one_loop/runs/accdm/accdm_scan_lowf_q1001_v2/fits/accdm_logm14p8571428571429_logfm1p15.json,runs/accdm/accdm_scan_lowf_q1001_v2/fits/accdm_logm14p8571428571429_logfm1p15.json
14.8571428571|-1.1500000000,upper_grid,theory,low_q1001,/home/2/ks405818/Master/lyalpha_one_loop/runs/accdm/accdm_scan_lowf_q1001_v2/theory/accdm_logm14p8571428571429_logfm1p15.npz,runs/accdm/accdm_scan_lowf_q1001_v2/theory/accdm_logm14p8571428571429_logfm1p15.npz
15.0000000000|-1.1500000000,upper_grid,fit,low_q1001,/home/2/ks405818/Master/lyalpha_one_loop/runs/accdm/accdm_scan_lowf_q1001_v2/fits/accdm_logm15_logfm1p15.json,runs/accdm/accdm_scan_lowf_q1001_v2/fits/accdm_logm15_logfm1p15.json
15.0000000000|-1.1500000000,upper_grid,theory,low_q1001,/home/2/ks405818/Master/lyalpha_one_loop/runs/accdm/accdm_scan_lowf_q1001_v2/theory/accdm_logm15_logfm1p15.npz,runs/accdm/accdm_scan_lowf_q1001_v2/theory/accdm_logm15_logfm1p15.npz
15.1428571429|-1.1500000000,upper_grid,fit,low_q1001,/home/2/ks405818/Master/lyalpha_one_loop/runs/accdm/accdm_scan_lowf_q1001_v2/fits/accdm_logm15p1428571428571_logfm1p15.json,runs/accdm/accdm_scan_lowf_q1001_v2/fits/accdm_logm15p1428571428571_logfm1p15.json
15.1428571429|-1.1500000000,upper_grid,theory,low_q1001,/home/2/ks405818/Master/lyalpha_one_loop/runs/accdm/accdm_scan_lowf_q1001_v2/theory/accdm_logm15p1428571428571_logfm1p15.npz,runs/accdm/accdm_scan_lowf_q1001_v2/theory/accdm_logm15p1428571428571_logfm1p15.npz
15.2857142857|-1.1500000000,upper_grid,fit,low_q1001,/home/2/ks405818/Master/lyalpha_one_loop/runs/accdm/accdm_scan_lowf_q1001_v2/fits/accdm_logm15p2857142857143_logfm1p15.json,runs/accdm/accdm_scan_lowf_q1001_v2/fits/accdm_logm15p2857142857143_logfm1p15.json
15.2857142857|-1.1500000000,upper_grid,theory,low_q1001,/home/2/ks405818/Master/lyalpha_one_loop/runs/accdm/accdm_scan_lowf_q1001_v2/theory/accdm_logm15p2857142857143_logfm1p15.npz,runs/accdm/accdm_scan_lowf_q1001_v2/theory/accdm_logm15p2857142857143_logfm1p15.npz
15.4285714286|-1.1500000000,upper_grid,fit,low_q1001,/home/2/ks405818/Master/lyalpha_one_loop/runs/accdm/accdm_scan_lowf_q1001_v2/fits/accdm_logm15p4285714285714_logfm1p15.json,runs/accdm/accdm_scan_lowf_q1001_v2/fits/accdm_logm15p4285714285714_logfm1p15.json
15.4285714286|-1.1500000000,upper_grid,theory,low_q1001,/home/2/ks405818/Master/lyalpha_one_loop/runs/accdm/accdm_scan_lowf_q1001_v2/theory/accdm_logm15p4285714285714_logfm1p15.npz,runs/accdm/accdm_scan_lowf_q1001_v2/theory/accdm_logm15p4285714285714_logfm1p15.npz
15.5714285714|-1.1500000000,upper_grid,fit,low_q1001,/home/2/ks405818/Master/lyalpha_one_loop/runs/accdm/accdm_scan_lowf_q1001_v2/fits/accdm_logm15p5714285714286_logfm1p15.json,runs/accdm/accdm_scan_lowf_q1001_v2/fits/accdm_logm15p5714285714286_logfm1p15.json
15.5714285714|-1.1500000000,upper_grid,theory,low_q1001,/home/2/ks405818/Master/lyalpha_one_loop/runs/accdm/accdm_scan_lowf_q1001_v2/theory/accdm_logm15p5714285714286_logfm1p15.npz,runs/accdm/accdm_scan_lowf_q1001_v2/theory/accdm_logm15p5714285714286_logfm1p15.npz
15.7142857143|-1.1500000000,upper_grid,fit,low_q1001,/home/2/ks405818/Master/lyalpha_one_loop/runs/accdm/accdm_scan_lowf_q1001_v2/fits/accdm_logm15p7142857142857_logfm1p15.json,runs/accdm/accdm_scan_lowf_q1001_v2/fits/accdm_logm15p7142857142857_logfm1p15.json
15.7142857143|-1.1500000000,upper_grid,theory,low_q1001,/home/2/ks405818/Master/lyalpha_one_loop/runs/accdm/accdm_scan_lowf_q1001_v2/theory/accdm_logm15p7142857142857_logfm1p15.npz,runs/accdm/accdm_scan_lowf_q1001_v2/theory/accdm_logm15p7142857142857_logfm1p15.npz
15.8571428571|-1.1500000000,upper_grid,fit,low_q1001,/home/2/ks405818/Master/lyalpha_one_loop/runs/accdm/accdm_scan_lowf_q1001_v2/fits/accdm_logm15p8571428571429_logfm1p15.json,runs/accdm/accdm_scan_lowf_q1001_v2/fits/accdm_logm15p8571428571429_logfm1p15.json
15.8571428571|-1.1500000000,upper_grid,theory,low_q1001,/home/2/ks405818/Master/lyalpha_one_loop/runs/accdm/accdm_scan_lowf_q1001_v2/theory/accdm_logm15p8571428571429_logfm1p15.npz,runs/accdm/accdm_scan_lowf_q1001_v2/theory/accdm_logm15p8571428571429_logfm1p15.npz
16.0000000000|-1.1500000000,upper_grid,fit,low_q1001,/home/2/ks405818/Master/lyalpha_one_loop/runs/accdm/accdm_scan_lowf_q1001_v2/fits/accdm_logm16_logfm1p15.json,runs/accdm/accdm_scan_lowf_q1001_v2/fits/accdm_logm16_logfm1p15.json
16.0000000000|-1.1500000000,upper_grid,theory,low_q1001,/home/2/ks405818/Master/lyalpha_one_loop/runs/accdm/accdm_scan_lowf_q1001_v2/theory/accdm_logm16_logfm1p15.npz,runs/accdm/accdm_scan_lowf_q1001_v2/theory/accdm_logm16_logfm1p15.npz
16.1428571429|-1.1500000000,upper_grid,fit,low_q1001,/home/2/ks405818/Master/lyalpha_one_loop/runs/accdm/accdm_scan_lowf_q1001_v2/fits/accdm_logm16p1428571428571_logfm1p15.json,runs/accdm/accdm_scan_lowf_q1001_v2/fits/accdm_logm16p1428571428571_logfm1p15.json
16.1428571429|-1.1500000000,upper_grid,theory,low_q1001,/home/2/ks405818/Master/lyalpha_one_loop/runs/accdm/accdm_scan_lowf_q1001_v2/theory/accdm_logm16p1428571428571_logfm1p15.npz,runs/accdm/accdm_scan_lowf_q1001_v2/theory/accdm_logm16p1428571428571_logfm1p15.npz
16.2857142857|-1.1500000000,upper_grid,fit,low_q1001,/home/2/ks405818/Master/lyalpha_one_loop/runs/accdm/accdm_scan_lowf_q1001_v2/fits/accdm_logm16p2857142857143_logfm1p15.json,runs/accdm/accdm_scan_lowf_q1001_v2/fits/accdm_logm16p2857142857143_logfm1p15.json
16.2857142857|-1.1500000000,upper_grid,theory,low_q1001,/home/2/ks405818/Master/lyalpha_one_loop/runs/accdm/accdm_scan_lowf_q1001_v2/theory/accdm_logm16p2857142857143_logfm1p15.npz,runs/accdm/accdm_scan_lowf_q1001_v2/theory/accdm_logm16p2857142857143_logfm1p15.npz
16.4285714286|-1.1500000000,upper_grid,fit,low_q1001,/home/2/ks405818/Master/lyalpha_one_loop/runs/accdm/accdm_scan_lowf_q1001_v2/fits/accdm_logm16p4285714285714_logfm1p15.json,runs/accdm/accdm_scan_lowf_q1001_v2/fits/accdm_logm16p4285714285714_logfm1p15.json
16.4285714286|-1.1500000000,upper_grid,theory,low_q1001,/home/2/ks405818/Master/lyalpha_one_loop/runs/accdm/accdm_scan_lowf_q1001_v2/theory/accdm_logm16p4285714285714_logfm1p15.npz,runs/accdm/accdm_scan_lowf_q1001_v2/theory/accdm_logm16p4285714285714_logfm1p15.npz
16.5714285714|-1.1500000000,upper_grid,fit,low_q1001,/home/2/ks405818/Master/lyalpha_one_loop/runs/accdm/accdm_scan_lowf_q1001_v2/fits/accdm_logm16p5714285714286_logfm1p15.json,runs/accdm/accdm_scan_lowf_q1001_v2/fits/accdm_logm16p5714285714286_logfm1p15.json
16.5714285714|-1.1500000000,upper_grid,theory,low_q1001,/home/2/ks405818/Master/lyalpha_one_loop/runs/accdm/accdm_scan_lowf_q1001_v2/theory/accdm_logm16p5714285714286_logfm1p15.npz,runs/accdm/accdm_scan_lowf_q1001_v2/theory/accdm_logm16p5714285714286_logfm1p15.npz
16.7142857143|-1.1500000000,upper_grid,fit,low_q1001,/home/2/ks405818/Master/lyalpha_one_loop/runs/accdm/accdm_scan_lowf_q1001_v2/fits/accdm_logm16p7142857142857_logfm1p15.json,runs/accdm/accdm_scan_lowf_q1001_v2/fits/accdm_logm16p7142857142857_logfm1p15.json
16.7142857143|-1.1500000000,upper_grid,theory,low_q1001,/home/2/ks405818/Master/lyalpha_one_loop/runs/accdm/accdm_scan_lowf_q1001_v2/theory/accdm_logm16p7142857142857_logfm1p15.npz,runs/accdm/accdm_scan_lowf_q1001_v2/theory/accdm_logm16p7142857142857_logfm1p15.npz
16.8571428571|-1.1500000000,upper_grid,fit,low_q1001,/home/2/ks405818/Master/lyalpha_one_loop/runs/accdm/accdm_scan_lowf_q1001_v2/fits/accdm_logm16p8571428571429_logfm1p15.json,runs/accdm/accdm_scan_lowf_q1001_v2/fits/accdm_logm16p8571428571429_logfm1p15.json
16.8571428571|-1.1500000000,upper_grid,theory,low_q1001,/home/2/ks405818/Master/lyalpha_one_loop/runs/accdm/accdm_scan_lowf_q1001_v2/theory/accdm_logm16p8571428571429_logfm1p15.npz,runs/accdm/accdm_scan_lowf_q1001_v2/theory/accdm_logm16p8571428571429_logfm1p15.npz
17.0000000000|-1.1500000000,upper_grid,fit,low_q1001,/home/2/ks405818/Master/lyalpha_one_loop/runs/accdm/accdm_scan_lowf_q1001_v2/fits/accdm_logm17_logfm1p15.json,runs/accdm/accdm_scan_lowf_q1001_v2/fits/accdm_logm17_logfm1p15.json
17.0000000000|-1.1500000000,upper_grid,theory,low_q1001,/home/2/ks405818/Master/lyalpha_one_loop/runs/accdm/accdm_scan_lowf_q1001_v2/theory/accdm_logm17_logfm1p15.npz,runs/accdm/accdm_scan_lowf_q1001_v2/theory/accdm_logm17_logfm1p15.npz
17.1428571429|-1.1500000000,upper_grid,fit,low_q1001,/home/2/ks405818/Master/lyalpha_one_loop/runs/accdm/accdm_scan_lowf_q1001_v2/fits/accdm_logm17p1428571428571_logfm1p15.json,runs/accdm/accdm_scan_lowf_q1001_v2/fits/accdm_logm17p1428571428571_logfm1p15.json
17.1428571429|-1.1500000000,upper_grid,theory,low_q1001,/home/2/ks405818/Master/lyalpha_one_loop/runs/accdm/accdm_scan_lowf_q1001_v2/theory/accdm_logm17p1428571428571_logfm1p15.npz,runs/accdm/accdm_scan_lowf_q1001_v2/theory/accdm_logm17p1428571428571_logfm1p15.npz
17.2857142857|-1.1500000000,upper_grid,fit,low_q1001,/home/2/ks405818/Master/lyalpha_one_loop/runs/accdm/accdm_scan_lowf_q1001_v2/fits/accdm_logm17p2857142857143_logfm1p15.json,runs/accdm/accdm_scan_lowf_q1001_v2/fits/accdm_logm17p2857142857143_logfm1p15.json
17.2857142857|-1.1500000000,upper_grid,theory,low_q1001,/home/2/ks405818/Master/lyalpha_one_loop/runs/accdm/accdm_scan_lowf_q1001_v2/theory/accdm_logm17p2857142857143_logfm1p15.npz,runs/accdm/accdm_scan_lowf_q1001_v2/theory/accdm_logm17p2857142857143_logfm1p15.npz
17.4285714286|-1.1500000000,upper_grid,fit,low_q1001,/home/2/ks405818/Master/lyalpha_one_loop/runs/accdm/accdm_scan_lowf_q1001_v2/fits/accdm_logm17p4285714285714_logfm1p15.json,runs/accdm/accdm_scan_lowf_q1001_v2/fits/accdm_logm17p4285714285714_logfm1p15.json
17.4285714286|-1.1500000000,upper_grid,theory,low_q1001,/home/2/ks405818/Master/lyalpha_one_loop/runs/accdm/accdm_scan_lowf_q1001_v2/theory/accdm_logm17p4285714285714_logfm1p15.npz,runs/accdm/accdm_scan_lowf_q1001_v2/theory/accdm_logm17p4285714285714_logfm1p15.npz
17.5714285714|-1.1500000000,upper_grid,fit,low_q1001,/home/2/ks405818/Master/lyalpha_one_loop/runs/accdm/accdm_scan_lowf_q1001_v2/fits/accdm_logm17p5714285714286_logfm1p15.json,runs/accdm/accdm_scan_lowf_q1001_v2/fits/accdm_logm17p5714285714286_logfm1p15.json
17.5714285714|-1.1500000000,upper_grid,theory,low_q1001,/home/2/ks405818/Master/lyalpha_one_loop/runs/accdm/accdm_scan_lowf_q1001_v2/theory/accdm_logm17p5714285714286_logfm1p15.npz,runs/accdm/accdm_scan_lowf_q1001_v2/theory/accdm_logm17p5714285714286_logfm1p15.npz
17.7142857143|-1.1500000000,upper_grid,fit,low_q1001,/home/2/ks405818/Master/lyalpha_one_loop/runs/accdm/accdm_scan_lowf_q1001_v2/fits/accdm_logm17p7142857142857_logfm1p15.json,runs/accdm/accdm_scan_lowf_q1001_v2/fits/accdm_logm17p7142857142857_logfm1p15.json
17.7142857143|-1.1500000000,upper_grid,theory,low_q1001,/home/2/ks405818/Master/lyalpha_one_loop/runs/accdm/accdm_scan_lowf_q1001_v2/theory/accdm_logm17p7142857142857_logfm1p15.npz,runs/accdm/accdm_scan_lowf_q1001_v2/theory/accdm_logm17p7142857142857_logfm1p15.npz
17.8571428571|-1.1500000000,upper_grid,fit,low_q1001,/home/2/ks405818/Master/lyalpha_one_loop/runs/accdm/accdm_scan_lowf_q1001_v2/fits/accdm_logm17p8571428571429_logfm1p15.json,runs/accdm/accdm_scan_lowf_q1001_v2/fits/accdm_logm17p8571428571429_logfm1p15.json
17.8571428571|-1.1500000000,upper_grid,theory,low_q1001,/home/2/ks405818/Master/lyalpha_one_loop/runs/accdm/accdm_scan_lowf_q1001_v2/theory/accdm_logm17p8571428571429_logfm1p15.npz,runs/accdm/accdm_scan_lowf_q1001_v2/theory/accdm_logm17p8571428571429_logfm1p15.npz
18.0000000000|-1.1500000000,upper_grid,fit,low_q1001,/home/2/ks405818/Master/lyalpha_one_loop/runs/accdm/accdm_scan_lowf_q1001_v2/fits/accdm_logm18_logfm1p15.json,runs/accdm/accdm_scan_lowf_q1001_v2/fits/accdm_logm18_logfm1p15.json
18.0000000000|-1.1500000000,upper_grid,theory,low_q1001,/home/2/ks405818/Master/lyalpha_one_loop/runs/accdm/accdm_scan_lowf_q1001_v2/theory/accdm_logm18_logfm1p15.npz,runs/accdm/accdm_scan_lowf_q1001_v2/theory/accdm_logm18_logfm1p15.npz
18.1428571429|-1.1500000000,upper_grid,fit,loweps_low_q1001,/home/2/ks405818/Master/lyalpha_one_loop/runs/accdm/accdm_scan_loweps_lowf_q1001_v1/fits/accdm_logm18p1428571428571_logfm1p15.json,runs/accdm/accdm_scan_loweps_lowf_q1001_v1/fits/accdm_logm18p1428571428571_logfm1p15.json
18.1428571429|-1.1500000000,upper_grid,theory,loweps_low_q1001,/home/2/ks405818/Master/lyalpha_one_loop/runs/accdm/accdm_scan_loweps_lowf_q1001_v1/theory/accdm_logm18p1428571428571_logfm1p15.npz,runs/accdm/accdm_scan_loweps_lowf_q1001_v1/theory/accdm_logm18p1428571428571_logfm1p15.npz
18.2857142857|-1.1500000000,upper_grid,fit,loweps_low_q1001,/home/2/ks405818/Master/lyalpha_one_loop/runs/accdm/accdm_scan_loweps_lowf_q1001_v1/fits/accdm_logm18p2857142857143_logfm1p15.json,runs/accdm/accdm_scan_loweps_lowf_q1001_v1/fits/accdm_logm18p2857142857143_logfm1p15.json
18.2857142857|-1.1500000000,upper_grid,theory,loweps_low_q1001,/home/2/ks405818/Master/lyalpha_one_loop/runs/accdm/accdm_scan_loweps_lowf_q1001_v1/theory/accdm_logm18p2857142857143_logfm1p15.npz,runs/accdm/accdm_scan_loweps_lowf_q1001_v1/theory/accdm_logm18p2857142857143_logfm1p15.npz
18.4285714286|-1.1500000000,upper_grid,fit,loweps_low_q1001,/home/2/ks405818/Master/lyalpha_one_loop/runs/accdm/accdm_scan_loweps_lowf_q1001_v1/fits/accdm_logm18p4285714285714_logfm1p15.json,runs/accdm/accdm_scan_loweps_lowf_q1001_v1/fits/accdm_logm18p4285714285714_logfm1p15.json
18.4285714286|-1.1500000000,upper_grid,theory,loweps_low_q1001,/home/2/ks405818/Master/lyalpha_one_loop/runs/accdm/accdm_scan_loweps_lowf_q1001_v1/theory/accdm_logm18p4285714285714_logfm1p15.npz,runs/accdm/accdm_scan_loweps_lowf_q1001_v1/theory/accdm_logm18p4285714285714_logfm1p15.npz
18.5714285714|-1.1500000000,upper_grid,fit,loweps_low_q1001,/home/2/ks405818/Master/lyalpha_one_loop/runs/accdm/accdm_scan_loweps_lowf_q1001_v1/fits/accdm_logm18p5714285714286_logfm1p15.json,runs/accdm/accdm_scan_loweps_lowf_q1001_v1/fits/accdm_logm18p5714285714286_logfm1p15.json
18.5714285714|-1.1500000000,upper_grid,theory,loweps_low_q1001,/home/2/ks405818/Master/lyalpha_one_loop/runs/accdm/accdm_scan_loweps_lowf_q1001_v1/theory/accdm_logm18p5714285714286_logfm1p15.npz,runs/accdm/accdm_scan_loweps_lowf_q1001_v1/theory/accdm_logm18p5714285714286_logfm1p15.npz
18.7142857143|-1.1500000000,upper_grid,fit,loweps_low_q1001,/home/2/ks405818/Master/lyalpha_one_loop/runs/accdm/accdm_scan_loweps_lowf_q1001_v1/fits/accdm_logm18p7142857142857_logfm1p15.json,runs/accdm/accdm_scan_loweps_lowf_q1001_v1/fits/accdm_logm18p7142857142857_logfm1p15.json
18.7142857143|-1.1500000000,upper_grid,theory,loweps_low_q1001,/home/2/ks405818/Master/lyalpha_one_loop/runs/accdm/accdm_scan_loweps_lowf_q1001_v1/theory/accdm_logm18p7142857142857_logfm1p15.npz,runs/accdm/accdm_scan_loweps_lowf_q1001_v1/theory/accdm_logm18p7142857142857_logfm1p15.npz
18.8571428571|-1.1500000000,upper_grid,fit,loweps_low_q1001,/home/2/ks405818/Master/lyalpha_one_loop/runs/accdm/accdm_scan_loweps_lowf_q1001_v1/fits/accdm_logm18p8571428571429_logfm1p15.json,runs/accdm/accdm_scan_loweps_lowf_q1001_v1/fits/accdm_logm18p8571428571429_logfm1p15.json
18.8571428571|-1.1500000000,upper_grid,theory,loweps_low_q1001,/home/2/ks405818/Master/lyalpha_one_loop/runs/accdm/accdm_scan_loweps_lowf_q1001_v1/theory/accdm_logm18p8571428571429_logfm1p15.npz,runs/accdm/accdm_scan_loweps_lowf_q1001_v1/theory/accdm_logm18p8571428571429_logfm1p15.npz
19.0000000000|-1.1500000000,upper_grid,fit,loweps_low_q1001,/home/2/ks405818/Master/lyalpha_one_loop/runs/accdm/accdm_scan_loweps_lowf_q1001_v1/fits/accdm_logm19_logfm1p15.json,runs/accdm/accdm_scan_loweps_lowf_q1001_v1/fits/accdm_logm19_logfm1p15.json
19.0000000000|-1.1500000000,upper_grid,theory,loweps_low_q1001,/home/2/ks405818/Master/lyalpha_one_loop/runs/accdm/accdm_scan_loweps_lowf_q1001_v1/theory/accdm_logm19_logfm1p15.npz,runs/accdm/accdm_scan_loweps_lowf_q1001_v1/theory/accdm_logm19_logfm1p15.npz
19.1428571429|-1.1500000000,upper_grid,fit,loweps_low_q1001,/home/2/ks405818/Master/lyalpha_one_loop/runs/accdm/accdm_scan_loweps_lowf_q1001_v1/fits/accdm_logm19p1428571428571_logfm1p15.json,runs/accdm/accdm_scan_loweps_lowf_q1001_v1/fits/accdm_logm19p1428571428571_logfm1p15.json
19.1428571429|-1.1500000000,upper_grid,theory,loweps_low_q1001,/home/2/ks405818/Master/lyalpha_one_loop/runs/accdm/accdm_scan_loweps_lowf_q1001_v1/theory/accdm_logm19p1428571428571_logfm1p15.npz,runs/accdm/accdm_scan_loweps_lowf_q1001_v1/theory/accdm_logm19p1428571428571_logfm1p15.npz
19.2857142857|-1.1500000000,upper_grid,fit,loweps_low_q1001,/home/2/ks405818/Master/lyalpha_one_loop/runs/accdm/accdm_scan_loweps_lowf_q1001_v1/fits/accdm_logm19p2857142857143_logfm1p15.json,runs/accdm/accdm_scan_loweps_lowf_q1001_v1/fits/accdm_logm19p2857142857143_logfm1p15.json
19.2857142857|-1.1500000000,upper_grid,theory,loweps_low_q1001,/home/2/ks405818/Master/lyalpha_one_loop/runs/accdm/accdm_scan_loweps_lowf_q1001_v1/theory/accdm_logm19p2857142857143_logfm1p15.npz,runs/accdm/accdm_scan_loweps_lowf_q1001_v1/theory/accdm_logm19p2857142857143_logfm1p15.npz
19.4285714286|-1.1500000000,upper_grid,fit,loweps_low_q1001,/home/2/ks405818/Master/lyalpha_one_loop/runs/accdm/accdm_scan_loweps_lowf_q1001_v1/fits/accdm_logm19p4285714285714_logfm1p15.json,runs/accdm/accdm_scan_loweps_lowf_q1001_v1/fits/accdm_logm19p4285714285714_logfm1p15.json
19.4285714286|-1.1500000000,upper_grid,theory,loweps_low_q1001,/home/2/ks405818/Master/lyalpha_one_loop/runs/accdm/accdm_scan_loweps_lowf_q1001_v1/theory/accdm_logm19p4285714285714_logfm1p15.npz,runs/accdm/accdm_scan_loweps_lowf_q1001_v1/theory/accdm_logm19p4285714285714_logfm1p15.npz
11.0000000000|-1.0750000000,upper_grid,fit,low_q1001,/home/2/ks405818/Master/lyalpha_one_loop/runs/accdm/accdm_scan_lowf_q1001_v2/fits/accdm_logm11_logfm1p075.json,runs/accdm/accdm_scan_lowf_q1001_v2/fits/accdm_logm11_logfm1p075.json
11.0000000000|-1.0750000000,upper_grid,theory,low_q1001,/home/2/ks405818/Master/lyalpha_one_loop/runs/accdm/accdm_scan_lowf_q1001_v2/theory/accdm_logm11_logfm1p075.npz,runs/accdm/accdm_scan_lowf_q1001_v2/theory/accdm_logm11_logfm1p075.npz
11.1428571429|-1.0750000000,upper_grid,fit,low_q1001,/home/2/ks405818/Master/lyalpha_one_loop/runs/accdm/accdm_scan_lowf_q1001_v2/fits/accdm_logm11p1428571428571_logfm1p075.json,runs/accdm/accdm_scan_lowf_q1001_v2/fits/accdm_logm11p1428571428571_logfm1p075.json
11.1428571429|-1.0750000000,upper_grid,theory,low_q1001,/home/2/ks405818/Master/lyalpha_one_loop/runs/accdm/accdm_scan_lowf_q1001_v2/theory/accdm_logm11p1428571428571_logfm1p075.npz,runs/accdm/accdm_scan_lowf_q1001_v2/theory/accdm_logm11p1428571428571_logfm1p075.npz
11.2857142857|-1.0750000000,upper_grid,fit,low_q1001,/home/2/ks405818/Master/lyalpha_one_loop/runs/accdm/accdm_scan_lowf_q1001_v2/fits/accdm_logm11p2857142857143_logfm1p075.json,runs/accdm/accdm_scan_lowf_q1001_v2/fits/accdm_logm11p2857142857143_logfm1p075.json
11.2857142857|-1.0750000000,upper_grid,theory,low_q1001,/home/2/ks405818/Master/lyalpha_one_loop/runs/accdm/accdm_scan_lowf_q1001_v2/theory/accdm_logm11p2857142857143_logfm1p075.npz,runs/accdm/accdm_scan_lowf_q1001_v2/theory/accdm_logm11p2857142857143_logfm1p075.npz
11.4285714286|-1.0750000000,upper_grid,fit,low_q1001,/home/2/ks405818/Master/lyalpha_one_loop/runs/accdm/accdm_scan_lowf_q1001_v2/fits/accdm_logm11p4285714285714_logfm1p075.json,runs/accdm/accdm_scan_lowf_q1001_v2/fits/accdm_logm11p4285714285714_logfm1p075.json
11.4285714286|-1.0750000000,upper_grid,theory,low_q1001,/home/2/ks405818/Master/lyalpha_one_loop/runs/accdm/accdm_scan_lowf_q1001_v2/theory/accdm_logm11p4285714285714_logfm1p075.npz,runs/accdm/accdm_scan_lowf_q1001_v2/theory/accdm_logm11p4285714285714_logfm1p075.npz
11.5714285714|-1.0750000000,upper_grid,fit,low_q1001,/home/2/ks405818/Master/lyalpha_one_loop/runs/accdm/accdm_scan_lowf_q1001_v2/fits/accdm_logm11p5714285714286_logfm1p075.json,runs/accdm/accdm_scan_lowf_q1001_v2/fits/accdm_logm11p5714285714286_logfm1p075.json
11.5714285714|-1.0750000000,upper_grid,theory,low_q1001,/home/2/ks405818/Master/lyalpha_one_loop/runs/accdm/accdm_scan_lowf_q1001_v2/theory/accdm_logm11p5714285714286_logfm1p075.npz,runs/accdm/accdm_scan_lowf_q1001_v2/theory/accdm_logm11p5714285714286_logfm1p075.npz
11.7142857143|-1.0750000000,upper_grid,fit,low_q1001,/home/2/ks405818/Master/lyalpha_one_loop/runs/accdm/accdm_scan_lowf_q1001_v2/fits/accdm_logm11p7142857142857_logfm1p075.json,runs/accdm/accdm_scan_lowf_q1001_v2/fits/accdm_logm11p7142857142857_logfm1p075.json
11.7142857143|-1.0750000000,upper_grid,theory,low_q1001,/home/2/ks405818/Master/lyalpha_one_loop/runs/accdm/accdm_scan_lowf_q1001_v2/theory/accdm_logm11p7142857142857_logfm1p075.npz,runs/accdm/accdm_scan_lowf_q1001_v2/theory/accdm_logm11p7142857142857_logfm1p075.npz
11.8571428571|-1.0750000000,upper_grid,fit,low_q1001,/home/2/ks405818/Master/lyalpha_one_loop/runs/accdm/accdm_scan_lowf_q1001_v2/fits/accdm_logm11p8571428571429_logfm1p075.json,runs/accdm/accdm_scan_lowf_q1001_v2/fits/accdm_logm11p8571428571429_logfm1p075.json
11.8571428571|-1.0750000000,upper_grid,theory,low_q1001,/home/2/ks405818/Master/lyalpha_one_loop/runs/accdm/accdm_scan_lowf_q1001_v2/theory/accdm_logm11p8571428571429_logfm1p075.npz,runs/accdm/accdm_scan_lowf_q1001_v2/theory/accdm_logm11p8571428571429_logfm1p075.npz
12.0000000000|-1.0750000000,upper_grid,fit,low_q2501_recovery,/home/2/ks405818/Master/lyalpha_one_loop/runs/accdm/accdm_lowf_recovery_q2501_10core_v1/fits/accdm_logm12_logfm1p075.json,runs/accdm/accdm_lowf_recovery_q2501_10core_v1/fits/accdm_logm12_logfm1p075.json
12.0000000000|-1.0750000000,upper_grid,theory,low_q2501_recovery,/home/2/ks405818/Master/lyalpha_one_loop/runs/accdm/accdm_lowf_recovery_q2501_10core_v1/theory/accdm_logm12_logfm1p075.npz,runs/accdm/accdm_lowf_recovery_q2501_10core_v1/theory/accdm_logm12_logfm1p075.npz
12.1428571429|-1.0750000000,upper_grid,fit,low_q1001,/home/2/ks405818/Master/lyalpha_one_loop/runs/accdm/accdm_scan_lowf_q1001_v2/fits/accdm_logm12p1428571428571_logfm1p075.json,runs/accdm/accdm_scan_lowf_q1001_v2/fits/accdm_logm12p1428571428571_logfm1p075.json
12.1428571429|-1.0750000000,upper_grid,theory,low_q1001,/home/2/ks405818/Master/lyalpha_one_loop/runs/accdm/accdm_scan_lowf_q1001_v2/theory/accdm_logm12p1428571428571_logfm1p075.npz,runs/accdm/accdm_scan_lowf_q1001_v2/theory/accdm_logm12p1428571428571_logfm1p075.npz
12.2857142857|-1.0750000000,upper_grid,fit,low_q1001,/home/2/ks405818/Master/lyalpha_one_loop/runs/accdm/accdm_scan_lowf_q1001_v2/fits/accdm_logm12p2857142857143_logfm1p075.json,runs/accdm/accdm_scan_lowf_q1001_v2/fits/accdm_logm12p2857142857143_logfm1p075.json
12.2857142857|-1.0750000000,upper_grid,theory,low_q1001,/home/2/ks405818/Master/lyalpha_one_loop/runs/accdm/accdm_scan_lowf_q1001_v2/theory/accdm_logm12p2857142857143_logfm1p075.npz,runs/accdm/accdm_scan_lowf_q1001_v2/theory/accdm_logm12p2857142857143_logfm1p075.npz
12.4285714286|-1.0750000000,upper_grid,fit,low_q1001,/home/2/ks405818/Master/lyalpha_one_loop/runs/accdm/accdm_scan_lowf_q1001_v2/fits/accdm_logm12p4285714285714_logfm1p075.json,runs/accdm/accdm_scan_lowf_q1001_v2/fits/accdm_logm12p4285714285714_logfm1p075.json
12.4285714286|-1.0750000000,upper_grid,theory,low_q1001,/home/2/ks405818/Master/lyalpha_one_loop/runs/accdm/accdm_scan_lowf_q1001_v2/theory/accdm_logm12p4285714285714_logfm1p075.npz,runs/accdm/accdm_scan_lowf_q1001_v2/theory/accdm_logm12p4285714285714_logfm1p075.npz
12.5714285714|-1.0750000000,upper_grid,fit,low_q1001,/home/2/ks405818/Master/lyalpha_one_loop/runs/accdm/accdm_scan_lowf_q1001_v2/fits/accdm_logm12p5714285714286_logfm1p075.json,runs/accdm/accdm_scan_lowf_q1001_v2/fits/accdm_logm12p5714285714286_logfm1p075.json
12.5714285714|-1.0750000000,upper_grid,theory,low_q1001,/home/2/ks405818/Master/lyalpha_one_loop/runs/accdm/accdm_scan_lowf_q1001_v2/theory/accdm_logm12p5714285714286_logfm1p075.npz,runs/accdm/accdm_scan_lowf_q1001_v2/theory/accdm_logm12p5714285714286_logfm1p075.npz
12.7142857143|-1.0750000000,upper_grid,fit,low_q1001,/home/2/ks405818/Master/lyalpha_one_loop/runs/accdm/accdm_scan_lowf_q1001_v2/fits/accdm_logm12p7142857142857_logfm1p075.json,runs/accdm/accdm_scan_lowf_q1001_v2/fits/accdm_logm12p7142857142857_logfm1p075.json
12.7142857143|-1.0750000000,upper_grid,theory,low_q1001,/home/2/ks405818/Master/lyalpha_one_loop/runs/accdm/accdm_scan_lowf_q1001_v2/theory/accdm_logm12p7142857142857_logfm1p075.npz,runs/accdm/accdm_scan_lowf_q1001_v2/theory/accdm_logm12p7142857142857_logfm1p075.npz
12.8571428571|-1.0750000000,upper_grid,fit,low_q2501_recovery,/home/2/ks405818/Master/lyalpha_one_loop/runs/accdm/accdm_lowf_recovery_q2501_10core_v1/fits/accdm_logm12p8571428571429_logfm1p075.json,runs/accdm/accdm_lowf_recovery_q2501_10core_v1/fits/accdm_logm12p8571428571429_logfm1p075.json
12.8571428571|-1.0750000000,upper_grid,theory,low_q2501_recovery,/home/2/ks405818/Master/lyalpha_one_loop/runs/accdm/accdm_lowf_recovery_q2501_10core_v1/theory/accdm_logm12p8571428571429_logfm1p075.npz,runs/accdm/accdm_lowf_recovery_q2501_10core_v1/theory/accdm_logm12p8571428571429_logfm1p075.npz
13.0000000000|-1.0750000000,upper_grid,fit,low_q1001,/home/2/ks405818/Master/lyalpha_one_loop/runs/accdm/accdm_scan_lowf_q1001_v2/fits/accdm_logm13_logfm1p075.json,runs/accdm/accdm_scan_lowf_q1001_v2/fits/accdm_logm13_logfm1p075.json
13.0000000000|-1.0750000000,upper_grid,theory,low_q1001,/home/2/ks405818/Master/lyalpha_one_loop/runs/accdm/accdm_scan_lowf_q1001_v2/theory/accdm_logm13_logfm1p075.npz,runs/accdm/accdm_scan_lowf_q1001_v2/theory/accdm_logm13_logfm1p075.npz
13.1428571429|-1.0750000000,upper_grid,fit,low_q1001,/home/2/ks405818/Master/lyalpha_one_loop/runs/accdm/accdm_scan_lowf_q1001_v2/fits/accdm_logm13p1428571428571_logfm1p075.json,runs/accdm/accdm_scan_lowf_q1001_v2/fits/accdm_logm13p1428571428571_logfm1p075.json
13.1428571429|-1.0750000000,upper_grid,theory,low_q1001,/home/2/ks405818/Master/lyalpha_one_loop/runs/accdm/accdm_scan_lowf_q1001_v2/theory/accdm_logm13p1428571428571_logfm1p075.npz,runs/accdm/accdm_scan_lowf_q1001_v2/theory/accdm_logm13p1428571428571_logfm1p075.npz
13.2857142857|-1.0750000000,upper_grid,fit,low_q1001,/home/2/ks405818/Master/lyalpha_one_loop/runs/accdm/accdm_scan_lowf_q1001_v2/fits/accdm_logm13p2857142857143_logfm1p075.json,runs/accdm/accdm_scan_lowf_q1001_v2/fits/accdm_logm13p2857142857143_logfm1p075.json
13.2857142857|-1.0750000000,upper_grid,theory,low_q1001,/home/2/ks405818/Master/lyalpha_one_loop/runs/accdm/accdm_scan_lowf_q1001_v2/theory/accdm_logm13p2857142857143_logfm1p075.npz,runs/accdm/accdm_scan_lowf_q1001_v2/theory/accdm_logm13p2857142857143_logfm1p075.npz
13.4285714286|-1.0750000000,upper_grid,fit,low_q1001,/home/2/ks405818/Master/lyalpha_one_loop/runs/accdm/accdm_scan_lowf_q1001_v2/fits/accdm_logm13p4285714285714_logfm1p075.json,runs/accdm/accdm_scan_lowf_q1001_v2/fits/accdm_logm13p4285714285714_logfm1p075.json
13.4285714286|-1.0750000000,upper_grid,theory,low_q1001,/home/2/ks405818/Master/lyalpha_one_loop/runs/accdm/accdm_scan_lowf_q1001_v2/theory/accdm_logm13p4285714285714_logfm1p075.npz,runs/accdm/accdm_scan_lowf_q1001_v2/theory/accdm_logm13p4285714285714_logfm1p075.npz
13.5714285714|-1.0750000000,upper_grid,fit,low_q1001,/home/2/ks405818/Master/lyalpha_one_loop/runs/accdm/accdm_scan_lowf_q1001_v2/fits/accdm_logm13p5714285714286_logfm1p075.json,runs/accdm/accdm_scan_lowf_q1001_v2/fits/accdm_logm13p5714285714286_logfm1p075.json
13.5714285714|-1.0750000000,upper_grid,theory,low_q1001,/home/2/ks405818/Master/lyalpha_one_loop/runs/accdm/accdm_scan_lowf_q1001_v2/theory/accdm_logm13p5714285714286_logfm1p075.npz,runs/accdm/accdm_scan_lowf_q1001_v2/theory/accdm_logm13p5714285714286_logfm1p075.npz
13.7142857143|-1.0750000000,upper_grid,fit,low_q1001,/home/2/ks405818/Master/lyalpha_one_loop/runs/accdm/accdm_scan_lowf_q1001_v2/fits/accdm_logm13p7142857142857_logfm1p075.json,runs/accdm/accdm_scan_lowf_q1001_v2/fits/accdm_logm13p7142857142857_logfm1p075.json
13.7142857143|-1.0750000000,upper_grid,theory,low_q1001,/home/2/ks405818/Master/lyalpha_one_loop/runs/accdm/accdm_scan_lowf_q1001_v2/theory/accdm_logm13p7142857142857_logfm1p075.npz,runs/accdm/accdm_scan_lowf_q1001_v2/theory/accdm_logm13p7142857142857_logfm1p075.npz
13.8571428571|-1.0750000000,upper_grid,fit,low_q1001,/home/2/ks405818/Master/lyalpha_one_loop/runs/accdm/accdm_scan_lowf_q1001_v2/fits/accdm_logm13p8571428571429_logfm1p075.json,runs/accdm/accdm_scan_lowf_q1001_v2/fits/accdm_logm13p8571428571429_logfm1p075.json
13.8571428571|-1.0750000000,upper_grid,theory,low_q1001,/home/2/ks405818/Master/lyalpha_one_loop/runs/accdm/accdm_scan_lowf_q1001_v2/theory/accdm_logm13p8571428571429_logfm1p075.npz,runs/accdm/accdm_scan_lowf_q1001_v2/theory/accdm_logm13p8571428571429_logfm1p075.npz
14.0000000000|-1.0750000000,upper_grid,fit,low_q1001,/home/2/ks405818/Master/lyalpha_one_loop/runs/accdm/accdm_scan_lowf_q1001_v2/fits/accdm_logm14_logfm1p075.json,runs/accdm/accdm_scan_lowf_q1001_v2/fits/accdm_logm14_logfm1p075.json
14.0000000000|-1.0750000000,upper_grid,theory,low_q1001,/home/2/ks405818/Master/lyalpha_one_loop/runs/accdm/accdm_scan_lowf_q1001_v2/theory/accdm_logm14_logfm1p075.npz,runs/accdm/accdm_scan_lowf_q1001_v2/theory/accdm_logm14_logfm1p075.npz
14.1428571429|-1.0750000000,upper_grid,fit,low_q1001,/home/2/ks405818/Master/lyalpha_one_loop/runs/accdm/accdm_scan_lowf_q1001_v2/fits/accdm_logm14p1428571428571_logfm1p075.json,runs/accdm/accdm_scan_lowf_q1001_v2/fits/accdm_logm14p1428571428571_logfm1p075.json
14.1428571429|-1.0750000000,upper_grid,theory,low_q1001,/home/2/ks405818/Master/lyalpha_one_loop/runs/accdm/accdm_scan_lowf_q1001_v2/theory/accdm_logm14p1428571428571_logfm1p075.npz,runs/accdm/accdm_scan_lowf_q1001_v2/theory/accdm_logm14p1428571428571_logfm1p075.npz
14.2857142857|-1.0750000000,upper_grid,fit,low_q1001,/home/2/ks405818/Master/lyalpha_one_loop/runs/accdm/accdm_scan_lowf_q1001_v2/fits/accdm_logm14p2857142857143_logfm1p075.json,runs/accdm/accdm_scan_lowf_q1001_v2/fits/accdm_logm14p2857142857143_logfm1p075.json
14.2857142857|-1.0750000000,upper_grid,theory,low_q1001,/home/2/ks405818/Master/lyalpha_one_loop/runs/accdm/accdm_scan_lowf_q1001_v2/theory/accdm_logm14p2857142857143_logfm1p075.npz,runs/accdm/accdm_scan_lowf_q1001_v2/theory/accdm_logm14p2857142857143_logfm1p075.npz
14.4285714286|-1.0750000000,upper_grid,fit,low_q1001,/home/2/ks405818/Master/lyalpha_one_loop/runs/accdm/accdm_scan_lowf_q1001_v2/fits/accdm_logm14p4285714285714_logfm1p075.json,runs/accdm/accdm_scan_lowf_q1001_v2/fits/accdm_logm14p4285714285714_logfm1p075.json
14.4285714286|-1.0750000000,upper_grid,theory,low_q1001,/home/2/ks405818/Master/lyalpha_one_loop/runs/accdm/accdm_scan_lowf_q1001_v2/theory/accdm_logm14p4285714285714_logfm1p075.npz,runs/accdm/accdm_scan_lowf_q1001_v2/theory/accdm_logm14p4285714285714_logfm1p075.npz
14.5714285714|-1.0750000000,upper_grid,fit,low_q1001,/home/2/ks405818/Master/lyalpha_one_loop/runs/accdm/accdm_scan_lowf_q1001_v2/fits/accdm_logm14p5714285714286_logfm1p075.json,runs/accdm/accdm_scan_lowf_q1001_v2/fits/accdm_logm14p5714285714286_logfm1p075.json
14.5714285714|-1.0750000000,upper_grid,theory,low_q1001,/home/2/ks405818/Master/lyalpha_one_loop/runs/accdm/accdm_scan_lowf_q1001_v2/theory/accdm_logm14p5714285714286_logfm1p075.npz,runs/accdm/accdm_scan_lowf_q1001_v2/theory/accdm_logm14p5714285714286_logfm1p075.npz
14.7142857143|-1.0750000000,upper_grid,fit,low_q1001,/home/2/ks405818/Master/lyalpha_one_loop/runs/accdm/accdm_scan_lowf_q1001_v2/fits/accdm_logm14p7142857142857_logfm1p075.json,runs/accdm/accdm_scan_lowf_q1001_v2/fits/accdm_logm14p7142857142857_logfm1p075.json
14.7142857143|-1.0750000000,upper_grid,theory,low_q1001,/home/2/ks405818/Master/lyalpha_one_loop/runs/accdm/accdm_scan_lowf_q1001_v2/theory/accdm_logm14p7142857142857_logfm1p075.npz,runs/accdm/accdm_scan_lowf_q1001_v2/theory/accdm_logm14p7142857142857_logfm1p075.npz
14.8571428571|-1.0750000000,upper_grid,fit,low_q1001,/home/2/ks405818/Master/lyalpha_one_loop/runs/accdm/accdm_scan_lowf_q1001_v2/fits/accdm_logm14p8571428571429_logfm1p075.json,runs/accdm/accdm_scan_lowf_q1001_v2/fits/accdm_logm14p8571428571429_logfm1p075.json
14.8571428571|-1.0750000000,upper_grid,theory,low_q1001,/home/2/ks405818/Master/lyalpha_one_loop/runs/accdm/accdm_scan_lowf_q1001_v2/theory/accdm_logm14p8571428571429_logfm1p075.npz,runs/accdm/accdm_scan_lowf_q1001_v2/theory/accdm_logm14p8571428571429_logfm1p075.npz
15.0000000000|-1.0750000000,upper_grid,fit,low_q1001,/home/2/ks405818/Master/lyalpha_one_loop/runs/accdm/accdm_scan_lowf_q1001_v2/fits/accdm_logm15_logfm1p075.json,runs/accdm/accdm_scan_lowf_q1001_v2/fits/accdm_logm15_logfm1p075.json
15.0000000000|-1.0750000000,upper_grid,theory,low_q1001,/home/2/ks405818/Master/lyalpha_one_loop/runs/accdm/accdm_scan_lowf_q1001_v2/theory/accdm_logm15_logfm1p075.npz,runs/accdm/accdm_scan_lowf_q1001_v2/theory/accdm_logm15_logfm1p075.npz
15.1428571429|-1.0750000000,upper_grid,fit,low_q1001,/home/2/ks405818/Master/lyalpha_one_loop/runs/accdm/accdm_scan_lowf_q1001_v2/fits/accdm_logm15p1428571428571_logfm1p075.json,runs/accdm/accdm_scan_lowf_q1001_v2/fits/accdm_logm15p1428571428571_logfm1p075.json
15.1428571429|-1.0750000000,upper_grid,theory,low_q1001,/home/2/ks405818/Master/lyalpha_one_loop/runs/accdm/accdm_scan_lowf_q1001_v2/theory/accdm_logm15p1428571428571_logfm1p075.npz,runs/accdm/accdm_scan_lowf_q1001_v2/theory/accdm_logm15p1428571428571_logfm1p075.npz
15.2857142857|-1.0750000000,upper_grid,fit,low_q1001,/home/2/ks405818/Master/lyalpha_one_loop/runs/accdm/accdm_scan_lowf_q1001_v2/fits/accdm_logm15p2857142857143_logfm1p075.json,runs/accdm/accdm_scan_lowf_q1001_v2/fits/accdm_logm15p2857142857143_logfm1p075.json
15.2857142857|-1.0750000000,upper_grid,theory,low_q1001,/home/2/ks405818/Master/lyalpha_one_loop/runs/accdm/accdm_scan_lowf_q1001_v2/theory/accdm_logm15p2857142857143_logfm1p075.npz,runs/accdm/accdm_scan_lowf_q1001_v2/theory/accdm_logm15p2857142857143_logfm1p075.npz
15.4285714286|-1.0750000000,upper_grid,fit,low_q1001,/home/2/ks405818/Master/lyalpha_one_loop/runs/accdm/accdm_scan_lowf_q1001_v2/fits/accdm_logm15p4285714285714_logfm1p075.json,runs/accdm/accdm_scan_lowf_q1001_v2/fits/accdm_logm15p4285714285714_logfm1p075.json
15.4285714286|-1.0750000000,upper_grid,theory,low_q1001,/home/2/ks405818/Master/lyalpha_one_loop/runs/accdm/accdm_scan_lowf_q1001_v2/theory/accdm_logm15p4285714285714_logfm1p075.npz,runs/accdm/accdm_scan_lowf_q1001_v2/theory/accdm_logm15p4285714285714_logfm1p075.npz
15.5714285714|-1.0750000000,upper_grid,fit,low_q1001,/home/2/ks405818/Master/lyalpha_one_loop/runs/accdm/accdm_scan_lowf_q1001_v2/fits/accdm_logm15p5714285714286_logfm1p075.json,runs/accdm/accdm_scan_lowf_q1001_v2/fits/accdm_logm15p5714285714286_logfm1p075.json
15.5714285714|-1.0750000000,upper_grid,theory,low_q1001,/home/2/ks405818/Master/lyalpha_one_loop/runs/accdm/accdm_scan_lowf_q1001_v2/theory/accdm_logm15p5714285714286_logfm1p075.npz,runs/accdm/accdm_scan_lowf_q1001_v2/theory/accdm_logm15p5714285714286_logfm1p075.npz
15.7142857143|-1.0750000000,upper_grid,fit,low_q1001,/home/2/ks405818/Master/lyalpha_one_loop/runs/accdm/accdm_scan_lowf_q1001_v2/fits/accdm_logm15p7142857142857_logfm1p075.json,runs/accdm/accdm_scan_lowf_q1001_v2/fits/accdm_logm15p7142857142857_logfm1p075.json
15.7142857143|-1.0750000000,upper_grid,theory,low_q1001,/home/2/ks405818/Master/lyalpha_one_loop/runs/accdm/accdm_scan_lowf_q1001_v2/theory/accdm_logm15p7142857142857_logfm1p075.npz,runs/accdm/accdm_scan_lowf_q1001_v2/theory/accdm_logm15p7142857142857_logfm1p075.npz
15.8571428571|-1.0750000000,upper_grid,fit,low_q1001,/home/2/ks405818/Master/lyalpha_one_loop/runs/accdm/accdm_scan_lowf_q1001_v2/fits/accdm_logm15p8571428571429_logfm1p075.json,runs/accdm/accdm_scan_lowf_q1001_v2/fits/accdm_logm15p8571428571429_logfm1p075.json
15.8571428571|-1.0750000000,upper_grid,theory,low_q1001,/home/2/ks405818/Master/lyalpha_one_loop/runs/accdm/accdm_scan_lowf_q1001_v2/theory/accdm_logm15p8571428571429_logfm1p075.npz,runs/accdm/accdm_scan_lowf_q1001_v2/theory/accdm_logm15p8571428571429_logfm1p075.npz
16.0000000000|-1.0750000000,upper_grid,fit,low_q1001,/home/2/ks405818/Master/lyalpha_one_loop/runs/accdm/accdm_scan_lowf_q1001_v2/fits/accdm_logm16_logfm1p075.json,runs/accdm/accdm_scan_lowf_q1001_v2/fits/accdm_logm16_logfm1p075.json
16.0000000000|-1.0750000000,upper_grid,theory,low_q1001,/home/2/ks405818/Master/lyalpha_one_loop/runs/accdm/accdm_scan_lowf_q1001_v2/theory/accdm_logm16_logfm1p075.npz,runs/accdm/accdm_scan_lowf_q1001_v2/theory/accdm_logm16_logfm1p075.npz
16.1428571429|-1.0750000000,upper_grid,fit,low_q1001,/home/2/ks405818/Master/lyalpha_one_loop/runs/accdm/accdm_scan_lowf_q1001_v2/fits/accdm_logm16p1428571428571_logfm1p075.json,runs/accdm/accdm_scan_lowf_q1001_v2/fits/accdm_logm16p1428571428571_logfm1p075.json
16.1428571429|-1.0750000000,upper_grid,theory,low_q1001,/home/2/ks405818/Master/lyalpha_one_loop/runs/accdm/accdm_scan_lowf_q1001_v2/theory/accdm_logm16p1428571428571_logfm1p075.npz,runs/accdm/accdm_scan_lowf_q1001_v2/theory/accdm_logm16p1428571428571_logfm1p075.npz
16.2857142857|-1.0750000000,upper_grid,fit,low_q1001,/home/2/ks405818/Master/lyalpha_one_loop/runs/accdm/accdm_scan_lowf_q1001_v2/fits/accdm_logm16p2857142857143_logfm1p075.json,runs/accdm/accdm_scan_lowf_q1001_v2/fits/accdm_logm16p2857142857143_logfm1p075.json
16.2857142857|-1.0750000000,upper_grid,theory,low_q1001,/home/2/ks405818/Master/lyalpha_one_loop/runs/accdm/accdm_scan_lowf_q1001_v2/theory/accdm_logm16p2857142857143_logfm1p075.npz,runs/accdm/accdm_scan_lowf_q1001_v2/theory/accdm_logm16p2857142857143_logfm1p075.npz
16.4285714286|-1.0750000000,upper_grid,fit,low_q1001,/home/2/ks405818/Master/lyalpha_one_loop/runs/accdm/accdm_scan_lowf_q1001_v2/fits/accdm_logm16p4285714285714_logfm1p075.json,runs/accdm/accdm_scan_lowf_q1001_v2/fits/accdm_logm16p4285714285714_logfm1p075.json
16.4285714286|-1.0750000000,upper_grid,theory,low_q1001,/home/2/ks405818/Master/lyalpha_one_loop/runs/accdm/accdm_scan_lowf_q1001_v2/theory/accdm_logm16p4285714285714_logfm1p075.npz,runs/accdm/accdm_scan_lowf_q1001_v2/theory/accdm_logm16p4285714285714_logfm1p075.npz
16.5714285714|-1.0750000000,upper_grid,fit,low_q1001,/home/2/ks405818/Master/lyalpha_one_loop/runs/accdm/accdm_scan_lowf_q1001_v2/fits/accdm_logm16p5714285714286_logfm1p075.json,runs/accdm/accdm_scan_lowf_q1001_v2/fits/accdm_logm16p5714285714286_logfm1p075.json
16.5714285714|-1.0750000000,upper_grid,theory,low_q1001,/home/2/ks405818/Master/lyalpha_one_loop/runs/accdm/accdm_scan_lowf_q1001_v2/theory/accdm_logm16p5714285714286_logfm1p075.npz,runs/accdm/accdm_scan_lowf_q1001_v2/theory/accdm_logm16p5714285714286_logfm1p075.npz
16.7142857143|-1.0750000000,upper_grid,fit,low_q1001,/home/2/ks405818/Master/lyalpha_one_loop/runs/accdm/accdm_scan_lowf_q1001_v2/fits/accdm_logm16p7142857142857_logfm1p075.json,runs/accdm/accdm_scan_lowf_q1001_v2/fits/accdm_logm16p7142857142857_logfm1p075.json
16.7142857143|-1.0750000000,upper_grid,theory,low_q1001,/home/2/ks405818/Master/lyalpha_one_loop/runs/accdm/accdm_scan_lowf_q1001_v2/theory/accdm_logm16p7142857142857_logfm1p075.npz,runs/accdm/accdm_scan_lowf_q1001_v2/theory/accdm_logm16p7142857142857_logfm1p075.npz
16.8571428571|-1.0750000000,upper_grid,fit,low_q1001,/home/2/ks405818/Master/lyalpha_one_loop/runs/accdm/accdm_scan_lowf_q1001_v2/fits/accdm_logm16p8571428571429_logfm1p075.json,runs/accdm/accdm_scan_lowf_q1001_v2/fits/accdm_logm16p8571428571429_logfm1p075.json
16.8571428571|-1.0750000000,upper_grid,theory,low_q1001,/home/2/ks405818/Master/lyalpha_one_loop/runs/accdm/accdm_scan_lowf_q1001_v2/theory/accdm_logm16p8571428571429_logfm1p075.npz,runs/accdm/accdm_scan_lowf_q1001_v2/theory/accdm_logm16p8571428571429_logfm1p075.npz
17.0000000000|-1.0750000000,upper_grid,fit,low_q1001,/home/2/ks405818/Master/lyalpha_one_loop/runs/accdm/accdm_scan_lowf_q1001_v2/fits/accdm_logm17_logfm1p075.json,runs/accdm/accdm_scan_lowf_q1001_v2/fits/accdm_logm17_logfm1p075.json
17.0000000000|-1.0750000000,upper_grid,theory,low_q1001,/home/2/ks405818/Master/lyalpha_one_loop/runs/accdm/accdm_scan_lowf_q1001_v2/theory/accdm_logm17_logfm1p075.npz,runs/accdm/accdm_scan_lowf_q1001_v2/theory/accdm_logm17_logfm1p075.npz
17.1428571429|-1.0750000000,upper_grid,fit,low_q1001,/home/2/ks405818/Master/lyalpha_one_loop/runs/accdm/accdm_scan_lowf_q1001_v2/fits/accdm_logm17p1428571428571_logfm1p075.json,runs/accdm/accdm_scan_lowf_q1001_v2/fits/accdm_logm17p1428571428571_logfm1p075.json
17.1428571429|-1.0750000000,upper_grid,theory,low_q1001,/home/2/ks405818/Master/lyalpha_one_loop/runs/accdm/accdm_scan_lowf_q1001_v2/theory/accdm_logm17p1428571428571_logfm1p075.npz,runs/accdm/accdm_scan_lowf_q1001_v2/theory/accdm_logm17p1428571428571_logfm1p075.npz
17.2857142857|-1.0750000000,upper_grid,fit,low_q1001,/home/2/ks405818/Master/lyalpha_one_loop/runs/accdm/accdm_scan_lowf_q1001_v2/fits/accdm_logm17p2857142857143_logfm1p075.json,runs/accdm/accdm_scan_lowf_q1001_v2/fits/accdm_logm17p2857142857143_logfm1p075.json
17.2857142857|-1.0750000000,upper_grid,theory,low_q1001,/home/2/ks405818/Master/lyalpha_one_loop/runs/accdm/accdm_scan_lowf_q1001_v2/theory/accdm_logm17p2857142857143_logfm1p075.npz,runs/accdm/accdm_scan_lowf_q1001_v2/theory/accdm_logm17p2857142857143_logfm1p075.npz
17.4285714286|-1.0750000000,upper_grid,fit,low_q1001,/home/2/ks405818/Master/lyalpha_one_loop/runs/accdm/accdm_scan_lowf_q1001_v2/fits/accdm_logm17p4285714285714_logfm1p075.json,runs/accdm/accdm_scan_lowf_q1001_v2/fits/accdm_logm17p4285714285714_logfm1p075.json
17.4285714286|-1.0750000000,upper_grid,theory,low_q1001,/home/2/ks405818/Master/lyalpha_one_loop/runs/accdm/accdm_scan_lowf_q1001_v2/theory/accdm_logm17p4285714285714_logfm1p075.npz,runs/accdm/accdm_scan_lowf_q1001_v2/theory/accdm_logm17p4285714285714_logfm1p075.npz
17.5714285714|-1.0750000000,upper_grid,fit,low_q1001,/home/2/ks405818/Master/lyalpha_one_loop/runs/accdm/accdm_scan_lowf_q1001_v2/fits/accdm_logm17p5714285714286_logfm1p075.json,runs/accdm/accdm_scan_lowf_q1001_v2/fits/accdm_logm17p5714285714286_logfm1p075.json
17.5714285714|-1.0750000000,upper_grid,theory,low_q1001,/home/2/ks405818/Master/lyalpha_one_loop/runs/accdm/accdm_scan_lowf_q1001_v2/theory/accdm_logm17p5714285714286_logfm1p075.npz,runs/accdm/accdm_scan_lowf_q1001_v2/theory/accdm_logm17p5714285714286_logfm1p075.npz
17.7142857143|-1.0750000000,upper_grid,fit,low_q1001,/home/2/ks405818/Master/lyalpha_one_loop/runs/accdm/accdm_scan_lowf_q1001_v2/fits/accdm_logm17p7142857142857_logfm1p075.json,runs/accdm/accdm_scan_lowf_q1001_v2/fits/accdm_logm17p7142857142857_logfm1p075.json
17.7142857143|-1.0750000000,upper_grid,theory,low_q1001,/home/2/ks405818/Master/lyalpha_one_loop/runs/accdm/accdm_scan_lowf_q1001_v2/theory/accdm_logm17p7142857142857_logfm1p075.npz,runs/accdm/accdm_scan_lowf_q1001_v2/theory/accdm_logm17p7142857142857_logfm1p075.npz
17.8571428571|-1.0750000000,upper_grid,fit,low_q1001,/home/2/ks405818/Master/lyalpha_one_loop/runs/accdm/accdm_scan_lowf_q1001_v2/fits/accdm_logm17p8571428571429_logfm1p075.json,runs/accdm/accdm_scan_lowf_q1001_v2/fits/accdm_logm17p8571428571429_logfm1p075.json
17.8571428571|-1.0750000000,upper_grid,theory,low_q1001,/home/2/ks405818/Master/lyalpha_one_loop/runs/accdm/accdm_scan_lowf_q1001_v2/theory/accdm_logm17p8571428571429_logfm1p075.npz,runs/accdm/accdm_scan_lowf_q1001_v2/theory/accdm_logm17p8571428571429_logfm1p075.npz
18.0000000000|-1.0750000000,upper_grid,fit,low_q1001,/home/2/ks405818/Master/lyalpha_one_loop/runs/accdm/accdm_scan_lowf_q1001_v2/fits/accdm_logm18_logfm1p075.json,runs/accdm/accdm_scan_lowf_q1001_v2/fits/accdm_logm18_logfm1p075.json
18.0000000000|-1.0750000000,upper_grid,theory,low_q1001,/home/2/ks405818/Master/lyalpha_one_loop/runs/accdm/accdm_scan_lowf_q1001_v2/theory/accdm_logm18_logfm1p075.npz,runs/accdm/accdm_scan_lowf_q1001_v2/theory/accdm_logm18_logfm1p075.npz
18.1428571429|-1.0750000000,upper_grid,fit,loweps_low_q1001,/home/2/ks405818/Master/lyalpha_one_loop/runs/accdm/accdm_scan_loweps_lowf_q1001_v1/fits/accdm_logm18p1428571428571_logfm1p075.json,runs/accdm/accdm_scan_loweps_lowf_q1001_v1/fits/accdm_logm18p1428571428571_logfm1p075.json
18.1428571429|-1.0750000000,upper_grid,theory,loweps_low_q1001,/home/2/ks405818/Master/lyalpha_one_loop/runs/accdm/accdm_scan_loweps_lowf_q1001_v1/theory/accdm_logm18p1428571428571_logfm1p075.npz,runs/accdm/accdm_scan_loweps_lowf_q1001_v1/theory/accdm_logm18p1428571428571_logfm1p075.npz
18.2857142857|-1.0750000000,upper_grid,fit,loweps_low_q1001,/home/2/ks405818/Master/lyalpha_one_loop/runs/accdm/accdm_scan_loweps_lowf_q1001_v1/fits/accdm_logm18p2857142857143_logfm1p075.json,runs/accdm/accdm_scan_loweps_lowf_q1001_v1/fits/accdm_logm18p2857142857143_logfm1p075.json
18.2857142857|-1.0750000000,upper_grid,theory,loweps_low_q1001,/home/2/ks405818/Master/lyalpha_one_loop/runs/accdm/accdm_scan_loweps_lowf_q1001_v1/theory/accdm_logm18p2857142857143_logfm1p075.npz,runs/accdm/accdm_scan_loweps_lowf_q1001_v1/theory/accdm_logm18p2857142857143_logfm1p075.npz
18.4285714286|-1.0750000000,upper_grid,fit,loweps_low_q1001,/home/2/ks405818/Master/lyalpha_one_loop/runs/accdm/accdm_scan_loweps_lowf_q1001_v1/fits/accdm_logm18p4285714285714_logfm1p075.json,runs/accdm/accdm_scan_loweps_lowf_q1001_v1/fits/accdm_logm18p4285714285714_logfm1p075.json
18.4285714286|-1.0750000000,upper_grid,theory,loweps_low_q1001,/home/2/ks405818/Master/lyalpha_one_loop/runs/accdm/accdm_scan_loweps_lowf_q1001_v1/theory/accdm_logm18p4285714285714_logfm1p075.npz,runs/accdm/accdm_scan_loweps_lowf_q1001_v1/theory/accdm_logm18p4285714285714_logfm1p075.npz
18.5714285714|-1.0750000000,upper_grid,fit,loweps_low_q1001,/home/2/ks405818/Master/lyalpha_one_loop/runs/accdm/accdm_scan_loweps_lowf_q1001_v1/fits/accdm_logm18p5714285714286_logfm1p075.json,runs/accdm/accdm_scan_loweps_lowf_q1001_v1/fits/accdm_logm18p5714285714286_logfm1p075.json
18.5714285714|-1.0750000000,upper_grid,theory,loweps_low_q1001,/home/2/ks405818/Master/lyalpha_one_loop/runs/accdm/accdm_scan_loweps_lowf_q1001_v1/theory/accdm_logm18p5714285714286_logfm1p075.npz,runs/accdm/accdm_scan_loweps_lowf_q1001_v1/theory/accdm_logm18p5714285714286_logfm1p075.npz
18.7142857143|-1.0750000000,upper_grid,fit,loweps_low_q1001,/home/2/ks405818/Master/lyalpha_one_loop/runs/accdm/accdm_scan_loweps_lowf_q1001_v1/fits/accdm_logm18p7142857142857_logfm1p075.json,runs/accdm/accdm_scan_loweps_lowf_q1001_v1/fits/accdm_logm18p7142857142857_logfm1p075.json
18.7142857143|-1.0750000000,upper_grid,theory,loweps_low_q1001,/home/2/ks405818/Master/lyalpha_one_loop/runs/accdm/accdm_scan_loweps_lowf_q1001_v1/theory/accdm_logm18p7142857142857_logfm1p075.npz,runs/accdm/accdm_scan_loweps_lowf_q1001_v1/theory/accdm_logm18p7142857142857_logfm1p075.npz
18.8571428571|-1.0750000000,upper_grid,fit,loweps_low_q1001,/home/2/ks405818/Master/lyalpha_one_loop/runs/accdm/accdm_scan_loweps_lowf_q1001_v1/fits/accdm_logm18p8571428571429_logfm1p075.json,runs/accdm/accdm_scan_loweps_lowf_q1001_v1/fits/accdm_logm18p8571428571429_logfm1p075.json
18.8571428571|-1.0750000000,upper_grid,theory,loweps_low_q1001,/home/2/ks405818/Master/lyalpha_one_loop/runs/accdm/accdm_scan_loweps_lowf_q1001_v1/theory/accdm_logm18p8571428571429_logfm1p075.npz,runs/accdm/accdm_scan_loweps_lowf_q1001_v1/theory/accdm_logm18p8571428571429_logfm1p075.npz
19.0000000000|-1.0750000000,upper_grid,fit,loweps_low_q1001,/home/2/ks405818/Master/lyalpha_one_loop/runs/accdm/accdm_scan_loweps_lowf_q1001_v1/fits/accdm_logm19_logfm1p075.json,runs/accdm/accdm_scan_loweps_lowf_q1001_v1/fits/accdm_logm19_logfm1p075.json
19.0000000000|-1.0750000000,upper_grid,theory,loweps_low_q1001,/home/2/ks405818/Master/lyalpha_one_loop/runs/accdm/accdm_scan_loweps_lowf_q1001_v1/theory/accdm_logm19_logfm1p075.npz,runs/accdm/accdm_scan_loweps_lowf_q1001_v1/theory/accdm_logm19_logfm1p075.npz
19.1428571429|-1.0750000000,upper_grid,fit,loweps_low_q1001,/home/2/ks405818/Master/lyalpha_one_loop/runs/accdm/accdm_scan_loweps_lowf_q1001_v1/fits/accdm_logm19p1428571428571_logfm1p075.json,runs/accdm/accdm_scan_loweps_lowf_q1001_v1/fits/accdm_logm19p1428571428571_logfm1p075.json
19.1428571429|-1.0750000000,upper_grid,theory,loweps_low_q1001,/home/2/ks405818/Master/lyalpha_one_loop/runs/accdm/accdm_scan_loweps_lowf_q1001_v1/theory/accdm_logm19p1428571428571_logfm1p075.npz,runs/accdm/accdm_scan_loweps_lowf_q1001_v1/theory/accdm_logm19p1428571428571_logfm1p075.npz
19.2857142857|-1.0750000000,upper_grid,fit,loweps_low_q1001,/home/2/ks405818/Master/lyalpha_one_loop/runs/accdm/accdm_scan_loweps_lowf_q1001_v1/fits/accdm_logm19p2857142857143_logfm1p075.json,runs/accdm/accdm_scan_loweps_lowf_q1001_v1/fits/accdm_logm19p2857142857143_logfm1p075.json
19.2857142857|-1.0750000000,upper_grid,theory,loweps_low_q1001,/home/2/ks405818/Master/lyalpha_one_loop/runs/accdm/accdm_scan_loweps_lowf_q1001_v1/theory/accdm_logm19p2857142857143_logfm1p075.npz,runs/accdm/accdm_scan_loweps_lowf_q1001_v1/theory/accdm_logm19p2857142857143_logfm1p075.npz
19.4285714286|-1.0750000000,upper_grid,fit,loweps_low_q1001,/home/2/ks405818/Master/lyalpha_one_loop/runs/accdm/accdm_scan_loweps_lowf_q1001_v1/fits/accdm_logm19p4285714285714_logfm1p075.json,runs/accdm/accdm_scan_loweps_lowf_q1001_v1/fits/accdm_logm19p4285714285714_logfm1p075.json
19.4285714286|-1.0750000000,upper_grid,theory,loweps_low_q1001,/home/2/ks405818/Master/lyalpha_one_loop/runs/accdm/accdm_scan_loweps_lowf_q1001_v1/theory/accdm_logm19p4285714285714_logfm1p075.npz,runs/accdm/accdm_scan_loweps_lowf_q1001_v1/theory/accdm_logm19p4285714285714_logfm1p075.npz
11.0000000000|-1.0000000000,upper_grid,fit,low_q1001,/home/2/ks405818/Master/lyalpha_one_loop/runs/accdm/accdm_scan_lowf_q1001_v2/fits/accdm_logm11_logfm1.json,runs/accdm/accdm_scan_lowf_q1001_v2/fits/accdm_logm11_logfm1.json
11.0000000000|-1.0000000000,upper_grid,theory,low_q1001,/home/2/ks405818/Master/lyalpha_one_loop/runs/accdm/accdm_scan_lowf_q1001_v2/theory/accdm_logm11_logfm1.npz,runs/accdm/accdm_scan_lowf_q1001_v2/theory/accdm_logm11_logfm1.npz
11.1428571429|-1.0000000000,upper_grid,fit,low_q1001,/home/2/ks405818/Master/lyalpha_one_loop/runs/accdm/accdm_scan_lowf_q1001_v2/fits/accdm_logm11p1428571428571_logfm1.json,runs/accdm/accdm_scan_lowf_q1001_v2/fits/accdm_logm11p1428571428571_logfm1.json
11.1428571429|-1.0000000000,upper_grid,theory,low_q1001,/home/2/ks405818/Master/lyalpha_one_loop/runs/accdm/accdm_scan_lowf_q1001_v2/theory/accdm_logm11p1428571428571_logfm1.npz,runs/accdm/accdm_scan_lowf_q1001_v2/theory/accdm_logm11p1428571428571_logfm1.npz
11.2857142857|-1.0000000000,upper_grid,fit,low_q1001,/home/2/ks405818/Master/lyalpha_one_loop/runs/accdm/accdm_scan_lowf_q1001_v2/fits/accdm_logm11p2857142857143_logfm1.json,runs/accdm/accdm_scan_lowf_q1001_v2/fits/accdm_logm11p2857142857143_logfm1.json
11.2857142857|-1.0000000000,upper_grid,theory,low_q1001,/home/2/ks405818/Master/lyalpha_one_loop/runs/accdm/accdm_scan_lowf_q1001_v2/theory/accdm_logm11p2857142857143_logfm1.npz,runs/accdm/accdm_scan_lowf_q1001_v2/theory/accdm_logm11p2857142857143_logfm1.npz
11.4285714286|-1.0000000000,upper_grid,fit,low_q1001,/home/2/ks405818/Master/lyalpha_one_loop/runs/accdm/accdm_scan_lowf_q1001_v2/fits/accdm_logm11p4285714285714_logfm1.json,runs/accdm/accdm_scan_lowf_q1001_v2/fits/accdm_logm11p4285714285714_logfm1.json
11.4285714286|-1.0000000000,upper_grid,theory,low_q1001,/home/2/ks405818/Master/lyalpha_one_loop/runs/accdm/accdm_scan_lowf_q1001_v2/theory/accdm_logm11p4285714285714_logfm1.npz,runs/accdm/accdm_scan_lowf_q1001_v2/theory/accdm_logm11p4285714285714_logfm1.npz
11.5714285714|-1.0000000000,upper_grid,fit,low_q1001,/home/2/ks405818/Master/lyalpha_one_loop/runs/accdm/accdm_scan_lowf_q1001_v2/fits/accdm_logm11p5714285714286_logfm1.json,runs/accdm/accdm_scan_lowf_q1001_v2/fits/accdm_logm11p5714285714286_logfm1.json
11.5714285714|-1.0000000000,upper_grid,theory,low_q1001,/home/2/ks405818/Master/lyalpha_one_loop/runs/accdm/accdm_scan_lowf_q1001_v2/theory/accdm_logm11p5714285714286_logfm1.npz,runs/accdm/accdm_scan_lowf_q1001_v2/theory/accdm_logm11p5714285714286_logfm1.npz
11.7142857143|-1.0000000000,upper_grid,fit,low_q1001,/home/2/ks405818/Master/lyalpha_one_loop/runs/accdm/accdm_scan_lowf_q1001_v2/fits/accdm_logm11p7142857142857_logfm1.json,runs/accdm/accdm_scan_lowf_q1001_v2/fits/accdm_logm11p7142857142857_logfm1.json
11.7142857143|-1.0000000000,upper_grid,theory,low_q1001,/home/2/ks405818/Master/lyalpha_one_loop/runs/accdm/accdm_scan_lowf_q1001_v2/theory/accdm_logm11p7142857142857_logfm1.npz,runs/accdm/accdm_scan_lowf_q1001_v2/theory/accdm_logm11p7142857142857_logfm1.npz
11.8571428571|-1.0000000000,upper_grid,fit,low_q1001,/home/2/ks405818/Master/lyalpha_one_loop/runs/accdm/accdm_scan_lowf_q1001_v2/fits/accdm_logm11p8571428571429_logfm1.json,runs/accdm/accdm_scan_lowf_q1001_v2/fits/accdm_logm11p8571428571429_logfm1.json
11.8571428571|-1.0000000000,upper_grid,theory,low_q1001,/home/2/ks405818/Master/lyalpha_one_loop/runs/accdm/accdm_scan_lowf_q1001_v2/theory/accdm_logm11p8571428571429_logfm1.npz,runs/accdm/accdm_scan_lowf_q1001_v2/theory/accdm_logm11p8571428571429_logfm1.npz
12.0000000000|-1.0000000000,upper_grid,fit,low_q2501_recovery,/home/2/ks405818/Master/lyalpha_one_loop/runs/accdm/accdm_lowf_recovery_q2501_10core_v1/fits/accdm_logm12_logfm1.json,runs/accdm/accdm_lowf_recovery_q2501_10core_v1/fits/accdm_logm12_logfm1.json
12.0000000000|-1.0000000000,upper_grid,theory,low_q2501_recovery,/home/2/ks405818/Master/lyalpha_one_loop/runs/accdm/accdm_lowf_recovery_q2501_10core_v1/theory/accdm_logm12_logfm1.npz,runs/accdm/accdm_lowf_recovery_q2501_10core_v1/theory/accdm_logm12_logfm1.npz
12.1428571429|-1.0000000000,upper_grid,fit,low_q1001,/home/2/ks405818/Master/lyalpha_one_loop/runs/accdm/accdm_scan_lowf_q1001_v2/fits/accdm_logm12p1428571428571_logfm1.json,runs/accdm/accdm_scan_lowf_q1001_v2/fits/accdm_logm12p1428571428571_logfm1.json
12.1428571429|-1.0000000000,upper_grid,theory,low_q1001,/home/2/ks405818/Master/lyalpha_one_loop/runs/accdm/accdm_scan_lowf_q1001_v2/theory/accdm_logm12p1428571428571_logfm1.npz,runs/accdm/accdm_scan_lowf_q1001_v2/theory/accdm_logm12p1428571428571_logfm1.npz
12.2857142857|-1.0000000000,upper_grid,fit,low_q1001,/home/2/ks405818/Master/lyalpha_one_loop/runs/accdm/accdm_scan_lowf_q1001_v2/fits/accdm_logm12p2857142857143_logfm1.json,runs/accdm/accdm_scan_lowf_q1001_v2/fits/accdm_logm12p2857142857143_logfm1.json
12.2857142857|-1.0000000000,upper_grid,theory,low_q1001,/home/2/ks405818/Master/lyalpha_one_loop/runs/accdm/accdm_scan_lowf_q1001_v2/theory/accdm_logm12p2857142857143_logfm1.npz,runs/accdm/accdm_scan_lowf_q1001_v2/theory/accdm_logm12p2857142857143_logfm1.npz
12.4285714286|-1.0000000000,upper_grid,fit,low_q1001,/home/2/ks405818/Master/lyalpha_one_loop/runs/accdm/accdm_scan_lowf_q1001_v2/fits/accdm_logm12p4285714285714_logfm1.json,runs/accdm/accdm_scan_lowf_q1001_v2/fits/accdm_logm12p4285714285714_logfm1.json
12.4285714286|-1.0000000000,upper_grid,theory,low_q1001,/home/2/ks405818/Master/lyalpha_one_loop/runs/accdm/accdm_scan_lowf_q1001_v2/theory/accdm_logm12p4285714285714_logfm1.npz,runs/accdm/accdm_scan_lowf_q1001_v2/theory/accdm_logm12p4285714285714_logfm1.npz
12.5714285714|-1.0000000000,upper_grid,fit,low_q1001,/home/2/ks405818/Master/lyalpha_one_loop/runs/accdm/accdm_scan_lowf_q1001_v2/fits/accdm_logm12p5714285714286_logfm1.json,runs/accdm/accdm_scan_lowf_q1001_v2/fits/accdm_logm12p5714285714286_logfm1.json
12.5714285714|-1.0000000000,upper_grid,theory,low_q1001,/home/2/ks405818/Master/lyalpha_one_loop/runs/accdm/accdm_scan_lowf_q1001_v2/theory/accdm_logm12p5714285714286_logfm1.npz,runs/accdm/accdm_scan_lowf_q1001_v2/theory/accdm_logm12p5714285714286_logfm1.npz
12.7142857143|-1.0000000000,upper_grid,fit,low_q1001,/home/2/ks405818/Master/lyalpha_one_loop/runs/accdm/accdm_scan_lowf_q1001_v2/fits/accdm_logm12p7142857142857_logfm1.json,runs/accdm/accdm_scan_lowf_q1001_v2/fits/accdm_logm12p7142857142857_logfm1.json
12.7142857143|-1.0000000000,upper_grid,theory,low_q1001,/home/2/ks405818/Master/lyalpha_one_loop/runs/accdm/accdm_scan_lowf_q1001_v2/theory/accdm_logm12p7142857142857_logfm1.npz,runs/accdm/accdm_scan_lowf_q1001_v2/theory/accdm_logm12p7142857142857_logfm1.npz
12.8571428571|-1.0000000000,upper_grid,fit,low_q1001,/home/2/ks405818/Master/lyalpha_one_loop/runs/accdm/accdm_scan_lowf_q1001_v2/fits/accdm_logm12p8571428571429_logfm1.json,runs/accdm/accdm_scan_lowf_q1001_v2/fits/accdm_logm12p8571428571429_logfm1.json
12.8571428571|-1.0000000000,upper_grid,theory,low_q1001,/home/2/ks405818/Master/lyalpha_one_loop/runs/accdm/accdm_scan_lowf_q1001_v2/theory/accdm_logm12p8571428571429_logfm1.npz,runs/accdm/accdm_scan_lowf_q1001_v2/theory/accdm_logm12p8571428571429_logfm1.npz
13.0000000000|-1.0000000000,upper_grid,fit,low_q1001,/home/2/ks405818/Master/lyalpha_one_loop/runs/accdm/accdm_scan_lowf_q1001_v2/fits/accdm_logm13_logfm1.json,runs/accdm/accdm_scan_lowf_q1001_v2/fits/accdm_logm13_logfm1.json
13.0000000000|-1.0000000000,upper_grid,theory,low_q1001,/home/2/ks405818/Master/lyalpha_one_loop/runs/accdm/accdm_scan_lowf_q1001_v2/theory/accdm_logm13_logfm1.npz,runs/accdm/accdm_scan_lowf_q1001_v2/theory/accdm_logm13_logfm1.npz
13.1428571429|-1.0000000000,upper_grid,fit,low_q1001,/home/2/ks405818/Master/lyalpha_one_loop/runs/accdm/accdm_scan_lowf_q1001_v2/fits/accdm_logm13p1428571428571_logfm1.json,runs/accdm/accdm_scan_lowf_q1001_v2/fits/accdm_logm13p1428571428571_logfm1.json
13.1428571429|-1.0000000000,upper_grid,theory,low_q1001,/home/2/ks405818/Master/lyalpha_one_loop/runs/accdm/accdm_scan_lowf_q1001_v2/theory/accdm_logm13p1428571428571_logfm1.npz,runs/accdm/accdm_scan_lowf_q1001_v2/theory/accdm_logm13p1428571428571_logfm1.npz
13.2857142857|-1.0000000000,upper_grid,fit,low_q1001,/home/2/ks405818/Master/lyalpha_one_loop/runs/accdm/accdm_scan_lowf_q1001_v2/fits/accdm_logm13p2857142857143_logfm1.json,runs/accdm/accdm_scan_lowf_q1001_v2/fits/accdm_logm13p2857142857143_logfm1.json
13.2857142857|-1.0000000000,upper_grid,theory,low_q1001,/home/2/ks405818/Master/lyalpha_one_loop/runs/accdm/accdm_scan_lowf_q1001_v2/theory/accdm_logm13p2857142857143_logfm1.npz,runs/accdm/accdm_scan_lowf_q1001_v2/theory/accdm_logm13p2857142857143_logfm1.npz
13.4285714286|-1.0000000000,upper_grid,fit,low_q1001,/home/2/ks405818/Master/lyalpha_one_loop/runs/accdm/accdm_scan_lowf_q1001_v2/fits/accdm_logm13p4285714285714_logfm1.json,runs/accdm/accdm_scan_lowf_q1001_v2/fits/accdm_logm13p4285714285714_logfm1.json
13.4285714286|-1.0000000000,upper_grid,theory,low_q1001,/home/2/ks405818/Master/lyalpha_one_loop/runs/accdm/accdm_scan_lowf_q1001_v2/theory/accdm_logm13p4285714285714_logfm1.npz,runs/accdm/accdm_scan_lowf_q1001_v2/theory/accdm_logm13p4285714285714_logfm1.npz
13.5714285714|-1.0000000000,upper_grid,fit,low_q1001,/home/2/ks405818/Master/lyalpha_one_loop/runs/accdm/accdm_scan_lowf_q1001_v2/fits/accdm_logm13p5714285714286_logfm1.json,runs/accdm/accdm_scan_lowf_q1001_v2/fits/accdm_logm13p5714285714286_logfm1.json
13.5714285714|-1.0000000000,upper_grid,theory,low_q1001,/home/2/ks405818/Master/lyalpha_one_loop/runs/accdm/accdm_scan_lowf_q1001_v2/theory/accdm_logm13p5714285714286_logfm1.npz,runs/accdm/accdm_scan_lowf_q1001_v2/theory/accdm_logm13p5714285714286_logfm1.npz
13.7142857143|-1.0000000000,upper_grid,fit,low_q1001,/home/2/ks405818/Master/lyalpha_one_loop/runs/accdm/accdm_scan_lowf_q1001_v2/fits/accdm_logm13p7142857142857_logfm1.json,runs/accdm/accdm_scan_lowf_q1001_v2/fits/accdm_logm13p7142857142857_logfm1.json
13.7142857143|-1.0000000000,upper_grid,theory,low_q1001,/home/2/ks405818/Master/lyalpha_one_loop/runs/accdm/accdm_scan_lowf_q1001_v2/theory/accdm_logm13p7142857142857_logfm1.npz,runs/accdm/accdm_scan_lowf_q1001_v2/theory/accdm_logm13p7142857142857_logfm1.npz
13.8571428571|-1.0000000000,upper_grid,fit,low_q1001,/home/2/ks405818/Master/lyalpha_one_loop/runs/accdm/accdm_scan_lowf_q1001_v2/fits/accdm_logm13p8571428571429_logfm1.json,runs/accdm/accdm_scan_lowf_q1001_v2/fits/accdm_logm13p8571428571429_logfm1.json
13.8571428571|-1.0000000000,upper_grid,theory,low_q1001,/home/2/ks405818/Master/lyalpha_one_loop/runs/accdm/accdm_scan_lowf_q1001_v2/theory/accdm_logm13p8571428571429_logfm1.npz,runs/accdm/accdm_scan_lowf_q1001_v2/theory/accdm_logm13p8571428571429_logfm1.npz
14.0000000000|-1.0000000000,upper_grid,fit,low_q1001,/home/2/ks405818/Master/lyalpha_one_loop/runs/accdm/accdm_scan_lowf_q1001_v2/fits/accdm_logm14_logfm1.json,runs/accdm/accdm_scan_lowf_q1001_v2/fits/accdm_logm14_logfm1.json
14.0000000000|-1.0000000000,upper_grid,theory,low_q1001,/home/2/ks405818/Master/lyalpha_one_loop/runs/accdm/accdm_scan_lowf_q1001_v2/theory/accdm_logm14_logfm1.npz,runs/accdm/accdm_scan_lowf_q1001_v2/theory/accdm_logm14_logfm1.npz
14.1428571429|-1.0000000000,upper_grid,fit,low_q1001,/home/2/ks405818/Master/lyalpha_one_loop/runs/accdm/accdm_scan_lowf_q1001_v2/fits/accdm_logm14p1428571428571_logfm1.json,runs/accdm/accdm_scan_lowf_q1001_v2/fits/accdm_logm14p1428571428571_logfm1.json
14.1428571429|-1.0000000000,upper_grid,theory,low_q1001,/home/2/ks405818/Master/lyalpha_one_loop/runs/accdm/accdm_scan_lowf_q1001_v2/theory/accdm_logm14p1428571428571_logfm1.npz,runs/accdm/accdm_scan_lowf_q1001_v2/theory/accdm_logm14p1428571428571_logfm1.npz
14.2857142857|-1.0000000000,upper_grid,fit,low_q1001,/home/2/ks405818/Master/lyalpha_one_loop/runs/accdm/accdm_scan_lowf_q1001_v2/fits/accdm_logm14p2857142857143_logfm1.json,runs/accdm/accdm_scan_lowf_q1001_v2/fits/accdm_logm14p2857142857143_logfm1.json
14.2857142857|-1.0000000000,upper_grid,theory,low_q1001,/home/2/ks405818/Master/lyalpha_one_loop/runs/accdm/accdm_scan_lowf_q1001_v2/theory/accdm_logm14p2857142857143_logfm1.npz,runs/accdm/accdm_scan_lowf_q1001_v2/theory/accdm_logm14p2857142857143_logfm1.npz
14.4285714286|-1.0000000000,upper_grid,fit,low_q1001,/home/2/ks405818/Master/lyalpha_one_loop/runs/accdm/accdm_scan_lowf_q1001_v2/fits/accdm_logm14p4285714285714_logfm1.json,runs/accdm/accdm_scan_lowf_q1001_v2/fits/accdm_logm14p4285714285714_logfm1.json
14.4285714286|-1.0000000000,upper_grid,theory,low_q1001,/home/2/ks405818/Master/lyalpha_one_loop/runs/accdm/accdm_scan_lowf_q1001_v2/theory/accdm_logm14p4285714285714_logfm1.npz,runs/accdm/accdm_scan_lowf_q1001_v2/theory/accdm_logm14p4285714285714_logfm1.npz
14.5714285714|-1.0000000000,upper_grid,fit,low_q1001,/home/2/ks405818/Master/lyalpha_one_loop/runs/accdm/accdm_scan_lowf_q1001_v2/fits/accdm_logm14p5714285714286_logfm1.json,runs/accdm/accdm_scan_lowf_q1001_v2/fits/accdm_logm14p5714285714286_logfm1.json
14.5714285714|-1.0000000000,upper_grid,theory,low_q1001,/home/2/ks405818/Master/lyalpha_one_loop/runs/accdm/accdm_scan_lowf_q1001_v2/theory/accdm_logm14p5714285714286_logfm1.npz,runs/accdm/accdm_scan_lowf_q1001_v2/theory/accdm_logm14p5714285714286_logfm1.npz
14.7142857143|-1.0000000000,upper_grid,fit,low_q1001,/home/2/ks405818/Master/lyalpha_one_loop/runs/accdm/accdm_scan_lowf_q1001_v2/fits/accdm_logm14p7142857142857_logfm1.json,runs/accdm/accdm_scan_lowf_q1001_v2/fits/accdm_logm14p7142857142857_logfm1.json
14.7142857143|-1.0000000000,upper_grid,theory,low_q1001,/home/2/ks405818/Master/lyalpha_one_loop/runs/accdm/accdm_scan_lowf_q1001_v2/theory/accdm_logm14p7142857142857_logfm1.npz,runs/accdm/accdm_scan_lowf_q1001_v2/theory/accdm_logm14p7142857142857_logfm1.npz
14.8571428571|-1.0000000000,upper_grid,fit,low_q1001,/home/2/ks405818/Master/lyalpha_one_loop/runs/accdm/accdm_scan_lowf_q1001_v2/fits/accdm_logm14p8571428571429_logfm1.json,runs/accdm/accdm_scan_lowf_q1001_v2/fits/accdm_logm14p8571428571429_logfm1.json
14.8571428571|-1.0000000000,upper_grid,theory,low_q1001,/home/2/ks405818/Master/lyalpha_one_loop/runs/accdm/accdm_scan_lowf_q1001_v2/theory/accdm_logm14p8571428571429_logfm1.npz,runs/accdm/accdm_scan_lowf_q1001_v2/theory/accdm_logm14p8571428571429_logfm1.npz
15.0000000000|-1.0000000000,upper_grid,fit,low_q1001,/home/2/ks405818/Master/lyalpha_one_loop/runs/accdm/accdm_scan_lowf_q1001_v2/fits/accdm_logm15_logfm1.json,runs/accdm/accdm_scan_lowf_q1001_v2/fits/accdm_logm15_logfm1.json
15.0000000000|-1.0000000000,upper_grid,theory,low_q1001,/home/2/ks405818/Master/lyalpha_one_loop/runs/accdm/accdm_scan_lowf_q1001_v2/theory/accdm_logm15_logfm1.npz,runs/accdm/accdm_scan_lowf_q1001_v2/theory/accdm_logm15_logfm1.npz
15.1428571429|-1.0000000000,upper_grid,fit,low_q1001,/home/2/ks405818/Master/lyalpha_one_loop/runs/accdm/accdm_scan_lowf_q1001_v2/fits/accdm_logm15p1428571428571_logfm1.json,runs/accdm/accdm_scan_lowf_q1001_v2/fits/accdm_logm15p1428571428571_logfm1.json
15.1428571429|-1.0000000000,upper_grid,theory,low_q1001,/home/2/ks405818/Master/lyalpha_one_loop/runs/accdm/accdm_scan_lowf_q1001_v2/theory/accdm_logm15p1428571428571_logfm1.npz,runs/accdm/accdm_scan_lowf_q1001_v2/theory/accdm_logm15p1428571428571_logfm1.npz
15.2857142857|-1.0000000000,upper_grid,fit,low_q1001,/home/2/ks405818/Master/lyalpha_one_loop/runs/accdm/accdm_scan_lowf_q1001_v2/fits/accdm_logm15p2857142857143_logfm1.json,runs/accdm/accdm_scan_lowf_q1001_v2/fits/accdm_logm15p2857142857143_logfm1.json
15.2857142857|-1.0000000000,upper_grid,theory,low_q1001,/home/2/ks405818/Master/lyalpha_one_loop/runs/accdm/accdm_scan_lowf_q1001_v2/theory/accdm_logm15p2857142857143_logfm1.npz,runs/accdm/accdm_scan_lowf_q1001_v2/theory/accdm_logm15p2857142857143_logfm1.npz
15.4285714286|-1.0000000000,upper_grid,fit,low_q1001,/home/2/ks405818/Master/lyalpha_one_loop/runs/accdm/accdm_scan_lowf_q1001_v2/fits/accdm_logm15p4285714285714_logfm1.json,runs/accdm/accdm_scan_lowf_q1001_v2/fits/accdm_logm15p4285714285714_logfm1.json
15.4285714286|-1.0000000000,upper_grid,theory,low_q1001,/home/2/ks405818/Master/lyalpha_one_loop/runs/accdm/accdm_scan_lowf_q1001_v2/theory/accdm_logm15p4285714285714_logfm1.npz,runs/accdm/accdm_scan_lowf_q1001_v2/theory/accdm_logm15p4285714285714_logfm1.npz
15.5714285714|-1.0000000000,upper_grid,fit,low_q1001,/home/2/ks405818/Master/lyalpha_one_loop/runs/accdm/accdm_scan_lowf_q1001_v2/fits/accdm_logm15p5714285714286_logfm1.json,runs/accdm/accdm_scan_lowf_q1001_v2/fits/accdm_logm15p5714285714286_logfm1.json
15.5714285714|-1.0000000000,upper_grid,theory,low_q1001,/home/2/ks405818/Master/lyalpha_one_loop/runs/accdm/accdm_scan_lowf_q1001_v2/theory/accdm_logm15p5714285714286_logfm1.npz,runs/accdm/accdm_scan_lowf_q1001_v2/theory/accdm_logm15p5714285714286_logfm1.npz
15.7142857143|-1.0000000000,upper_grid,fit,low_q1001,/home/2/ks405818/Master/lyalpha_one_loop/runs/accdm/accdm_scan_lowf_q1001_v2/fits/accdm_logm15p7142857142857_logfm1.json,runs/accdm/accdm_scan_lowf_q1001_v2/fits/accdm_logm15p7142857142857_logfm1.json
15.7142857143|-1.0000000000,upper_grid,theory,low_q1001,/home/2/ks405818/Master/lyalpha_one_loop/runs/accdm/accdm_scan_lowf_q1001_v2/theory/accdm_logm15p7142857142857_logfm1.npz,runs/accdm/accdm_scan_lowf_q1001_v2/theory/accdm_logm15p7142857142857_logfm1.npz
15.8571428571|-1.0000000000,upper_grid,fit,low_q1001,/home/2/ks405818/Master/lyalpha_one_loop/runs/accdm/accdm_scan_lowf_q1001_v2/fits/accdm_logm15p8571428571429_logfm1.json,runs/accdm/accdm_scan_lowf_q1001_v2/fits/accdm_logm15p8571428571429_logfm1.json
15.8571428571|-1.0000000000,upper_grid,theory,low_q1001,/home/2/ks405818/Master/lyalpha_one_loop/runs/accdm/accdm_scan_lowf_q1001_v2/theory/accdm_logm15p8571428571429_logfm1.npz,runs/accdm/accdm_scan_lowf_q1001_v2/theory/accdm_logm15p8571428571429_logfm1.npz
16.0000000000|-1.0000000000,upper_grid,fit,low_q1001,/home/2/ks405818/Master/lyalpha_one_loop/runs/accdm/accdm_scan_lowf_q1001_v2/fits/accdm_logm16_logfm1.json,runs/accdm/accdm_scan_lowf_q1001_v2/fits/accdm_logm16_logfm1.json
16.0000000000|-1.0000000000,upper_grid,theory,low_q1001,/home/2/ks405818/Master/lyalpha_one_loop/runs/accdm/accdm_scan_lowf_q1001_v2/theory/accdm_logm16_logfm1.npz,runs/accdm/accdm_scan_lowf_q1001_v2/theory/accdm_logm16_logfm1.npz
16.1428571429|-1.0000000000,upper_grid,fit,low_q1001,/home/2/ks405818/Master/lyalpha_one_loop/runs/accdm/accdm_scan_lowf_q1001_v2/fits/accdm_logm16p1428571428571_logfm1.json,runs/accdm/accdm_scan_lowf_q1001_v2/fits/accdm_logm16p1428571428571_logfm1.json
16.1428571429|-1.0000000000,upper_grid,theory,low_q1001,/home/2/ks405818/Master/lyalpha_one_loop/runs/accdm/accdm_scan_lowf_q1001_v2/theory/accdm_logm16p1428571428571_logfm1.npz,runs/accdm/accdm_scan_lowf_q1001_v2/theory/accdm_logm16p1428571428571_logfm1.npz
16.2857142857|-1.0000000000,upper_grid,fit,low_q1001,/home/2/ks405818/Master/lyalpha_one_loop/runs/accdm/accdm_scan_lowf_q1001_v2/fits/accdm_logm16p2857142857143_logfm1.json,runs/accdm/accdm_scan_lowf_q1001_v2/fits/accdm_logm16p2857142857143_logfm1.json
16.2857142857|-1.0000000000,upper_grid,theory,low_q1001,/home/2/ks405818/Master/lyalpha_one_loop/runs/accdm/accdm_scan_lowf_q1001_v2/theory/accdm_logm16p2857142857143_logfm1.npz,runs/accdm/accdm_scan_lowf_q1001_v2/theory/accdm_logm16p2857142857143_logfm1.npz
16.4285714286|-1.0000000000,upper_grid,fit,low_q1001,/home/2/ks405818/Master/lyalpha_one_loop/runs/accdm/accdm_scan_lowf_q1001_v2/fits/accdm_logm16p4285714285714_logfm1.json,runs/accdm/accdm_scan_lowf_q1001_v2/fits/accdm_logm16p4285714285714_logfm1.json
16.4285714286|-1.0000000000,upper_grid,theory,low_q1001,/home/2/ks405818/Master/lyalpha_one_loop/runs/accdm/accdm_scan_lowf_q1001_v2/theory/accdm_logm16p4285714285714_logfm1.npz,runs/accdm/accdm_scan_lowf_q1001_v2/theory/accdm_logm16p4285714285714_logfm1.npz
16.5714285714|-1.0000000000,upper_grid,fit,low_q1001,/home/2/ks405818/Master/lyalpha_one_loop/runs/accdm/accdm_scan_lowf_q1001_v2/fits/accdm_logm16p5714285714286_logfm1.json,runs/accdm/accdm_scan_lowf_q1001_v2/fits/accdm_logm16p5714285714286_logfm1.json
16.5714285714|-1.0000000000,upper_grid,theory,low_q1001,/home/2/ks405818/Master/lyalpha_one_loop/runs/accdm/accdm_scan_lowf_q1001_v2/theory/accdm_logm16p5714285714286_logfm1.npz,runs/accdm/accdm_scan_lowf_q1001_v2/theory/accdm_logm16p5714285714286_logfm1.npz
16.7142857143|-1.0000000000,upper_grid,fit,low_q1001,/home/2/ks405818/Master/lyalpha_one_loop/runs/accdm/accdm_scan_lowf_q1001_v2/fits/accdm_logm16p7142857142857_logfm1.json,runs/accdm/accdm_scan_lowf_q1001_v2/fits/accdm_logm16p7142857142857_logfm1.json
16.7142857143|-1.0000000000,upper_grid,theory,low_q1001,/home/2/ks405818/Master/lyalpha_one_loop/runs/accdm/accdm_scan_lowf_q1001_v2/theory/accdm_logm16p7142857142857_logfm1.npz,runs/accdm/accdm_scan_lowf_q1001_v2/theory/accdm_logm16p7142857142857_logfm1.npz
16.8571428571|-1.0000000000,upper_grid,fit,low_q1001,/home/2/ks405818/Master/lyalpha_one_loop/runs/accdm/accdm_scan_lowf_q1001_v2/fits/accdm_logm16p8571428571429_logfm1.json,runs/accdm/accdm_scan_lowf_q1001_v2/fits/accdm_logm16p8571428571429_logfm1.json
16.8571428571|-1.0000000000,upper_grid,theory,low_q1001,/home/2/ks405818/Master/lyalpha_one_loop/runs/accdm/accdm_scan_lowf_q1001_v2/theory/accdm_logm16p8571428571429_logfm1.npz,runs/accdm/accdm_scan_lowf_q1001_v2/theory/accdm_logm16p8571428571429_logfm1.npz
17.0000000000|-1.0000000000,upper_grid,fit,low_q1001,/home/2/ks405818/Master/lyalpha_one_loop/runs/accdm/accdm_scan_lowf_q1001_v2/fits/accdm_logm17_logfm1.json,runs/accdm/accdm_scan_lowf_q1001_v2/fits/accdm_logm17_logfm1.json
17.0000000000|-1.0000000000,upper_grid,theory,low_q1001,/home/2/ks405818/Master/lyalpha_one_loop/runs/accdm/accdm_scan_lowf_q1001_v2/theory/accdm_logm17_logfm1.npz,runs/accdm/accdm_scan_lowf_q1001_v2/theory/accdm_logm17_logfm1.npz
17.1428571429|-1.0000000000,upper_grid,fit,low_q1001,/home/2/ks405818/Master/lyalpha_one_loop/runs/accdm/accdm_scan_lowf_q1001_v2/fits/accdm_logm17p1428571428571_logfm1.json,runs/accdm/accdm_scan_lowf_q1001_v2/fits/accdm_logm17p1428571428571_logfm1.json
17.1428571429|-1.0000000000,upper_grid,theory,low_q1001,/home/2/ks405818/Master/lyalpha_one_loop/runs/accdm/accdm_scan_lowf_q1001_v2/theory/accdm_logm17p1428571428571_logfm1.npz,runs/accdm/accdm_scan_lowf_q1001_v2/theory/accdm_logm17p1428571428571_logfm1.npz
17.2857142857|-1.0000000000,upper_grid,fit,low_q1001,/home/2/ks405818/Master/lyalpha_one_loop/runs/accdm/accdm_scan_lowf_q1001_v2/fits/accdm_logm17p2857142857143_logfm1.json,runs/accdm/accdm_scan_lowf_q1001_v2/fits/accdm_logm17p2857142857143_logfm1.json
17.2857142857|-1.0000000000,upper_grid,theory,low_q1001,/home/2/ks405818/Master/lyalpha_one_loop/runs/accdm/accdm_scan_lowf_q1001_v2/theory/accdm_logm17p2857142857143_logfm1.npz,runs/accdm/accdm_scan_lowf_q1001_v2/theory/accdm_logm17p2857142857143_logfm1.npz
17.4285714286|-1.0000000000,upper_grid,fit,low_q1001,/home/2/ks405818/Master/lyalpha_one_loop/runs/accdm/accdm_scan_lowf_q1001_v2/fits/accdm_logm17p4285714285714_logfm1.json,runs/accdm/accdm_scan_lowf_q1001_v2/fits/accdm_logm17p4285714285714_logfm1.json
17.4285714286|-1.0000000000,upper_grid,theory,low_q1001,/home/2/ks405818/Master/lyalpha_one_loop/runs/accdm/accdm_scan_lowf_q1001_v2/theory/accdm_logm17p4285714285714_logfm1.npz,runs/accdm/accdm_scan_lowf_q1001_v2/theory/accdm_logm17p4285714285714_logfm1.npz
17.5714285714|-1.0000000000,upper_grid,fit,low_q1001,/home/2/ks405818/Master/lyalpha_one_loop/runs/accdm/accdm_scan_lowf_q1001_v2/fits/accdm_logm17p5714285714286_logfm1.json,runs/accdm/accdm_scan_lowf_q1001_v2/fits/accdm_logm17p5714285714286_logfm1.json
17.5714285714|-1.0000000000,upper_grid,theory,low_q1001,/home/2/ks405818/Master/lyalpha_one_loop/runs/accdm/accdm_scan_lowf_q1001_v2/theory/accdm_logm17p5714285714286_logfm1.npz,runs/accdm/accdm_scan_lowf_q1001_v2/theory/accdm_logm17p5714285714286_logfm1.npz
17.7142857143|-1.0000000000,upper_grid,fit,low_q1001,/home/2/ks405818/Master/lyalpha_one_loop/runs/accdm/accdm_scan_lowf_q1001_v2/fits/accdm_logm17p7142857142857_logfm1.json,runs/accdm/accdm_scan_lowf_q1001_v2/fits/accdm_logm17p7142857142857_logfm1.json
17.7142857143|-1.0000000000,upper_grid,theory,low_q1001,/home/2/ks405818/Master/lyalpha_one_loop/runs/accdm/accdm_scan_lowf_q1001_v2/theory/accdm_logm17p7142857142857_logfm1.npz,runs/accdm/accdm_scan_lowf_q1001_v2/theory/accdm_logm17p7142857142857_logfm1.npz
17.8571428571|-1.0000000000,upper_grid,fit,low_q1001,/home/2/ks405818/Master/lyalpha_one_loop/runs/accdm/accdm_scan_lowf_q1001_v2/fits/accdm_logm17p8571428571429_logfm1.json,runs/accdm/accdm_scan_lowf_q1001_v2/fits/accdm_logm17p8571428571429_logfm1.json
17.8571428571|-1.0000000000,upper_grid,theory,low_q1001,/home/2/ks405818/Master/lyalpha_one_loop/runs/accdm/accdm_scan_lowf_q1001_v2/theory/accdm_logm17p8571428571429_logfm1.npz,runs/accdm/accdm_scan_lowf_q1001_v2/theory/accdm_logm17p8571428571429_logfm1.npz
18.0000000000|-1.0000000000,upper_grid,fit,low_q1001,/home/2/ks405818/Master/lyalpha_one_loop/runs/accdm/accdm_scan_lowf_q1001_v2/fits/accdm_logm18_logfm1.json,runs/accdm/accdm_scan_lowf_q1001_v2/fits/accdm_logm18_logfm1.json
18.0000000000|-1.0000000000,upper_grid,theory,low_q1001,/home/2/ks405818/Master/lyalpha_one_loop/runs/accdm/accdm_scan_lowf_q1001_v2/theory/accdm_logm18_logfm1.npz,runs/accdm/accdm_scan_lowf_q1001_v2/theory/accdm_logm18_logfm1.npz
18.1428571429|-1.0000000000,upper_grid,fit,loweps_low_q1001,/home/2/ks405818/Master/lyalpha_one_loop/runs/accdm/accdm_scan_loweps_lowf_q1001_v1/fits/accdm_logm18p1428571428571_logfm1.json,runs/accdm/accdm_scan_loweps_lowf_q1001_v1/fits/accdm_logm18p1428571428571_logfm1.json
18.1428571429|-1.0000000000,upper_grid,theory,loweps_low_q1001,/home/2/ks405818/Master/lyalpha_one_loop/runs/accdm/accdm_scan_loweps_lowf_q1001_v1/theory/accdm_logm18p1428571428571_logfm1.npz,runs/accdm/accdm_scan_loweps_lowf_q1001_v1/theory/accdm_logm18p1428571428571_logfm1.npz
18.2857142857|-1.0000000000,upper_grid,fit,loweps_low_q1001,/home/2/ks405818/Master/lyalpha_one_loop/runs/accdm/accdm_scan_loweps_lowf_q1001_v1/fits/accdm_logm18p2857142857143_logfm1.json,runs/accdm/accdm_scan_loweps_lowf_q1001_v1/fits/accdm_logm18p2857142857143_logfm1.json
18.2857142857|-1.0000000000,upper_grid,theory,loweps_low_q1001,/home/2/ks405818/Master/lyalpha_one_loop/runs/accdm/accdm_scan_loweps_lowf_q1001_v1/theory/accdm_logm18p2857142857143_logfm1.npz,runs/accdm/accdm_scan_loweps_lowf_q1001_v1/theory/accdm_logm18p2857142857143_logfm1.npz
18.4285714286|-1.0000000000,upper_grid,fit,loweps_low_q1001,/home/2/ks405818/Master/lyalpha_one_loop/runs/accdm/accdm_scan_loweps_lowf_q1001_v1/fits/accdm_logm18p4285714285714_logfm1.json,runs/accdm/accdm_scan_loweps_lowf_q1001_v1/fits/accdm_logm18p4285714285714_logfm1.json
18.4285714286|-1.0000000000,upper_grid,theory,loweps_low_q1001,/home/2/ks405818/Master/lyalpha_one_loop/runs/accdm/accdm_scan_loweps_lowf_q1001_v1/theory/accdm_logm18p4285714285714_logfm1.npz,runs/accdm/accdm_scan_loweps_lowf_q1001_v1/theory/accdm_logm18p4285714285714_logfm1.npz
18.5714285714|-1.0000000000,upper_grid,fit,loweps_low_q1001,/home/2/ks405818/Master/lyalpha_one_loop/runs/accdm/accdm_scan_loweps_lowf_q1001_v1/fits/accdm_logm18p5714285714286_logfm1.json,runs/accdm/accdm_scan_loweps_lowf_q1001_v1/fits/accdm_logm18p5714285714286_logfm1.json
18.5714285714|-1.0000000000,upper_grid,theory,loweps_low_q1001,/home/2/ks405818/Master/lyalpha_one_loop/runs/accdm/accdm_scan_loweps_lowf_q1001_v1/theory/accdm_logm18p5714285714286_logfm1.npz,runs/accdm/accdm_scan_loweps_lowf_q1001_v1/theory/accdm_logm18p5714285714286_logfm1.npz
18.7142857143|-1.0000000000,upper_grid,fit,loweps_low_q1001,/home/2/ks405818/Master/lyalpha_one_loop/runs/accdm/accdm_scan_loweps_lowf_q1001_v1/fits/accdm_logm18p7142857142857_logfm1.json,runs/accdm/accdm_scan_loweps_lowf_q1001_v1/fits/accdm_logm18p7142857142857_logfm1.json
18.7142857143|-1.0000000000,upper_grid,theory,loweps_low_q1001,/home/2/ks405818/Master/lyalpha_one_loop/runs/accdm/accdm_scan_loweps_lowf_q1001_v1/theory/accdm_logm18p7142857142857_logfm1.npz,runs/accdm/accdm_scan_loweps_lowf_q1001_v1/theory/accdm_logm18p7142857142857_logfm1.npz
18.8571428571|-1.0000000000,upper_grid,fit,loweps_low_q1001,/home/2/ks405818/Master/lyalpha_one_loop/runs/accdm/accdm_scan_loweps_lowf_q1001_v1/fits/accdm_logm18p8571428571429_logfm1.json,runs/accdm/accdm_scan_loweps_lowf_q1001_v1/fits/accdm_logm18p8571428571429_logfm1.json
18.8571428571|-1.0000000000,upper_grid,theory,loweps_low_q1001,/home/2/ks405818/Master/lyalpha_one_loop/runs/accdm/accdm_scan_loweps_lowf_q1001_v1/theory/accdm_logm18p8571428571429_logfm1.npz,runs/accdm/accdm_scan_loweps_lowf_q1001_v1/theory/accdm_logm18p8571428571429_logfm1.npz
19.0000000000|-1.0000000000,upper_grid,fit,loweps_low_q1001,/home/2/ks405818/Master/lyalpha_one_loop/runs/accdm/accdm_scan_loweps_lowf_q1001_v1/fits/accdm_logm19_logfm1.json,runs/accdm/accdm_scan_loweps_lowf_q1001_v1/fits/accdm_logm19_logfm1.json
19.0000000000|-1.0000000000,upper_grid,theory,loweps_low_q1001,/home/2/ks405818/Master/lyalpha_one_loop/runs/accdm/accdm_scan_loweps_lowf_q1001_v1/theory/accdm_logm19_logfm1.npz,runs/accdm/accdm_scan_loweps_lowf_q1001_v1/theory/accdm_logm19_logfm1.npz
19.1428571429|-1.0000000000,upper_grid,fit,loweps_low_q1001,/home/2/ks405818/Master/lyalpha_one_loop/runs/accdm/accdm_scan_loweps_lowf_q1001_v1/fits/accdm_logm19p1428571428571_logfm1.json,runs/accdm/accdm_scan_loweps_lowf_q1001_v1/fits/accdm_logm19p1428571428571_logfm1.json
19.1428571429|-1.0000000000,upper_grid,theory,loweps_low_q1001,/home/2/ks405818/Master/lyalpha_one_loop/runs/accdm/accdm_scan_loweps_lowf_q1001_v1/theory/accdm_logm19p1428571428571_logfm1.npz,runs/accdm/accdm_scan_loweps_lowf_q1001_v1/theory/accdm_logm19p1428571428571_logfm1.npz
19.2857142857|-1.0000000000,upper_grid,fit,loweps_low_q1001,/home/2/ks405818/Master/lyalpha_one_loop/runs/accdm/accdm_scan_loweps_lowf_q1001_v1/fits/accdm_logm19p2857142857143_logfm1.json,runs/accdm/accdm_scan_loweps_lowf_q1001_v1/fits/accdm_logm19p2857142857143_logfm1.json
19.2857142857|-1.0000000000,upper_grid,theory,loweps_low_q1001,/home/2/ks405818/Master/lyalpha_one_loop/runs/accdm/accdm_scan_loweps_lowf_q1001_v1/theory/accdm_logm19p2857142857143_logfm1.npz,runs/accdm/accdm_scan_loweps_lowf_q1001_v1/theory/accdm_logm19p2857142857143_logfm1.npz
19.4285714286|-1.0000000000,upper_grid,fit,loweps_low_q1001,/home/2/ks405818/Master/lyalpha_one_loop/runs/accdm/accdm_scan_loweps_lowf_q1001_v1/fits/accdm_logm19p4285714285714_logfm1.json,runs/accdm/accdm_scan_loweps_lowf_q1001_v1/fits/accdm_logm19p4285714285714_logfm1.json
19.4285714286|-1.0000000000,upper_grid,theory,loweps_low_q1001,/home/2/ks405818/Master/lyalpha_one_loop/runs/accdm/accdm_scan_loweps_lowf_q1001_v1/theory/accdm_logm19p4285714285714_logfm1.npz,runs/accdm/accdm_scan_loweps_lowf_q1001_v1/theory/accdm_logm19p4285714285714_logfm1.npz
11.0000000000|-0.9250000000,upper_grid,fit,high_q5001_original,/home/2/ks405818/Master/lyalpha_one_loop/runs/accdm/accdm_scan_highf_q5001_v1/fits/accdm_logm11_logfm0p925.json,runs/accdm/accdm_scan_highf_q5001_v1/fits/accdm_logm11_logfm0p925.json
11.0000000000|-0.9250000000,upper_grid,theory,high_q5001_original,/home/2/ks405818/Master/lyalpha_one_loop/runs/accdm/accdm_scan_highf_q5001_v1/theory/accdm_logm11_logfm0p925.npz,runs/accdm/accdm_scan_highf_q5001_v1/theory/accdm_logm11_logfm0p925.npz
11.1428571429|-0.9250000000,upper_grid,fit,high_q5001_original,/home/2/ks405818/Master/lyalpha_one_loop/runs/accdm/accdm_scan_highf_q5001_v1/fits/accdm_logm11p1428571428571_logfm0p925.json,runs/accdm/accdm_scan_highf_q5001_v1/fits/accdm_logm11p1428571428571_logfm0p925.json
11.1428571429|-0.9250000000,upper_grid,theory,high_q5001_original,/home/2/ks405818/Master/lyalpha_one_loop/runs/accdm/accdm_scan_highf_q5001_v1/theory/accdm_logm11p1428571428571_logfm0p925.npz,runs/accdm/accdm_scan_highf_q5001_v1/theory/accdm_logm11p1428571428571_logfm0p925.npz
11.2857142857|-0.9250000000,upper_grid,fit,high_q5001_original,/home/2/ks405818/Master/lyalpha_one_loop/runs/accdm/accdm_scan_highf_q5001_v1/fits/accdm_logm11p2857142857143_logfm0p925.json,runs/accdm/accdm_scan_highf_q5001_v1/fits/accdm_logm11p2857142857143_logfm0p925.json
11.2857142857|-0.9250000000,upper_grid,theory,high_q5001_original,/home/2/ks405818/Master/lyalpha_one_loop/runs/accdm/accdm_scan_highf_q5001_v1/theory/accdm_logm11p2857142857143_logfm0p925.npz,runs/accdm/accdm_scan_highf_q5001_v1/theory/accdm_logm11p2857142857143_logfm0p925.npz
11.4285714286|-0.9250000000,upper_grid,fit,high_q5001_original,/home/2/ks405818/Master/lyalpha_one_loop/runs/accdm/accdm_scan_highf_q5001_v1/fits/accdm_logm11p4285714285714_logfm0p925.json,runs/accdm/accdm_scan_highf_q5001_v1/fits/accdm_logm11p4285714285714_logfm0p925.json
11.4285714286|-0.9250000000,upper_grid,theory,high_q5001_original,/home/2/ks405818/Master/lyalpha_one_loop/runs/accdm/accdm_scan_highf_q5001_v1/theory/accdm_logm11p4285714285714_logfm0p925.npz,runs/accdm/accdm_scan_highf_q5001_v1/theory/accdm_logm11p4285714285714_logfm0p925.npz
11.5714285714|-0.9250000000,upper_grid,fit,high_q5001_recovery_10core,/home/2/ks405818/Master/lyalpha_one_loop/runs/accdm/accdm_scan_highf_q5001_recovery_10core_v1/fits/accdm_logm11p5714285714286_logfm0p925.json,runs/accdm/accdm_scan_highf_q5001_recovery_10core_v1/fits/accdm_logm11p5714285714286_logfm0p925.json
11.5714285714|-0.9250000000,upper_grid,theory,high_q5001_recovery_10core,/home/2/ks405818/Master/lyalpha_one_loop/runs/accdm/accdm_scan_highf_q5001_recovery_10core_v1/theory/accdm_logm11p5714285714286_logfm0p925.npz,runs/accdm/accdm_scan_highf_q5001_recovery_10core_v1/theory/accdm_logm11p5714285714286_logfm0p925.npz
11.7142857143|-0.9250000000,upper_grid,fit,high_q5001_recovery_10core,/home/2/ks405818/Master/lyalpha_one_loop/runs/accdm/accdm_scan_highf_q5001_recovery_10core_v1/fits/accdm_logm11p7142857142857_logfm0p925.json,runs/accdm/accdm_scan_highf_q5001_recovery_10core_v1/fits/accdm_logm11p7142857142857_logfm0p925.json
11.7142857143|-0.9250000000,upper_grid,theory,high_q5001_recovery_10core,/home/2/ks405818/Master/lyalpha_one_loop/runs/accdm/accdm_scan_highf_q5001_recovery_10core_v1/theory/accdm_logm11p7142857142857_logfm0p925.npz,runs/accdm/accdm_scan_highf_q5001_recovery_10core_v1/theory/accdm_logm11p7142857142857_logfm0p925.npz
11.8571428571|-0.9250000000,upper_grid,fit,high_q5001_recovery_10core,/home/2/ks405818/Master/lyalpha_one_loop/runs/accdm/accdm_scan_highf_q5001_recovery_10core_v1/fits/accdm_logm11p8571428571429_logfm0p925.json,runs/accdm/accdm_scan_highf_q5001_recovery_10core_v1/fits/accdm_logm11p8571428571429_logfm0p925.json
11.8571428571|-0.9250000000,upper_grid,theory,high_q5001_recovery_10core,/home/2/ks405818/Master/lyalpha_one_loop/runs/accdm/accdm_scan_highf_q5001_recovery_10core_v1/theory/accdm_logm11p8571428571429_logfm0p925.npz,runs/accdm/accdm_scan_highf_q5001_recovery_10core_v1/theory/accdm_logm11p8571428571429_logfm0p925.npz
12.0000000000|-0.9250000000,upper_grid,fit,high_q5001_recovery_10core,/home/2/ks405818/Master/lyalpha_one_loop/runs/accdm/accdm_scan_highf_q5001_recovery_10core_v1/fits/accdm_logm12_logfm0p925.json,runs/accdm/accdm_scan_highf_q5001_recovery_10core_v1/fits/accdm_logm12_logfm0p925.json
12.0000000000|-0.9250000000,upper_grid,theory,high_q5001_recovery_10core,/home/2/ks405818/Master/lyalpha_one_loop/runs/accdm/accdm_scan_highf_q5001_recovery_10core_v1/theory/accdm_logm12_logfm0p925.npz,runs/accdm/accdm_scan_highf_q5001_recovery_10core_v1/theory/accdm_logm12_logfm0p925.npz
12.1428571429|-0.9250000000,upper_grid,fit,high_q5001_recovery_10core,/home/2/ks405818/Master/lyalpha_one_loop/runs/accdm/accdm_scan_highf_q5001_recovery_10core_v1/fits/accdm_logm12p1428571428571_logfm0p925.json,runs/accdm/accdm_scan_highf_q5001_recovery_10core_v1/fits/accdm_logm12p1428571428571_logfm0p925.json
12.1428571429|-0.9250000000,upper_grid,theory,high_q5001_recovery_10core,/home/2/ks405818/Master/lyalpha_one_loop/runs/accdm/accdm_scan_highf_q5001_recovery_10core_v1/theory/accdm_logm12p1428571428571_logfm0p925.npz,runs/accdm/accdm_scan_highf_q5001_recovery_10core_v1/theory/accdm_logm12p1428571428571_logfm0p925.npz
12.2857142857|-0.9250000000,upper_grid,fit,high_q5001_recovery_10core,/home/2/ks405818/Master/lyalpha_one_loop/runs/accdm/accdm_scan_highf_q5001_recovery_10core_v1/fits/accdm_logm12p2857142857143_logfm0p925.json,runs/accdm/accdm_scan_highf_q5001_recovery_10core_v1/fits/accdm_logm12p2857142857143_logfm0p925.json
12.2857142857|-0.9250000000,upper_grid,theory,high_q5001_recovery_10core,/home/2/ks405818/Master/lyalpha_one_loop/runs/accdm/accdm_scan_highf_q5001_recovery_10core_v1/theory/accdm_logm12p2857142857143_logfm0p925.npz,runs/accdm/accdm_scan_highf_q5001_recovery_10core_v1/theory/accdm_logm12p2857142857143_logfm0p925.npz
12.4285714286|-0.9250000000,upper_grid,fit,high_q5001_recovery_10core,/home/2/ks405818/Master/lyalpha_one_loop/runs/accdm/accdm_scan_highf_q5001_recovery_10core_v1/fits/accdm_logm12p4285714285714_logfm0p925.json,runs/accdm/accdm_scan_highf_q5001_recovery_10core_v1/fits/accdm_logm12p4285714285714_logfm0p925.json
12.4285714286|-0.9250000000,upper_grid,theory,high_q5001_recovery_10core,/home/2/ks405818/Master/lyalpha_one_loop/runs/accdm/accdm_scan_highf_q5001_recovery_10core_v1/theory/accdm_logm12p4285714285714_logfm0p925.npz,runs/accdm/accdm_scan_highf_q5001_recovery_10core_v1/theory/accdm_logm12p4285714285714_logfm0p925.npz
12.5714285714|-0.9250000000,upper_grid,fit,high_q5001_recovery_10core,/home/2/ks405818/Master/lyalpha_one_loop/runs/accdm/accdm_scan_highf_q5001_recovery_10core_v1/fits/accdm_logm12p5714285714286_logfm0p925.json,runs/accdm/accdm_scan_highf_q5001_recovery_10core_v1/fits/accdm_logm12p5714285714286_logfm0p925.json
12.5714285714|-0.9250000000,upper_grid,theory,high_q5001_recovery_10core,/home/2/ks405818/Master/lyalpha_one_loop/runs/accdm/accdm_scan_highf_q5001_recovery_10core_v1/theory/accdm_logm12p5714285714286_logfm0p925.npz,runs/accdm/accdm_scan_highf_q5001_recovery_10core_v1/theory/accdm_logm12p5714285714286_logfm0p925.npz
12.7142857143|-0.9250000000,upper_grid,fit,high_q5001_recovery_10core,/home/2/ks405818/Master/lyalpha_one_loop/runs/accdm/accdm_scan_highf_q5001_recovery_10core_v1/fits/accdm_logm12p7142857142857_logfm0p925.json,runs/accdm/accdm_scan_highf_q5001_recovery_10core_v1/fits/accdm_logm12p7142857142857_logfm0p925.json
12.7142857143|-0.9250000000,upper_grid,theory,high_q5001_recovery_10core,/home/2/ks405818/Master/lyalpha_one_loop/runs/accdm/accdm_scan_highf_q5001_recovery_10core_v1/theory/accdm_logm12p7142857142857_logfm0p925.npz,runs/accdm/accdm_scan_highf_q5001_recovery_10core_v1/theory/accdm_logm12p7142857142857_logfm0p925.npz
12.8571428571|-0.9250000000,upper_grid,fit,high_q5001_recovery_10core,/home/2/ks405818/Master/lyalpha_one_loop/runs/accdm/accdm_scan_highf_q5001_recovery_10core_v1/fits/accdm_logm12p8571428571429_logfm0p925.json,runs/accdm/accdm_scan_highf_q5001_recovery_10core_v1/fits/accdm_logm12p8571428571429_logfm0p925.json
12.8571428571|-0.9250000000,upper_grid,theory,high_q5001_recovery_10core,/home/2/ks405818/Master/lyalpha_one_loop/runs/accdm/accdm_scan_highf_q5001_recovery_10core_v1/theory/accdm_logm12p8571428571429_logfm0p925.npz,runs/accdm/accdm_scan_highf_q5001_recovery_10core_v1/theory/accdm_logm12p8571428571429_logfm0p925.npz
13.0000000000|-0.9250000000,upper_grid,fit,high_q5001_recovery_10core,/home/2/ks405818/Master/lyalpha_one_loop/runs/accdm/accdm_scan_highf_q5001_recovery_10core_v1/fits/accdm_logm13_logfm0p925.json,runs/accdm/accdm_scan_highf_q5001_recovery_10core_v1/fits/accdm_logm13_logfm0p925.json
13.0000000000|-0.9250000000,upper_grid,theory,high_q5001_recovery_10core,/home/2/ks405818/Master/lyalpha_one_loop/runs/accdm/accdm_scan_highf_q5001_recovery_10core_v1/theory/accdm_logm13_logfm0p925.npz,runs/accdm/accdm_scan_highf_q5001_recovery_10core_v1/theory/accdm_logm13_logfm0p925.npz
13.1428571429|-0.9250000000,upper_grid,fit,high_q5001_recovery_10core,/home/2/ks405818/Master/lyalpha_one_loop/runs/accdm/accdm_scan_highf_q5001_recovery_10core_v1/fits/accdm_logm13p1428571428571_logfm0p925.json,runs/accdm/accdm_scan_highf_q5001_recovery_10core_v1/fits/accdm_logm13p1428571428571_logfm0p925.json
13.1428571429|-0.9250000000,upper_grid,theory,high_q5001_recovery_10core,/home/2/ks405818/Master/lyalpha_one_loop/runs/accdm/accdm_scan_highf_q5001_recovery_10core_v1/theory/accdm_logm13p1428571428571_logfm0p925.npz,runs/accdm/accdm_scan_highf_q5001_recovery_10core_v1/theory/accdm_logm13p1428571428571_logfm0p925.npz
13.2857142857|-0.9250000000,upper_grid,fit,high_q5001_recovery_10core,/home/2/ks405818/Master/lyalpha_one_loop/runs/accdm/accdm_scan_highf_q5001_recovery_10core_v1/fits/accdm_logm13p2857142857143_logfm0p925.json,runs/accdm/accdm_scan_highf_q5001_recovery_10core_v1/fits/accdm_logm13p2857142857143_logfm0p925.json
13.2857142857|-0.9250000000,upper_grid,theory,high_q5001_recovery_10core,/home/2/ks405818/Master/lyalpha_one_loop/runs/accdm/accdm_scan_highf_q5001_recovery_10core_v1/theory/accdm_logm13p2857142857143_logfm0p925.npz,runs/accdm/accdm_scan_highf_q5001_recovery_10core_v1/theory/accdm_logm13p2857142857143_logfm0p925.npz
13.4285714286|-0.9250000000,upper_grid,fit,high_q5001_recovery_10core,/home/2/ks405818/Master/lyalpha_one_loop/runs/accdm/accdm_scan_highf_q5001_recovery_10core_v1/fits/accdm_logm13p4285714285714_logfm0p925.json,runs/accdm/accdm_scan_highf_q5001_recovery_10core_v1/fits/accdm_logm13p4285714285714_logfm0p925.json
13.4285714286|-0.9250000000,upper_grid,theory,high_q5001_recovery_10core,/home/2/ks405818/Master/lyalpha_one_loop/runs/accdm/accdm_scan_highf_q5001_recovery_10core_v1/theory/accdm_logm13p4285714285714_logfm0p925.npz,runs/accdm/accdm_scan_highf_q5001_recovery_10core_v1/theory/accdm_logm13p4285714285714_logfm0p925.npz
13.5714285714|-0.9250000000,upper_grid,fit,high_q5001_recovery_10core,/home/2/ks405818/Master/lyalpha_one_loop/runs/accdm/accdm_scan_highf_q5001_recovery_10core_v1/fits/accdm_logm13p5714285714286_logfm0p925.json,runs/accdm/accdm_scan_highf_q5001_recovery_10core_v1/fits/accdm_logm13p5714285714286_logfm0p925.json
13.5714285714|-0.9250000000,upper_grid,theory,high_q5001_recovery_10core,/home/2/ks405818/Master/lyalpha_one_loop/runs/accdm/accdm_scan_highf_q5001_recovery_10core_v1/theory/accdm_logm13p5714285714286_logfm0p925.npz,runs/accdm/accdm_scan_highf_q5001_recovery_10core_v1/theory/accdm_logm13p5714285714286_logfm0p925.npz
13.7142857143|-0.9250000000,upper_grid,fit,high_q5001_recovery_10core,/home/2/ks405818/Master/lyalpha_one_loop/runs/accdm/accdm_scan_highf_q5001_recovery_10core_v1/fits/accdm_logm13p7142857142857_logfm0p925.json,runs/accdm/accdm_scan_highf_q5001_recovery_10core_v1/fits/accdm_logm13p7142857142857_logfm0p925.json
13.7142857143|-0.9250000000,upper_grid,theory,high_q5001_recovery_10core,/home/2/ks405818/Master/lyalpha_one_loop/runs/accdm/accdm_scan_highf_q5001_recovery_10core_v1/theory/accdm_logm13p7142857142857_logfm0p925.npz,runs/accdm/accdm_scan_highf_q5001_recovery_10core_v1/theory/accdm_logm13p7142857142857_logfm0p925.npz
13.8571428571|-0.9250000000,upper_grid,fit,high_q5001_recovery_10core,/home/2/ks405818/Master/lyalpha_one_loop/runs/accdm/accdm_scan_highf_q5001_recovery_10core_v1/fits/accdm_logm13p8571428571429_logfm0p925.json,runs/accdm/accdm_scan_highf_q5001_recovery_10core_v1/fits/accdm_logm13p8571428571429_logfm0p925.json
13.8571428571|-0.9250000000,upper_grid,theory,high_q5001_recovery_10core,/home/2/ks405818/Master/lyalpha_one_loop/runs/accdm/accdm_scan_highf_q5001_recovery_10core_v1/theory/accdm_logm13p8571428571429_logfm0p925.npz,runs/accdm/accdm_scan_highf_q5001_recovery_10core_v1/theory/accdm_logm13p8571428571429_logfm0p925.npz
14.0000000000|-0.9250000000,upper_grid,fit,high_q5001_recovery_10core,/home/2/ks405818/Master/lyalpha_one_loop/runs/accdm/accdm_scan_highf_q5001_recovery_10core_v1/fits/accdm_logm14_logfm0p925.json,runs/accdm/accdm_scan_highf_q5001_recovery_10core_v1/fits/accdm_logm14_logfm0p925.json
14.0000000000|-0.9250000000,upper_grid,theory,high_q5001_recovery_10core,/home/2/ks405818/Master/lyalpha_one_loop/runs/accdm/accdm_scan_highf_q5001_recovery_10core_v1/theory/accdm_logm14_logfm0p925.npz,runs/accdm/accdm_scan_highf_q5001_recovery_10core_v1/theory/accdm_logm14_logfm0p925.npz
14.1428571429|-0.9250000000,upper_grid,fit,high_q5001_recovery_10core,/home/2/ks405818/Master/lyalpha_one_loop/runs/accdm/accdm_scan_highf_q5001_recovery_10core_v1/fits/accdm_logm14p1428571428571_logfm0p925.json,runs/accdm/accdm_scan_highf_q5001_recovery_10core_v1/fits/accdm_logm14p1428571428571_logfm0p925.json
14.1428571429|-0.9250000000,upper_grid,theory,high_q5001_recovery_10core,/home/2/ks405818/Master/lyalpha_one_loop/runs/accdm/accdm_scan_highf_q5001_recovery_10core_v1/theory/accdm_logm14p1428571428571_logfm0p925.npz,runs/accdm/accdm_scan_highf_q5001_recovery_10core_v1/theory/accdm_logm14p1428571428571_logfm0p925.npz
14.2857142857|-0.9250000000,upper_grid,fit,high_q5001_recovery_10core,/home/2/ks405818/Master/lyalpha_one_loop/runs/accdm/accdm_scan_highf_q5001_recovery_10core_v1/fits/accdm_logm14p2857142857143_logfm0p925.json,runs/accdm/accdm_scan_highf_q5001_recovery_10core_v1/fits/accdm_logm14p2857142857143_logfm0p925.json
14.2857142857|-0.9250000000,upper_grid,theory,high_q5001_recovery_10core,/home/2/ks405818/Master/lyalpha_one_loop/runs/accdm/accdm_scan_highf_q5001_recovery_10core_v1/theory/accdm_logm14p2857142857143_logfm0p925.npz,runs/accdm/accdm_scan_highf_q5001_recovery_10core_v1/theory/accdm_logm14p2857142857143_logfm0p925.npz
14.4285714286|-0.9250000000,upper_grid,fit,high_q5001_recovery_10core,/home/2/ks405818/Master/lyalpha_one_loop/runs/accdm/accdm_scan_highf_q5001_recovery_10core_v1/fits/accdm_logm14p4285714285714_logfm0p925.json,runs/accdm/accdm_scan_highf_q5001_recovery_10core_v1/fits/accdm_logm14p4285714285714_logfm0p925.json
14.4285714286|-0.9250000000,upper_grid,theory,high_q5001_recovery_10core,/home/2/ks405818/Master/lyalpha_one_loop/runs/accdm/accdm_scan_highf_q5001_recovery_10core_v1/theory/accdm_logm14p4285714285714_logfm0p925.npz,runs/accdm/accdm_scan_highf_q5001_recovery_10core_v1/theory/accdm_logm14p4285714285714_logfm0p925.npz
14.5714285714|-0.9250000000,upper_grid,fit,high_q5001_recovery_10core,/home/2/ks405818/Master/lyalpha_one_loop/runs/accdm/accdm_scan_highf_q5001_recovery_10core_v1/fits/accdm_logm14p5714285714286_logfm0p925.json,runs/accdm/accdm_scan_highf_q5001_recovery_10core_v1/fits/accdm_logm14p5714285714286_logfm0p925.json
14.5714285714|-0.9250000000,upper_grid,theory,high_q5001_recovery_10core,/home/2/ks405818/Master/lyalpha_one_loop/runs/accdm/accdm_scan_highf_q5001_recovery_10core_v1/theory/accdm_logm14p5714285714286_logfm0p925.npz,runs/accdm/accdm_scan_highf_q5001_recovery_10core_v1/theory/accdm_logm14p5714285714286_logfm0p925.npz
14.7142857143|-0.9250000000,upper_grid,fit,high_q5001_recovery_10core,/home/2/ks405818/Master/lyalpha_one_loop/runs/accdm/accdm_scan_highf_q5001_recovery_10core_v1/fits/accdm_logm14p7142857142857_logfm0p925.json,runs/accdm/accdm_scan_highf_q5001_recovery_10core_v1/fits/accdm_logm14p7142857142857_logfm0p925.json
14.7142857143|-0.9250000000,upper_grid,theory,high_q5001_recovery_10core,/home/2/ks405818/Master/lyalpha_one_loop/runs/accdm/accdm_scan_highf_q5001_recovery_10core_v1/theory/accdm_logm14p7142857142857_logfm0p925.npz,runs/accdm/accdm_scan_highf_q5001_recovery_10core_v1/theory/accdm_logm14p7142857142857_logfm0p925.npz
14.8571428571|-0.9250000000,upper_grid,fit,high_q5001_recovery_10core,/home/2/ks405818/Master/lyalpha_one_loop/runs/accdm/accdm_scan_highf_q5001_recovery_10core_v1/fits/accdm_logm14p8571428571429_logfm0p925.json,runs/accdm/accdm_scan_highf_q5001_recovery_10core_v1/fits/accdm_logm14p8571428571429_logfm0p925.json
14.8571428571|-0.9250000000,upper_grid,theory,high_q5001_recovery_10core,/home/2/ks405818/Master/lyalpha_one_loop/runs/accdm/accdm_scan_highf_q5001_recovery_10core_v1/theory/accdm_logm14p8571428571429_logfm0p925.npz,runs/accdm/accdm_scan_highf_q5001_recovery_10core_v1/theory/accdm_logm14p8571428571429_logfm0p925.npz
15.0000000000|-0.9250000000,upper_grid,fit,high_q5001_recovery_10core,/home/2/ks405818/Master/lyalpha_one_loop/runs/accdm/accdm_scan_highf_q5001_recovery_10core_v1/fits/accdm_logm15_logfm0p925.json,runs/accdm/accdm_scan_highf_q5001_recovery_10core_v1/fits/accdm_logm15_logfm0p925.json
15.0000000000|-0.9250000000,upper_grid,theory,high_q5001_recovery_10core,/home/2/ks405818/Master/lyalpha_one_loop/runs/accdm/accdm_scan_highf_q5001_recovery_10core_v1/theory/accdm_logm15_logfm0p925.npz,runs/accdm/accdm_scan_highf_q5001_recovery_10core_v1/theory/accdm_logm15_logfm0p925.npz
15.1428571429|-0.9250000000,upper_grid,fit,high_q5001_recovery_10core,/home/2/ks405818/Master/lyalpha_one_loop/runs/accdm/accdm_scan_highf_q5001_recovery_10core_v1/fits/accdm_logm15p1428571428571_logfm0p925.json,runs/accdm/accdm_scan_highf_q5001_recovery_10core_v1/fits/accdm_logm15p1428571428571_logfm0p925.json
15.1428571429|-0.9250000000,upper_grid,theory,high_q5001_recovery_10core,/home/2/ks405818/Master/lyalpha_one_loop/runs/accdm/accdm_scan_highf_q5001_recovery_10core_v1/theory/accdm_logm15p1428571428571_logfm0p925.npz,runs/accdm/accdm_scan_highf_q5001_recovery_10core_v1/theory/accdm_logm15p1428571428571_logfm0p925.npz
15.2857142857|-0.9250000000,upper_grid,fit,high_q5001_recovery_10core,/home/2/ks405818/Master/lyalpha_one_loop/runs/accdm/accdm_scan_highf_q5001_recovery_10core_v1/fits/accdm_logm15p2857142857143_logfm0p925.json,runs/accdm/accdm_scan_highf_q5001_recovery_10core_v1/fits/accdm_logm15p2857142857143_logfm0p925.json
15.2857142857|-0.9250000000,upper_grid,theory,high_q5001_recovery_10core,/home/2/ks405818/Master/lyalpha_one_loop/runs/accdm/accdm_scan_highf_q5001_recovery_10core_v1/theory/accdm_logm15p2857142857143_logfm0p925.npz,runs/accdm/accdm_scan_highf_q5001_recovery_10core_v1/theory/accdm_logm15p2857142857143_logfm0p925.npz
15.4285714286|-0.9250000000,upper_grid,fit,high_q5001_recovery_10core,/home/2/ks405818/Master/lyalpha_one_loop/runs/accdm/accdm_scan_highf_q5001_recovery_10core_v1/fits/accdm_logm15p4285714285714_logfm0p925.json,runs/accdm/accdm_scan_highf_q5001_recovery_10core_v1/fits/accdm_logm15p4285714285714_logfm0p925.json
15.4285714286|-0.9250000000,upper_grid,theory,high_q5001_recovery_10core,/home/2/ks405818/Master/lyalpha_one_loop/runs/accdm/accdm_scan_highf_q5001_recovery_10core_v1/theory/accdm_logm15p4285714285714_logfm0p925.npz,runs/accdm/accdm_scan_highf_q5001_recovery_10core_v1/theory/accdm_logm15p4285714285714_logfm0p925.npz
15.5714285714|-0.9250000000,upper_grid,fit,high_q5001_recovery_10core,/home/2/ks405818/Master/lyalpha_one_loop/runs/accdm/accdm_scan_highf_q5001_recovery_10core_v1/fits/accdm_logm15p5714285714286_logfm0p925.json,runs/accdm/accdm_scan_highf_q5001_recovery_10core_v1/fits/accdm_logm15p5714285714286_logfm0p925.json
15.5714285714|-0.9250000000,upper_grid,theory,high_q5001_recovery_10core,/home/2/ks405818/Master/lyalpha_one_loop/runs/accdm/accdm_scan_highf_q5001_recovery_10core_v1/theory/accdm_logm15p5714285714286_logfm0p925.npz,runs/accdm/accdm_scan_highf_q5001_recovery_10core_v1/theory/accdm_logm15p5714285714286_logfm0p925.npz
15.7142857143|-0.9250000000,upper_grid,fit,high_q5001_recovery_10core,/home/2/ks405818/Master/lyalpha_one_loop/runs/accdm/accdm_scan_highf_q5001_recovery_10core_v1/fits/accdm_logm15p7142857142857_logfm0p925.json,runs/accdm/accdm_scan_highf_q5001_recovery_10core_v1/fits/accdm_logm15p7142857142857_logfm0p925.json
15.7142857143|-0.9250000000,upper_grid,theory,high_q5001_recovery_10core,/home/2/ks405818/Master/lyalpha_one_loop/runs/accdm/accdm_scan_highf_q5001_recovery_10core_v1/theory/accdm_logm15p7142857142857_logfm0p925.npz,runs/accdm/accdm_scan_highf_q5001_recovery_10core_v1/theory/accdm_logm15p7142857142857_logfm0p925.npz
15.8571428571|-0.9250000000,upper_grid,fit,high_q5001_recovery_10core,/home/2/ks405818/Master/lyalpha_one_loop/runs/accdm/accdm_scan_highf_q5001_recovery_10core_v1/fits/accdm_logm15p8571428571429_logfm0p925.json,runs/accdm/accdm_scan_highf_q5001_recovery_10core_v1/fits/accdm_logm15p8571428571429_logfm0p925.json
15.8571428571|-0.9250000000,upper_grid,theory,high_q5001_recovery_10core,/home/2/ks405818/Master/lyalpha_one_loop/runs/accdm/accdm_scan_highf_q5001_recovery_10core_v1/theory/accdm_logm15p8571428571429_logfm0p925.npz,runs/accdm/accdm_scan_highf_q5001_recovery_10core_v1/theory/accdm_logm15p8571428571429_logfm0p925.npz
16.0000000000|-0.9250000000,upper_grid,fit,high_q5001_recovery_10core,/home/2/ks405818/Master/lyalpha_one_loop/runs/accdm/accdm_scan_highf_q5001_recovery_10core_v1/fits/accdm_logm16_logfm0p925.json,runs/accdm/accdm_scan_highf_q5001_recovery_10core_v1/fits/accdm_logm16_logfm0p925.json
16.0000000000|-0.9250000000,upper_grid,theory,high_q5001_recovery_10core,/home/2/ks405818/Master/lyalpha_one_loop/runs/accdm/accdm_scan_highf_q5001_recovery_10core_v1/theory/accdm_logm16_logfm0p925.npz,runs/accdm/accdm_scan_highf_q5001_recovery_10core_v1/theory/accdm_logm16_logfm0p925.npz
16.1428571429|-0.9250000000,upper_grid,fit,high_q5001_recovery_10core,/home/2/ks405818/Master/lyalpha_one_loop/runs/accdm/accdm_scan_highf_q5001_recovery_10core_v1/fits/accdm_logm16p1428571428571_logfm0p925.json,runs/accdm/accdm_scan_highf_q5001_recovery_10core_v1/fits/accdm_logm16p1428571428571_logfm0p925.json
16.1428571429|-0.9250000000,upper_grid,theory,high_q5001_recovery_10core,/home/2/ks405818/Master/lyalpha_one_loop/runs/accdm/accdm_scan_highf_q5001_recovery_10core_v1/theory/accdm_logm16p1428571428571_logfm0p925.npz,runs/accdm/accdm_scan_highf_q5001_recovery_10core_v1/theory/accdm_logm16p1428571428571_logfm0p925.npz
16.2857142857|-0.9250000000,upper_grid,fit,high_q5001_recovery_10core,/home/2/ks405818/Master/lyalpha_one_loop/runs/accdm/accdm_scan_highf_q5001_recovery_10core_v1/fits/accdm_logm16p2857142857143_logfm0p925.json,runs/accdm/accdm_scan_highf_q5001_recovery_10core_v1/fits/accdm_logm16p2857142857143_logfm0p925.json
16.2857142857|-0.9250000000,upper_grid,theory,high_q5001_recovery_10core,/home/2/ks405818/Master/lyalpha_one_loop/runs/accdm/accdm_scan_highf_q5001_recovery_10core_v1/theory/accdm_logm16p2857142857143_logfm0p925.npz,runs/accdm/accdm_scan_highf_q5001_recovery_10core_v1/theory/accdm_logm16p2857142857143_logfm0p925.npz
16.4285714286|-0.9250000000,upper_grid,fit,high_q5001_recovery_10core,/home/2/ks405818/Master/lyalpha_one_loop/runs/accdm/accdm_scan_highf_q5001_recovery_10core_v1/fits/accdm_logm16p4285714285714_logfm0p925.json,runs/accdm/accdm_scan_highf_q5001_recovery_10core_v1/fits/accdm_logm16p4285714285714_logfm0p925.json
16.4285714286|-0.9250000000,upper_grid,theory,high_q5001_recovery_10core,/home/2/ks405818/Master/lyalpha_one_loop/runs/accdm/accdm_scan_highf_q5001_recovery_10core_v1/theory/accdm_logm16p4285714285714_logfm0p925.npz,runs/accdm/accdm_scan_highf_q5001_recovery_10core_v1/theory/accdm_logm16p4285714285714_logfm0p925.npz
16.5714285714|-0.9250000000,upper_grid,fit,high_q5001_recovery_10core,/home/2/ks405818/Master/lyalpha_one_loop/runs/accdm/accdm_scan_highf_q5001_recovery_10core_v1/fits/accdm_logm16p5714285714286_logfm0p925.json,runs/accdm/accdm_scan_highf_q5001_recovery_10core_v1/fits/accdm_logm16p5714285714286_logfm0p925.json
16.5714285714|-0.9250000000,upper_grid,theory,high_q5001_recovery_10core,/home/2/ks405818/Master/lyalpha_one_loop/runs/accdm/accdm_scan_highf_q5001_recovery_10core_v1/theory/accdm_logm16p5714285714286_logfm0p925.npz,runs/accdm/accdm_scan_highf_q5001_recovery_10core_v1/theory/accdm_logm16p5714285714286_logfm0p925.npz
16.7142857143|-0.9250000000,upper_grid,fit,high_q5001_recovery_10core,/home/2/ks405818/Master/lyalpha_one_loop/runs/accdm/accdm_scan_highf_q5001_recovery_10core_v1/fits/accdm_logm16p7142857142857_logfm0p925.json,runs/accdm/accdm_scan_highf_q5001_recovery_10core_v1/fits/accdm_logm16p7142857142857_logfm0p925.json
16.7142857143|-0.9250000000,upper_grid,theory,high_q5001_recovery_10core,/home/2/ks405818/Master/lyalpha_one_loop/runs/accdm/accdm_scan_highf_q5001_recovery_10core_v1/theory/accdm_logm16p7142857142857_logfm0p925.npz,runs/accdm/accdm_scan_highf_q5001_recovery_10core_v1/theory/accdm_logm16p7142857142857_logfm0p925.npz
16.8571428571|-0.9250000000,upper_grid,fit,high_q5001_recovery_10core,/home/2/ks405818/Master/lyalpha_one_loop/runs/accdm/accdm_scan_highf_q5001_recovery_10core_v1/fits/accdm_logm16p8571428571429_logfm0p925.json,runs/accdm/accdm_scan_highf_q5001_recovery_10core_v1/fits/accdm_logm16p8571428571429_logfm0p925.json
16.8571428571|-0.9250000000,upper_grid,theory,high_q5001_recovery_10core,/home/2/ks405818/Master/lyalpha_one_loop/runs/accdm/accdm_scan_highf_q5001_recovery_10core_v1/theory/accdm_logm16p8571428571429_logfm0p925.npz,runs/accdm/accdm_scan_highf_q5001_recovery_10core_v1/theory/accdm_logm16p8571428571429_logfm0p925.npz
17.0000000000|-0.9250000000,upper_grid,fit,high_q5001_recovery_10core,/home/2/ks405818/Master/lyalpha_one_loop/runs/accdm/accdm_scan_highf_q5001_recovery_10core_v1/fits/accdm_logm17_logfm0p925.json,runs/accdm/accdm_scan_highf_q5001_recovery_10core_v1/fits/accdm_logm17_logfm0p925.json
17.0000000000|-0.9250000000,upper_grid,theory,high_q5001_recovery_10core,/home/2/ks405818/Master/lyalpha_one_loop/runs/accdm/accdm_scan_highf_q5001_recovery_10core_v1/theory/accdm_logm17_logfm0p925.npz,runs/accdm/accdm_scan_highf_q5001_recovery_10core_v1/theory/accdm_logm17_logfm0p925.npz
17.1428571429|-0.9250000000,upper_grid,fit,high_q5001_recovery_10core,/home/2/ks405818/Master/lyalpha_one_loop/runs/accdm/accdm_scan_highf_q5001_recovery_10core_v1/fits/accdm_logm17p1428571428571_logfm0p925.json,runs/accdm/accdm_scan_highf_q5001_recovery_10core_v1/fits/accdm_logm17p1428571428571_logfm0p925.json
17.1428571429|-0.9250000000,upper_grid,theory,high_q5001_recovery_10core,/home/2/ks405818/Master/lyalpha_one_loop/runs/accdm/accdm_scan_highf_q5001_recovery_10core_v1/theory/accdm_logm17p1428571428571_logfm0p925.npz,runs/accdm/accdm_scan_highf_q5001_recovery_10core_v1/theory/accdm_logm17p1428571428571_logfm0p925.npz
17.2857142857|-0.9250000000,upper_grid,fit,high_q5001_recovery_10core,/home/2/ks405818/Master/lyalpha_one_loop/runs/accdm/accdm_scan_highf_q5001_recovery_10core_v1/fits/accdm_logm17p2857142857143_logfm0p925.json,runs/accdm/accdm_scan_highf_q5001_recovery_10core_v1/fits/accdm_logm17p2857142857143_logfm0p925.json
17.2857142857|-0.9250000000,upper_grid,theory,high_q5001_recovery_10core,/home/2/ks405818/Master/lyalpha_one_loop/runs/accdm/accdm_scan_highf_q5001_recovery_10core_v1/theory/accdm_logm17p2857142857143_logfm0p925.npz,runs/accdm/accdm_scan_highf_q5001_recovery_10core_v1/theory/accdm_logm17p2857142857143_logfm0p925.npz
17.4285714286|-0.9250000000,upper_grid,fit,high_q5001_recovery_10core,/home/2/ks405818/Master/lyalpha_one_loop/runs/accdm/accdm_scan_highf_q5001_recovery_10core_v1/fits/accdm_logm17p4285714285714_logfm0p925.json,runs/accdm/accdm_scan_highf_q5001_recovery_10core_v1/fits/accdm_logm17p4285714285714_logfm0p925.json
17.4285714286|-0.9250000000,upper_grid,theory,high_q5001_recovery_10core,/home/2/ks405818/Master/lyalpha_one_loop/runs/accdm/accdm_scan_highf_q5001_recovery_10core_v1/theory/accdm_logm17p4285714285714_logfm0p925.npz,runs/accdm/accdm_scan_highf_q5001_recovery_10core_v1/theory/accdm_logm17p4285714285714_logfm0p925.npz
17.5714285714|-0.9250000000,upper_grid,fit,high_q5001_original,/home/2/ks405818/Master/lyalpha_one_loop/runs/accdm/accdm_scan_highf_q5001_v1/fits/accdm_logm17p5714285714286_logfm0p925.json,runs/accdm/accdm_scan_highf_q5001_v1/fits/accdm_logm17p5714285714286_logfm0p925.json
17.5714285714|-0.9250000000,upper_grid,theory,high_q5001_original,/home/2/ks405818/Master/lyalpha_one_loop/runs/accdm/accdm_scan_highf_q5001_v1/theory/accdm_logm17p5714285714286_logfm0p925.npz,runs/accdm/accdm_scan_highf_q5001_v1/theory/accdm_logm17p5714285714286_logfm0p925.npz
17.7142857143|-0.9250000000,upper_grid,fit,high_q5001_original,/home/2/ks405818/Master/lyalpha_one_loop/runs/accdm/accdm_scan_highf_q5001_v1/fits/accdm_logm17p7142857142857_logfm0p925.json,runs/accdm/accdm_scan_highf_q5001_v1/fits/accdm_logm17p7142857142857_logfm0p925.json
17.7142857143|-0.9250000000,upper_grid,theory,high_q5001_original,/home/2/ks405818/Master/lyalpha_one_loop/runs/accdm/accdm_scan_highf_q5001_v1/theory/accdm_logm17p7142857142857_logfm0p925.npz,runs/accdm/accdm_scan_highf_q5001_v1/theory/accdm_logm17p7142857142857_logfm0p925.npz
17.8571428571|-0.9250000000,upper_grid,fit,high_q5001_original,/home/2/ks405818/Master/lyalpha_one_loop/runs/accdm/accdm_scan_highf_q5001_v1/fits/accdm_logm17p8571428571429_logfm0p925.json,runs/accdm/accdm_scan_highf_q5001_v1/fits/accdm_logm17p8571428571429_logfm0p925.json
17.8571428571|-0.9250000000,upper_grid,theory,high_q5001_original,/home/2/ks405818/Master/lyalpha_one_loop/runs/accdm/accdm_scan_highf_q5001_v1/theory/accdm_logm17p8571428571429_logfm0p925.npz,runs/accdm/accdm_scan_highf_q5001_v1/theory/accdm_logm17p8571428571429_logfm0p925.npz
18.0000000000|-0.9250000000,upper_grid,fit,high_q5001_original,/home/2/ks405818/Master/lyalpha_one_loop/runs/accdm/accdm_scan_highf_q5001_v1/fits/accdm_logm18_logfm0p925.json,runs/accdm/accdm_scan_highf_q5001_v1/fits/accdm_logm18_logfm0p925.json
18.0000000000|-0.9250000000,upper_grid,theory,high_q5001_original,/home/2/ks405818/Master/lyalpha_one_loop/runs/accdm/accdm_scan_highf_q5001_v1/theory/accdm_logm18_logfm0p925.npz,runs/accdm/accdm_scan_highf_q5001_v1/theory/accdm_logm18_logfm0p925.npz
18.1428571429|-0.9250000000,upper_grid,fit,loweps_high_q5001,/home/2/ks405818/Master/lyalpha_one_loop/runs/accdm/accdm_scan_loweps_highf_q5001_v1/fits/accdm_logm18p1428571428571_logfm0p925.json,runs/accdm/accdm_scan_loweps_highf_q5001_v1/fits/accdm_logm18p1428571428571_logfm0p925.json
18.1428571429|-0.9250000000,upper_grid,theory,loweps_high_q5001,/home/2/ks405818/Master/lyalpha_one_loop/runs/accdm/accdm_scan_loweps_highf_q5001_v1/theory/accdm_logm18p1428571428571_logfm0p925.npz,runs/accdm/accdm_scan_loweps_highf_q5001_v1/theory/accdm_logm18p1428571428571_logfm0p925.npz
11.0000000000|-0.8500000000,upper_grid,fit,high_q5001_original,/home/2/ks405818/Master/lyalpha_one_loop/runs/accdm/accdm_scan_highf_q5001_v1/fits/accdm_logm11_logfm0p85.json,runs/accdm/accdm_scan_highf_q5001_v1/fits/accdm_logm11_logfm0p85.json
11.0000000000|-0.8500000000,upper_grid,theory,high_q5001_original,/home/2/ks405818/Master/lyalpha_one_loop/runs/accdm/accdm_scan_highf_q5001_v1/theory/accdm_logm11_logfm0p85.npz,runs/accdm/accdm_scan_highf_q5001_v1/theory/accdm_logm11_logfm0p85.npz
11.1428571429|-0.8500000000,upper_grid,fit,high_q5001_original,/home/2/ks405818/Master/lyalpha_one_loop/runs/accdm/accdm_scan_highf_q5001_v1/fits/accdm_logm11p1428571428571_logfm0p85.json,runs/accdm/accdm_scan_highf_q5001_v1/fits/accdm_logm11p1428571428571_logfm0p85.json
11.1428571429|-0.8500000000,upper_grid,theory,high_q5001_original,/home/2/ks405818/Master/lyalpha_one_loop/runs/accdm/accdm_scan_highf_q5001_v1/theory/accdm_logm11p1428571428571_logfm0p85.npz,runs/accdm/accdm_scan_highf_q5001_v1/theory/accdm_logm11p1428571428571_logfm0p85.npz
11.2857142857|-0.8500000000,upper_grid,fit,high_q5001_original,/home/2/ks405818/Master/lyalpha_one_loop/runs/accdm/accdm_scan_highf_q5001_v1/fits/accdm_logm11p2857142857143_logfm0p85.json,runs/accdm/accdm_scan_highf_q5001_v1/fits/accdm_logm11p2857142857143_logfm0p85.json
11.2857142857|-0.8500000000,upper_grid,theory,high_q5001_original,/home/2/ks405818/Master/lyalpha_one_loop/runs/accdm/accdm_scan_highf_q5001_v1/theory/accdm_logm11p2857142857143_logfm0p85.npz,runs/accdm/accdm_scan_highf_q5001_v1/theory/accdm_logm11p2857142857143_logfm0p85.npz
11.4285714286|-0.8500000000,upper_grid,fit,high_q5001_original,/home/2/ks405818/Master/lyalpha_one_loop/runs/accdm/accdm_scan_highf_q5001_v1/fits/accdm_logm11p4285714285714_logfm0p85.json,runs/accdm/accdm_scan_highf_q5001_v1/fits/accdm_logm11p4285714285714_logfm0p85.json
11.4285714286|-0.8500000000,upper_grid,theory,high_q5001_original,/home/2/ks405818/Master/lyalpha_one_loop/runs/accdm/accdm_scan_highf_q5001_v1/theory/accdm_logm11p4285714285714_logfm0p85.npz,runs/accdm/accdm_scan_highf_q5001_v1/theory/accdm_logm11p4285714285714_logfm0p85.npz
11.5714285714|-0.8500000000,upper_grid,fit,high_q5001_recovery_10core,/home/2/ks405818/Master/lyalpha_one_loop/runs/accdm/accdm_scan_highf_q5001_recovery_10core_v1/fits/accdm_logm11p5714285714286_logfm0p85.json,runs/accdm/accdm_scan_highf_q5001_recovery_10core_v1/fits/accdm_logm11p5714285714286_logfm0p85.json
11.5714285714|-0.8500000000,upper_grid,theory,high_q5001_recovery_10core,/home/2/ks405818/Master/lyalpha_one_loop/runs/accdm/accdm_scan_highf_q5001_recovery_10core_v1/theory/accdm_logm11p5714285714286_logfm0p85.npz,runs/accdm/accdm_scan_highf_q5001_recovery_10core_v1/theory/accdm_logm11p5714285714286_logfm0p85.npz
11.7142857143|-0.8500000000,upper_grid,fit,high_q5001_recovery_10core,/home/2/ks405818/Master/lyalpha_one_loop/runs/accdm/accdm_scan_highf_q5001_recovery_10core_v1/fits/accdm_logm11p7142857142857_logfm0p85.json,runs/accdm/accdm_scan_highf_q5001_recovery_10core_v1/fits/accdm_logm11p7142857142857_logfm0p85.json
11.7142857143|-0.8500000000,upper_grid,theory,high_q5001_recovery_10core,/home/2/ks405818/Master/lyalpha_one_loop/runs/accdm/accdm_scan_highf_q5001_recovery_10core_v1/theory/accdm_logm11p7142857142857_logfm0p85.npz,runs/accdm/accdm_scan_highf_q5001_recovery_10core_v1/theory/accdm_logm11p7142857142857_logfm0p85.npz
11.8571428571|-0.8500000000,upper_grid,fit,high_q5001_recovery_10core,/home/2/ks405818/Master/lyalpha_one_loop/runs/accdm/accdm_scan_highf_q5001_recovery_10core_v1/fits/accdm_logm11p8571428571429_logfm0p85.json,runs/accdm/accdm_scan_highf_q5001_recovery_10core_v1/fits/accdm_logm11p8571428571429_logfm0p85.json
11.8571428571|-0.8500000000,upper_grid,theory,high_q5001_recovery_10core,/home/2/ks405818/Master/lyalpha_one_loop/runs/accdm/accdm_scan_highf_q5001_recovery_10core_v1/theory/accdm_logm11p8571428571429_logfm0p85.npz,runs/accdm/accdm_scan_highf_q5001_recovery_10core_v1/theory/accdm_logm11p8571428571429_logfm0p85.npz
12.0000000000|-0.8500000000,upper_grid,fit,high_q5001_recovery_10core,/home/2/ks405818/Master/lyalpha_one_loop/runs/accdm/accdm_scan_highf_q5001_recovery_10core_v1/fits/accdm_logm12_logfm0p85.json,runs/accdm/accdm_scan_highf_q5001_recovery_10core_v1/fits/accdm_logm12_logfm0p85.json
12.0000000000|-0.8500000000,upper_grid,theory,high_q5001_recovery_10core,/home/2/ks405818/Master/lyalpha_one_loop/runs/accdm/accdm_scan_highf_q5001_recovery_10core_v1/theory/accdm_logm12_logfm0p85.npz,runs/accdm/accdm_scan_highf_q5001_recovery_10core_v1/theory/accdm_logm12_logfm0p85.npz
12.1428571429|-0.8500000000,upper_grid,fit,high_q5001_recovery_10core,/home/2/ks405818/Master/lyalpha_one_loop/runs/accdm/accdm_scan_highf_q5001_recovery_10core_v1/fits/accdm_logm12p1428571428571_logfm0p85.json,runs/accdm/accdm_scan_highf_q5001_recovery_10core_v1/fits/accdm_logm12p1428571428571_logfm0p85.json
12.1428571429|-0.8500000000,upper_grid,theory,high_q5001_recovery_10core,/home/2/ks405818/Master/lyalpha_one_loop/runs/accdm/accdm_scan_highf_q5001_recovery_10core_v1/theory/accdm_logm12p1428571428571_logfm0p85.npz,runs/accdm/accdm_scan_highf_q5001_recovery_10core_v1/theory/accdm_logm12p1428571428571_logfm0p85.npz
12.2857142857|-0.8500000000,upper_grid,fit,high_q5001_recovery_10core,/home/2/ks405818/Master/lyalpha_one_loop/runs/accdm/accdm_scan_highf_q5001_recovery_10core_v1/fits/accdm_logm12p2857142857143_logfm0p85.json,runs/accdm/accdm_scan_highf_q5001_recovery_10core_v1/fits/accdm_logm12p2857142857143_logfm0p85.json
12.2857142857|-0.8500000000,upper_grid,theory,high_q5001_recovery_10core,/home/2/ks405818/Master/lyalpha_one_loop/runs/accdm/accdm_scan_highf_q5001_recovery_10core_v1/theory/accdm_logm12p2857142857143_logfm0p85.npz,runs/accdm/accdm_scan_highf_q5001_recovery_10core_v1/theory/accdm_logm12p2857142857143_logfm0p85.npz
12.4285714286|-0.8500000000,upper_grid,fit,high_q5001_recovery_10core,/home/2/ks405818/Master/lyalpha_one_loop/runs/accdm/accdm_scan_highf_q5001_recovery_10core_v1/fits/accdm_logm12p4285714285714_logfm0p85.json,runs/accdm/accdm_scan_highf_q5001_recovery_10core_v1/fits/accdm_logm12p4285714285714_logfm0p85.json
12.4285714286|-0.8500000000,upper_grid,theory,high_q5001_recovery_10core,/home/2/ks405818/Master/lyalpha_one_loop/runs/accdm/accdm_scan_highf_q5001_recovery_10core_v1/theory/accdm_logm12p4285714285714_logfm0p85.npz,runs/accdm/accdm_scan_highf_q5001_recovery_10core_v1/theory/accdm_logm12p4285714285714_logfm0p85.npz
12.5714285714|-0.8500000000,upper_grid,fit,high_q5001_recovery_10core,/home/2/ks405818/Master/lyalpha_one_loop/runs/accdm/accdm_scan_highf_q5001_recovery_10core_v1/fits/accdm_logm12p5714285714286_logfm0p85.json,runs/accdm/accdm_scan_highf_q5001_recovery_10core_v1/fits/accdm_logm12p5714285714286_logfm0p85.json
12.5714285714|-0.8500000000,upper_grid,theory,high_q5001_recovery_10core,/home/2/ks405818/Master/lyalpha_one_loop/runs/accdm/accdm_scan_highf_q5001_recovery_10core_v1/theory/accdm_logm12p5714285714286_logfm0p85.npz,runs/accdm/accdm_scan_highf_q5001_recovery_10core_v1/theory/accdm_logm12p5714285714286_logfm0p85.npz
12.7142857143|-0.8500000000,upper_grid,fit,high_q5001_recovery_10core,/home/2/ks405818/Master/lyalpha_one_loop/runs/accdm/accdm_scan_highf_q5001_recovery_10core_v1/fits/accdm_logm12p7142857142857_logfm0p85.json,runs/accdm/accdm_scan_highf_q5001_recovery_10core_v1/fits/accdm_logm12p7142857142857_logfm0p85.json
12.7142857143|-0.8500000000,upper_grid,theory,high_q5001_recovery_10core,/home/2/ks405818/Master/lyalpha_one_loop/runs/accdm/accdm_scan_highf_q5001_recovery_10core_v1/theory/accdm_logm12p7142857142857_logfm0p85.npz,runs/accdm/accdm_scan_highf_q5001_recovery_10core_v1/theory/accdm_logm12p7142857142857_logfm0p85.npz
12.8571428571|-0.8500000000,upper_grid,fit,high_q5001_recovery_10core,/home/2/ks405818/Master/lyalpha_one_loop/runs/accdm/accdm_scan_highf_q5001_recovery_10core_v1/fits/accdm_logm12p8571428571429_logfm0p85.json,runs/accdm/accdm_scan_highf_q5001_recovery_10core_v1/fits/accdm_logm12p8571428571429_logfm0p85.json
12.8571428571|-0.8500000000,upper_grid,theory,high_q5001_recovery_10core,/home/2/ks405818/Master/lyalpha_one_loop/runs/accdm/accdm_scan_highf_q5001_recovery_10core_v1/theory/accdm_logm12p8571428571429_logfm0p85.npz,runs/accdm/accdm_scan_highf_q5001_recovery_10core_v1/theory/accdm_logm12p8571428571429_logfm0p85.npz
13.0000000000|-0.8500000000,upper_grid,fit,high_q5001_recovery_10core,/home/2/ks405818/Master/lyalpha_one_loop/runs/accdm/accdm_scan_highf_q5001_recovery_10core_v1/fits/accdm_logm13_logfm0p85.json,runs/accdm/accdm_scan_highf_q5001_recovery_10core_v1/fits/accdm_logm13_logfm0p85.json
13.0000000000|-0.8500000000,upper_grid,theory,high_q5001_recovery_10core,/home/2/ks405818/Master/lyalpha_one_loop/runs/accdm/accdm_scan_highf_q5001_recovery_10core_v1/theory/accdm_logm13_logfm0p85.npz,runs/accdm/accdm_scan_highf_q5001_recovery_10core_v1/theory/accdm_logm13_logfm0p85.npz
13.1428571429|-0.8500000000,upper_grid,fit,high_q5001_recovery_10core,/home/2/ks405818/Master/lyalpha_one_loop/runs/accdm/accdm_scan_highf_q5001_recovery_10core_v1/fits/accdm_logm13p1428571428571_logfm0p85.json,runs/accdm/accdm_scan_highf_q5001_recovery_10core_v1/fits/accdm_logm13p1428571428571_logfm0p85.json
13.1428571429|-0.8500000000,upper_grid,theory,high_q5001_recovery_10core,/home/2/ks405818/Master/lyalpha_one_loop/runs/accdm/accdm_scan_highf_q5001_recovery_10core_v1/theory/accdm_logm13p1428571428571_logfm0p85.npz,runs/accdm/accdm_scan_highf_q5001_recovery_10core_v1/theory/accdm_logm13p1428571428571_logfm0p85.npz
13.2857142857|-0.8500000000,upper_grid,fit,high_q5001_recovery_10core,/home/2/ks405818/Master/lyalpha_one_loop/runs/accdm/accdm_scan_highf_q5001_recovery_10core_v1/fits/accdm_logm13p2857142857143_logfm0p85.json,runs/accdm/accdm_scan_highf_q5001_recovery_10core_v1/fits/accdm_logm13p2857142857143_logfm0p85.json
13.2857142857|-0.8500000000,upper_grid,theory,high_q5001_recovery_10core,/home/2/ks405818/Master/lyalpha_one_loop/runs/accdm/accdm_scan_highf_q5001_recovery_10core_v1/theory/accdm_logm13p2857142857143_logfm0p85.npz,runs/accdm/accdm_scan_highf_q5001_recovery_10core_v1/theory/accdm_logm13p2857142857143_logfm0p85.npz
13.4285714286|-0.8500000000,upper_grid,fit,high_q5001_recovery_10core,/home/2/ks405818/Master/lyalpha_one_loop/runs/accdm/accdm_scan_highf_q5001_recovery_10core_v1/fits/accdm_logm13p4285714285714_logfm0p85.json,runs/accdm/accdm_scan_highf_q5001_recovery_10core_v1/fits/accdm_logm13p4285714285714_logfm0p85.json
13.4285714286|-0.8500000000,upper_grid,theory,high_q5001_recovery_10core,/home/2/ks405818/Master/lyalpha_one_loop/runs/accdm/accdm_scan_highf_q5001_recovery_10core_v1/theory/accdm_logm13p4285714285714_logfm0p85.npz,runs/accdm/accdm_scan_highf_q5001_recovery_10core_v1/theory/accdm_logm13p4285714285714_logfm0p85.npz
13.5714285714|-0.8500000000,upper_grid,fit,high_q5001_recovery_10core,/home/2/ks405818/Master/lyalpha_one_loop/runs/accdm/accdm_scan_highf_q5001_recovery_10core_v1/fits/accdm_logm13p5714285714286_logfm0p85.json,runs/accdm/accdm_scan_highf_q5001_recovery_10core_v1/fits/accdm_logm13p5714285714286_logfm0p85.json
13.5714285714|-0.8500000000,upper_grid,theory,high_q5001_recovery_10core,/home/2/ks405818/Master/lyalpha_one_loop/runs/accdm/accdm_scan_highf_q5001_recovery_10core_v1/theory/accdm_logm13p5714285714286_logfm0p85.npz,runs/accdm/accdm_scan_highf_q5001_recovery_10core_v1/theory/accdm_logm13p5714285714286_logfm0p85.npz
13.7142857143|-0.8500000000,upper_grid,fit,high_q5001_recovery_10core,/home/2/ks405818/Master/lyalpha_one_loop/runs/accdm/accdm_scan_highf_q5001_recovery_10core_v1/fits/accdm_logm13p7142857142857_logfm0p85.json,runs/accdm/accdm_scan_highf_q5001_recovery_10core_v1/fits/accdm_logm13p7142857142857_logfm0p85.json
13.7142857143|-0.8500000000,upper_grid,theory,high_q5001_recovery_10core,/home/2/ks405818/Master/lyalpha_one_loop/runs/accdm/accdm_scan_highf_q5001_recovery_10core_v1/theory/accdm_logm13p7142857142857_logfm0p85.npz,runs/accdm/accdm_scan_highf_q5001_recovery_10core_v1/theory/accdm_logm13p7142857142857_logfm0p85.npz
13.8571428571|-0.8500000000,upper_grid,fit,high_q5001_recovery_10core,/home/2/ks405818/Master/lyalpha_one_loop/runs/accdm/accdm_scan_highf_q5001_recovery_10core_v1/fits/accdm_logm13p8571428571429_logfm0p85.json,runs/accdm/accdm_scan_highf_q5001_recovery_10core_v1/fits/accdm_logm13p8571428571429_logfm0p85.json
13.8571428571|-0.8500000000,upper_grid,theory,high_q5001_recovery_10core,/home/2/ks405818/Master/lyalpha_one_loop/runs/accdm/accdm_scan_highf_q5001_recovery_10core_v1/theory/accdm_logm13p8571428571429_logfm0p85.npz,runs/accdm/accdm_scan_highf_q5001_recovery_10core_v1/theory/accdm_logm13p8571428571429_logfm0p85.npz
14.0000000000|-0.8500000000,upper_grid,fit,high_q5001_recovery_10core,/home/2/ks405818/Master/lyalpha_one_loop/runs/accdm/accdm_scan_highf_q5001_recovery_10core_v1/fits/accdm_logm14_logfm0p85.json,runs/accdm/accdm_scan_highf_q5001_recovery_10core_v1/fits/accdm_logm14_logfm0p85.json
14.0000000000|-0.8500000000,upper_grid,theory,high_q5001_recovery_10core,/home/2/ks405818/Master/lyalpha_one_loop/runs/accdm/accdm_scan_highf_q5001_recovery_10core_v1/theory/accdm_logm14_logfm0p85.npz,runs/accdm/accdm_scan_highf_q5001_recovery_10core_v1/theory/accdm_logm14_logfm0p85.npz
14.1428571429|-0.8500000000,upper_grid,fit,high_q5001_recovery_10core,/home/2/ks405818/Master/lyalpha_one_loop/runs/accdm/accdm_scan_highf_q5001_recovery_10core_v1/fits/accdm_logm14p1428571428571_logfm0p85.json,runs/accdm/accdm_scan_highf_q5001_recovery_10core_v1/fits/accdm_logm14p1428571428571_logfm0p85.json
14.1428571429|-0.8500000000,upper_grid,theory,high_q5001_recovery_10core,/home/2/ks405818/Master/lyalpha_one_loop/runs/accdm/accdm_scan_highf_q5001_recovery_10core_v1/theory/accdm_logm14p1428571428571_logfm0p85.npz,runs/accdm/accdm_scan_highf_q5001_recovery_10core_v1/theory/accdm_logm14p1428571428571_logfm0p85.npz
14.2857142857|-0.8500000000,upper_grid,fit,high_q5001_recovery_10core,/home/2/ks405818/Master/lyalpha_one_loop/runs/accdm/accdm_scan_highf_q5001_recovery_10core_v1/fits/accdm_logm14p2857142857143_logfm0p85.json,runs/accdm/accdm_scan_highf_q5001_recovery_10core_v1/fits/accdm_logm14p2857142857143_logfm0p85.json
14.2857142857|-0.8500000000,upper_grid,theory,high_q5001_recovery_10core,/home/2/ks405818/Master/lyalpha_one_loop/runs/accdm/accdm_scan_highf_q5001_recovery_10core_v1/theory/accdm_logm14p2857142857143_logfm0p85.npz,runs/accdm/accdm_scan_highf_q5001_recovery_10core_v1/theory/accdm_logm14p2857142857143_logfm0p85.npz
14.4285714286|-0.8500000000,upper_grid,fit,high_q5001_recovery_10core,/home/2/ks405818/Master/lyalpha_one_loop/runs/accdm/accdm_scan_highf_q5001_recovery_10core_v1/fits/accdm_logm14p4285714285714_logfm0p85.json,runs/accdm/accdm_scan_highf_q5001_recovery_10core_v1/fits/accdm_logm14p4285714285714_logfm0p85.json
14.4285714286|-0.8500000000,upper_grid,theory,high_q5001_recovery_10core,/home/2/ks405818/Master/lyalpha_one_loop/runs/accdm/accdm_scan_highf_q5001_recovery_10core_v1/theory/accdm_logm14p4285714285714_logfm0p85.npz,runs/accdm/accdm_scan_highf_q5001_recovery_10core_v1/theory/accdm_logm14p4285714285714_logfm0p85.npz
14.5714285714|-0.8500000000,upper_grid,fit,high_q5001_recovery_10core,/home/2/ks405818/Master/lyalpha_one_loop/runs/accdm/accdm_scan_highf_q5001_recovery_10core_v1/fits/accdm_logm14p5714285714286_logfm0p85.json,runs/accdm/accdm_scan_highf_q5001_recovery_10core_v1/fits/accdm_logm14p5714285714286_logfm0p85.json
14.5714285714|-0.8500000000,upper_grid,theory,high_q5001_recovery_10core,/home/2/ks405818/Master/lyalpha_one_loop/runs/accdm/accdm_scan_highf_q5001_recovery_10core_v1/theory/accdm_logm14p5714285714286_logfm0p85.npz,runs/accdm/accdm_scan_highf_q5001_recovery_10core_v1/theory/accdm_logm14p5714285714286_logfm0p85.npz
14.7142857143|-0.8500000000,upper_grid,fit,high_q5001_recovery_10core,/home/2/ks405818/Master/lyalpha_one_loop/runs/accdm/accdm_scan_highf_q5001_recovery_10core_v1/fits/accdm_logm14p7142857142857_logfm0p85.json,runs/accdm/accdm_scan_highf_q5001_recovery_10core_v1/fits/accdm_logm14p7142857142857_logfm0p85.json
14.7142857143|-0.8500000000,upper_grid,theory,high_q5001_recovery_10core,/home/2/ks405818/Master/lyalpha_one_loop/runs/accdm/accdm_scan_highf_q5001_recovery_10core_v1/theory/accdm_logm14p7142857142857_logfm0p85.npz,runs/accdm/accdm_scan_highf_q5001_recovery_10core_v1/theory/accdm_logm14p7142857142857_logfm0p85.npz
14.8571428571|-0.8500000000,upper_grid,fit,high_q5001_recovery_10core,/home/2/ks405818/Master/lyalpha_one_loop/runs/accdm/accdm_scan_highf_q5001_recovery_10core_v1/fits/accdm_logm14p8571428571429_logfm0p85.json,runs/accdm/accdm_scan_highf_q5001_recovery_10core_v1/fits/accdm_logm14p8571428571429_logfm0p85.json
14.8571428571|-0.8500000000,upper_grid,theory,high_q5001_recovery_10core,/home/2/ks405818/Master/lyalpha_one_loop/runs/accdm/accdm_scan_highf_q5001_recovery_10core_v1/theory/accdm_logm14p8571428571429_logfm0p85.npz,runs/accdm/accdm_scan_highf_q5001_recovery_10core_v1/theory/accdm_logm14p8571428571429_logfm0p85.npz
15.0000000000|-0.8500000000,upper_grid,fit,high_q5001_recovery_10core,/home/2/ks405818/Master/lyalpha_one_loop/runs/accdm/accdm_scan_highf_q5001_recovery_10core_v1/fits/accdm_logm15_logfm0p85.json,runs/accdm/accdm_scan_highf_q5001_recovery_10core_v1/fits/accdm_logm15_logfm0p85.json
15.0000000000|-0.8500000000,upper_grid,theory,high_q5001_recovery_10core,/home/2/ks405818/Master/lyalpha_one_loop/runs/accdm/accdm_scan_highf_q5001_recovery_10core_v1/theory/accdm_logm15_logfm0p85.npz,runs/accdm/accdm_scan_highf_q5001_recovery_10core_v1/theory/accdm_logm15_logfm0p85.npz
15.1428571429|-0.8500000000,upper_grid,fit,high_q5001_recovery_10core,/home/2/ks405818/Master/lyalpha_one_loop/runs/accdm/accdm_scan_highf_q5001_recovery_10core_v1/fits/accdm_logm15p1428571428571_logfm0p85.json,runs/accdm/accdm_scan_highf_q5001_recovery_10core_v1/fits/accdm_logm15p1428571428571_logfm0p85.json
15.1428571429|-0.8500000000,upper_grid,theory,high_q5001_recovery_10core,/home/2/ks405818/Master/lyalpha_one_loop/runs/accdm/accdm_scan_highf_q5001_recovery_10core_v1/theory/accdm_logm15p1428571428571_logfm0p85.npz,runs/accdm/accdm_scan_highf_q5001_recovery_10core_v1/theory/accdm_logm15p1428571428571_logfm0p85.npz
15.2857142857|-0.8500000000,upper_grid,fit,high_q5001_recovery_10core,/home/2/ks405818/Master/lyalpha_one_loop/runs/accdm/accdm_scan_highf_q5001_recovery_10core_v1/fits/accdm_logm15p2857142857143_logfm0p85.json,runs/accdm/accdm_scan_highf_q5001_recovery_10core_v1/fits/accdm_logm15p2857142857143_logfm0p85.json
15.2857142857|-0.8500000000,upper_grid,theory,high_q5001_recovery_10core,/home/2/ks405818/Master/lyalpha_one_loop/runs/accdm/accdm_scan_highf_q5001_recovery_10core_v1/theory/accdm_logm15p2857142857143_logfm0p85.npz,runs/accdm/accdm_scan_highf_q5001_recovery_10core_v1/theory/accdm_logm15p2857142857143_logfm0p85.npz
15.4285714286|-0.8500000000,upper_grid,fit,high_q5001_recovery_10core,/home/2/ks405818/Master/lyalpha_one_loop/runs/accdm/accdm_scan_highf_q5001_recovery_10core_v1/fits/accdm_logm15p4285714285714_logfm0p85.json,runs/accdm/accdm_scan_highf_q5001_recovery_10core_v1/fits/accdm_logm15p4285714285714_logfm0p85.json
15.4285714286|-0.8500000000,upper_grid,theory,high_q5001_recovery_10core,/home/2/ks405818/Master/lyalpha_one_loop/runs/accdm/accdm_scan_highf_q5001_recovery_10core_v1/theory/accdm_logm15p4285714285714_logfm0p85.npz,runs/accdm/accdm_scan_highf_q5001_recovery_10core_v1/theory/accdm_logm15p4285714285714_logfm0p85.npz
15.5714285714|-0.8500000000,upper_grid,fit,high_q5001_recovery_10core,/home/2/ks405818/Master/lyalpha_one_loop/runs/accdm/accdm_scan_highf_q5001_recovery_10core_v1/fits/accdm_logm15p5714285714286_logfm0p85.json,runs/accdm/accdm_scan_highf_q5001_recovery_10core_v1/fits/accdm_logm15p5714285714286_logfm0p85.json
15.5714285714|-0.8500000000,upper_grid,theory,high_q5001_recovery_10core,/home/2/ks405818/Master/lyalpha_one_loop/runs/accdm/accdm_scan_highf_q5001_recovery_10core_v1/theory/accdm_logm15p5714285714286_logfm0p85.npz,runs/accdm/accdm_scan_highf_q5001_recovery_10core_v1/theory/accdm_logm15p5714285714286_logfm0p85.npz
15.7142857143|-0.8500000000,upper_grid,fit,high_q5001_recovery_10core,/home/2/ks405818/Master/lyalpha_one_loop/runs/accdm/accdm_scan_highf_q5001_recovery_10core_v1/fits/accdm_logm15p7142857142857_logfm0p85.json,runs/accdm/accdm_scan_highf_q5001_recovery_10core_v1/fits/accdm_logm15p7142857142857_logfm0p85.json
15.7142857143|-0.8500000000,upper_grid,theory,high_q5001_recovery_10core,/home/2/ks405818/Master/lyalpha_one_loop/runs/accdm/accdm_scan_highf_q5001_recovery_10core_v1/theory/accdm_logm15p7142857142857_logfm0p85.npz,runs/accdm/accdm_scan_highf_q5001_recovery_10core_v1/theory/accdm_logm15p7142857142857_logfm0p85.npz
15.8571428571|-0.8500000000,upper_grid,fit,high_q5001_recovery_10core,/home/2/ks405818/Master/lyalpha_one_loop/runs/accdm/accdm_scan_highf_q5001_recovery_10core_v1/fits/accdm_logm15p8571428571429_logfm0p85.json,runs/accdm/accdm_scan_highf_q5001_recovery_10core_v1/fits/accdm_logm15p8571428571429_logfm0p85.json
15.8571428571|-0.8500000000,upper_grid,theory,high_q5001_recovery_10core,/home/2/ks405818/Master/lyalpha_one_loop/runs/accdm/accdm_scan_highf_q5001_recovery_10core_v1/theory/accdm_logm15p8571428571429_logfm0p85.npz,runs/accdm/accdm_scan_highf_q5001_recovery_10core_v1/theory/accdm_logm15p8571428571429_logfm0p85.npz
16.0000000000|-0.8500000000,upper_grid,fit,high_q5001_recovery_10core,/home/2/ks405818/Master/lyalpha_one_loop/runs/accdm/accdm_scan_highf_q5001_recovery_10core_v1/fits/accdm_logm16_logfm0p85.json,runs/accdm/accdm_scan_highf_q5001_recovery_10core_v1/fits/accdm_logm16_logfm0p85.json
16.0000000000|-0.8500000000,upper_grid,theory,high_q5001_recovery_10core,/home/2/ks405818/Master/lyalpha_one_loop/runs/accdm/accdm_scan_highf_q5001_recovery_10core_v1/theory/accdm_logm16_logfm0p85.npz,runs/accdm/accdm_scan_highf_q5001_recovery_10core_v1/theory/accdm_logm16_logfm0p85.npz
16.1428571429|-0.8500000000,upper_grid,fit,high_q5001_recovery_10core,/home/2/ks405818/Master/lyalpha_one_loop/runs/accdm/accdm_scan_highf_q5001_recovery_10core_v1/fits/accdm_logm16p1428571428571_logfm0p85.json,runs/accdm/accdm_scan_highf_q5001_recovery_10core_v1/fits/accdm_logm16p1428571428571_logfm0p85.json
16.1428571429|-0.8500000000,upper_grid,theory,high_q5001_recovery_10core,/home/2/ks405818/Master/lyalpha_one_loop/runs/accdm/accdm_scan_highf_q5001_recovery_10core_v1/theory/accdm_logm16p1428571428571_logfm0p85.npz,runs/accdm/accdm_scan_highf_q5001_recovery_10core_v1/theory/accdm_logm16p1428571428571_logfm0p85.npz
16.2857142857|-0.8500000000,upper_grid,fit,high_q5001_recovery_10core,/home/2/ks405818/Master/lyalpha_one_loop/runs/accdm/accdm_scan_highf_q5001_recovery_10core_v1/fits/accdm_logm16p2857142857143_logfm0p85.json,runs/accdm/accdm_scan_highf_q5001_recovery_10core_v1/fits/accdm_logm16p2857142857143_logfm0p85.json
16.2857142857|-0.8500000000,upper_grid,theory,high_q5001_recovery_10core,/home/2/ks405818/Master/lyalpha_one_loop/runs/accdm/accdm_scan_highf_q5001_recovery_10core_v1/theory/accdm_logm16p2857142857143_logfm0p85.npz,runs/accdm/accdm_scan_highf_q5001_recovery_10core_v1/theory/accdm_logm16p2857142857143_logfm0p85.npz
16.4285714286|-0.8500000000,upper_grid,fit,high_q5001_recovery_10core,/home/2/ks405818/Master/lyalpha_one_loop/runs/accdm/accdm_scan_highf_q5001_recovery_10core_v1/fits/accdm_logm16p4285714285714_logfm0p85.json,runs/accdm/accdm_scan_highf_q5001_recovery_10core_v1/fits/accdm_logm16p4285714285714_logfm0p85.json
16.4285714286|-0.8500000000,upper_grid,theory,high_q5001_recovery_10core,/home/2/ks405818/Master/lyalpha_one_loop/runs/accdm/accdm_scan_highf_q5001_recovery_10core_v1/theory/accdm_logm16p4285714285714_logfm0p85.npz,runs/accdm/accdm_scan_highf_q5001_recovery_10core_v1/theory/accdm_logm16p4285714285714_logfm0p85.npz
16.5714285714|-0.8500000000,upper_grid,fit,high_q5001_recovery_10core,/home/2/ks405818/Master/lyalpha_one_loop/runs/accdm/accdm_scan_highf_q5001_recovery_10core_v1/fits/accdm_logm16p5714285714286_logfm0p85.json,runs/accdm/accdm_scan_highf_q5001_recovery_10core_v1/fits/accdm_logm16p5714285714286_logfm0p85.json
16.5714285714|-0.8500000000,upper_grid,theory,high_q5001_recovery_10core,/home/2/ks405818/Master/lyalpha_one_loop/runs/accdm/accdm_scan_highf_q5001_recovery_10core_v1/theory/accdm_logm16p5714285714286_logfm0p85.npz,runs/accdm/accdm_scan_highf_q5001_recovery_10core_v1/theory/accdm_logm16p5714285714286_logfm0p85.npz
16.7142857143|-0.8500000000,upper_grid,fit,high_q5001_recovery_10core,/home/2/ks405818/Master/lyalpha_one_loop/runs/accdm/accdm_scan_highf_q5001_recovery_10core_v1/fits/accdm_logm16p7142857142857_logfm0p85.json,runs/accdm/accdm_scan_highf_q5001_recovery_10core_v1/fits/accdm_logm16p7142857142857_logfm0p85.json
16.7142857143|-0.8500000000,upper_grid,theory,high_q5001_recovery_10core,/home/2/ks405818/Master/lyalpha_one_loop/runs/accdm/accdm_scan_highf_q5001_recovery_10core_v1/theory/accdm_logm16p7142857142857_logfm0p85.npz,runs/accdm/accdm_scan_highf_q5001_recovery_10core_v1/theory/accdm_logm16p7142857142857_logfm0p85.npz
16.8571428571|-0.8500000000,upper_grid,fit,high_q5001_recovery_10core,/home/2/ks405818/Master/lyalpha_one_loop/runs/accdm/accdm_scan_highf_q5001_recovery_10core_v1/fits/accdm_logm16p8571428571429_logfm0p85.json,runs/accdm/accdm_scan_highf_q5001_recovery_10core_v1/fits/accdm_logm16p8571428571429_logfm0p85.json
16.8571428571|-0.8500000000,upper_grid,theory,high_q5001_recovery_10core,/home/2/ks405818/Master/lyalpha_one_loop/runs/accdm/accdm_scan_highf_q5001_recovery_10core_v1/theory/accdm_logm16p8571428571429_logfm0p85.npz,runs/accdm/accdm_scan_highf_q5001_recovery_10core_v1/theory/accdm_logm16p8571428571429_logfm0p85.npz
17.0000000000|-0.8500000000,upper_grid,fit,high_q5001_recovery_10core,/home/2/ks405818/Master/lyalpha_one_loop/runs/accdm/accdm_scan_highf_q5001_recovery_10core_v1/fits/accdm_logm17_logfm0p85.json,runs/accdm/accdm_scan_highf_q5001_recovery_10core_v1/fits/accdm_logm17_logfm0p85.json
17.0000000000|-0.8500000000,upper_grid,theory,high_q5001_recovery_10core,/home/2/ks405818/Master/lyalpha_one_loop/runs/accdm/accdm_scan_highf_q5001_recovery_10core_v1/theory/accdm_logm17_logfm0p85.npz,runs/accdm/accdm_scan_highf_q5001_recovery_10core_v1/theory/accdm_logm17_logfm0p85.npz
17.1428571429|-0.8500000000,upper_grid,fit,high_q5001_recovery_10core,/home/2/ks405818/Master/lyalpha_one_loop/runs/accdm/accdm_scan_highf_q5001_recovery_10core_v1/fits/accdm_logm17p1428571428571_logfm0p85.json,runs/accdm/accdm_scan_highf_q5001_recovery_10core_v1/fits/accdm_logm17p1428571428571_logfm0p85.json
17.1428571429|-0.8500000000,upper_grid,theory,high_q5001_recovery_10core,/home/2/ks405818/Master/lyalpha_one_loop/runs/accdm/accdm_scan_highf_q5001_recovery_10core_v1/theory/accdm_logm17p1428571428571_logfm0p85.npz,runs/accdm/accdm_scan_highf_q5001_recovery_10core_v1/theory/accdm_logm17p1428571428571_logfm0p85.npz
17.2857142857|-0.8500000000,upper_grid,fit,high_q5001_recovery_10core,/home/2/ks405818/Master/lyalpha_one_loop/runs/accdm/accdm_scan_highf_q5001_recovery_10core_v1/fits/accdm_logm17p2857142857143_logfm0p85.json,runs/accdm/accdm_scan_highf_q5001_recovery_10core_v1/fits/accdm_logm17p2857142857143_logfm0p85.json
17.2857142857|-0.8500000000,upper_grid,theory,high_q5001_recovery_10core,/home/2/ks405818/Master/lyalpha_one_loop/runs/accdm/accdm_scan_highf_q5001_recovery_10core_v1/theory/accdm_logm17p2857142857143_logfm0p85.npz,runs/accdm/accdm_scan_highf_q5001_recovery_10core_v1/theory/accdm_logm17p2857142857143_logfm0p85.npz
17.4285714286|-0.8500000000,upper_grid,fit,high_q5001_recovery_10core,/home/2/ks405818/Master/lyalpha_one_loop/runs/accdm/accdm_scan_highf_q5001_recovery_10core_v1/fits/accdm_logm17p4285714285714_logfm0p85.json,runs/accdm/accdm_scan_highf_q5001_recovery_10core_v1/fits/accdm_logm17p4285714285714_logfm0p85.json
17.4285714286|-0.8500000000,upper_grid,theory,high_q5001_recovery_10core,/home/2/ks405818/Master/lyalpha_one_loop/runs/accdm/accdm_scan_highf_q5001_recovery_10core_v1/theory/accdm_logm17p4285714285714_logfm0p85.npz,runs/accdm/accdm_scan_highf_q5001_recovery_10core_v1/theory/accdm_logm17p4285714285714_logfm0p85.npz
17.5714285714|-0.8500000000,upper_grid,fit,high_q5001_original,/home/2/ks405818/Master/lyalpha_one_loop/runs/accdm/accdm_scan_highf_q5001_v1/fits/accdm_logm17p5714285714286_logfm0p85.json,runs/accdm/accdm_scan_highf_q5001_v1/fits/accdm_logm17p5714285714286_logfm0p85.json
17.5714285714|-0.8500000000,upper_grid,theory,high_q5001_original,/home/2/ks405818/Master/lyalpha_one_loop/runs/accdm/accdm_scan_highf_q5001_v1/theory/accdm_logm17p5714285714286_logfm0p85.npz,runs/accdm/accdm_scan_highf_q5001_v1/theory/accdm_logm17p5714285714286_logfm0p85.npz
17.7142857143|-0.8500000000,upper_grid,fit,high_q5001_original,/home/2/ks405818/Master/lyalpha_one_loop/runs/accdm/accdm_scan_highf_q5001_v1/fits/accdm_logm17p7142857142857_logfm0p85.json,runs/accdm/accdm_scan_highf_q5001_v1/fits/accdm_logm17p7142857142857_logfm0p85.json
17.7142857143|-0.8500000000,upper_grid,theory,high_q5001_original,/home/2/ks405818/Master/lyalpha_one_loop/runs/accdm/accdm_scan_highf_q5001_v1/theory/accdm_logm17p7142857142857_logfm0p85.npz,runs/accdm/accdm_scan_highf_q5001_v1/theory/accdm_logm17p7142857142857_logfm0p85.npz
17.8571428571|-0.8500000000,upper_grid,fit,high_q5001_original,/home/2/ks405818/Master/lyalpha_one_loop/runs/accdm/accdm_scan_highf_q5001_v1/fits/accdm_logm17p8571428571429_logfm0p85.json,runs/accdm/accdm_scan_highf_q5001_v1/fits/accdm_logm17p8571428571429_logfm0p85.json
17.8571428571|-0.8500000000,upper_grid,theory,high_q5001_original,/home/2/ks405818/Master/lyalpha_one_loop/runs/accdm/accdm_scan_highf_q5001_v1/theory/accdm_logm17p8571428571429_logfm0p85.npz,runs/accdm/accdm_scan_highf_q5001_v1/theory/accdm_logm17p8571428571429_logfm0p85.npz
18.0000000000|-0.8500000000,upper_grid,fit,high_q5001_original,/home/2/ks405818/Master/lyalpha_one_loop/runs/accdm/accdm_scan_highf_q5001_v1/fits/accdm_logm18_logfm0p85.json,runs/accdm/accdm_scan_highf_q5001_v1/fits/accdm_logm18_logfm0p85.json
18.0000000000|-0.8500000000,upper_grid,theory,high_q5001_original,/home/2/ks405818/Master/lyalpha_one_loop/runs/accdm/accdm_scan_highf_q5001_v1/theory/accdm_logm18_logfm0p85.npz,runs/accdm/accdm_scan_highf_q5001_v1/theory/accdm_logm18_logfm0p85.npz
11.0000000000|-0.7750000000,upper_grid,fit,high_q5001_original,/home/2/ks405818/Master/lyalpha_one_loop/runs/accdm/accdm_scan_highf_q5001_v1/fits/accdm_logm11_logfm0p775.json,runs/accdm/accdm_scan_highf_q5001_v1/fits/accdm_logm11_logfm0p775.json
11.0000000000|-0.7750000000,upper_grid,theory,high_q5001_original,/home/2/ks405818/Master/lyalpha_one_loop/runs/accdm/accdm_scan_highf_q5001_v1/theory/accdm_logm11_logfm0p775.npz,runs/accdm/accdm_scan_highf_q5001_v1/theory/accdm_logm11_logfm0p775.npz
11.1428571429|-0.7750000000,upper_grid,fit,high_q5001_original,/home/2/ks405818/Master/lyalpha_one_loop/runs/accdm/accdm_scan_highf_q5001_v1/fits/accdm_logm11p1428571428571_logfm0p775.json,runs/accdm/accdm_scan_highf_q5001_v1/fits/accdm_logm11p1428571428571_logfm0p775.json
11.1428571429|-0.7750000000,upper_grid,theory,high_q5001_original,/home/2/ks405818/Master/lyalpha_one_loop/runs/accdm/accdm_scan_highf_q5001_v1/theory/accdm_logm11p1428571428571_logfm0p775.npz,runs/accdm/accdm_scan_highf_q5001_v1/theory/accdm_logm11p1428571428571_logfm0p775.npz
11.2857142857|-0.7750000000,upper_grid,fit,high_q5001_original,/home/2/ks405818/Master/lyalpha_one_loop/runs/accdm/accdm_scan_highf_q5001_v1/fits/accdm_logm11p2857142857143_logfm0p775.json,runs/accdm/accdm_scan_highf_q5001_v1/fits/accdm_logm11p2857142857143_logfm0p775.json
11.2857142857|-0.7750000000,upper_grid,theory,high_q5001_original,/home/2/ks405818/Master/lyalpha_one_loop/runs/accdm/accdm_scan_highf_q5001_v1/theory/accdm_logm11p2857142857143_logfm0p775.npz,runs/accdm/accdm_scan_highf_q5001_v1/theory/accdm_logm11p2857142857143_logfm0p775.npz
11.4285714286|-0.7750000000,upper_grid,fit,high_q5001_original,/home/2/ks405818/Master/lyalpha_one_loop/runs/accdm/accdm_scan_highf_q5001_v1/fits/accdm_logm11p4285714285714_logfm0p775.json,runs/accdm/accdm_scan_highf_q5001_v1/fits/accdm_logm11p4285714285714_logfm0p775.json
11.4285714286|-0.7750000000,upper_grid,theory,high_q5001_original,/home/2/ks405818/Master/lyalpha_one_loop/runs/accdm/accdm_scan_highf_q5001_v1/theory/accdm_logm11p4285714285714_logfm0p775.npz,runs/accdm/accdm_scan_highf_q5001_v1/theory/accdm_logm11p4285714285714_logfm0p775.npz
11.5714285714|-0.7750000000,upper_grid,fit,high_q5001_recovery_10core,/home/2/ks405818/Master/lyalpha_one_loop/runs/accdm/accdm_scan_highf_q5001_recovery_10core_v1/fits/accdm_logm11p5714285714286_logfm0p775.json,runs/accdm/accdm_scan_highf_q5001_recovery_10core_v1/fits/accdm_logm11p5714285714286_logfm0p775.json
11.5714285714|-0.7750000000,upper_grid,theory,high_q5001_recovery_10core,/home/2/ks405818/Master/lyalpha_one_loop/runs/accdm/accdm_scan_highf_q5001_recovery_10core_v1/theory/accdm_logm11p5714285714286_logfm0p775.npz,runs/accdm/accdm_scan_highf_q5001_recovery_10core_v1/theory/accdm_logm11p5714285714286_logfm0p775.npz
11.7142857143|-0.7750000000,upper_grid,fit,high_q5001_recovery_10core,/home/2/ks405818/Master/lyalpha_one_loop/runs/accdm/accdm_scan_highf_q5001_recovery_10core_v1/fits/accdm_logm11p7142857142857_logfm0p775.json,runs/accdm/accdm_scan_highf_q5001_recovery_10core_v1/fits/accdm_logm11p7142857142857_logfm0p775.json
11.7142857143|-0.7750000000,upper_grid,theory,high_q5001_recovery_10core,/home/2/ks405818/Master/lyalpha_one_loop/runs/accdm/accdm_scan_highf_q5001_recovery_10core_v1/theory/accdm_logm11p7142857142857_logfm0p775.npz,runs/accdm/accdm_scan_highf_q5001_recovery_10core_v1/theory/accdm_logm11p7142857142857_logfm0p775.npz
11.8571428571|-0.7750000000,upper_grid,fit,high_q5001_recovery_10core,/home/2/ks405818/Master/lyalpha_one_loop/runs/accdm/accdm_scan_highf_q5001_recovery_10core_v1/fits/accdm_logm11p8571428571429_logfm0p775.json,runs/accdm/accdm_scan_highf_q5001_recovery_10core_v1/fits/accdm_logm11p8571428571429_logfm0p775.json
11.8571428571|-0.7750000000,upper_grid,theory,high_q5001_recovery_10core,/home/2/ks405818/Master/lyalpha_one_loop/runs/accdm/accdm_scan_highf_q5001_recovery_10core_v1/theory/accdm_logm11p8571428571429_logfm0p775.npz,runs/accdm/accdm_scan_highf_q5001_recovery_10core_v1/theory/accdm_logm11p8571428571429_logfm0p775.npz
12.0000000000|-0.7750000000,upper_grid,fit,high_q5001_recovery_10core,/home/2/ks405818/Master/lyalpha_one_loop/runs/accdm/accdm_scan_highf_q5001_recovery_10core_v1/fits/accdm_logm12_logfm0p775.json,runs/accdm/accdm_scan_highf_q5001_recovery_10core_v1/fits/accdm_logm12_logfm0p775.json
12.0000000000|-0.7750000000,upper_grid,theory,high_q5001_recovery_10core,/home/2/ks405818/Master/lyalpha_one_loop/runs/accdm/accdm_scan_highf_q5001_recovery_10core_v1/theory/accdm_logm12_logfm0p775.npz,runs/accdm/accdm_scan_highf_q5001_recovery_10core_v1/theory/accdm_logm12_logfm0p775.npz
12.1428571429|-0.7750000000,upper_grid,fit,high_q5001_recovery_10core,/home/2/ks405818/Master/lyalpha_one_loop/runs/accdm/accdm_scan_highf_q5001_recovery_10core_v1/fits/accdm_logm12p1428571428571_logfm0p775.json,runs/accdm/accdm_scan_highf_q5001_recovery_10core_v1/fits/accdm_logm12p1428571428571_logfm0p775.json
12.1428571429|-0.7750000000,upper_grid,theory,high_q5001_recovery_10core,/home/2/ks405818/Master/lyalpha_one_loop/runs/accdm/accdm_scan_highf_q5001_recovery_10core_v1/theory/accdm_logm12p1428571428571_logfm0p775.npz,runs/accdm/accdm_scan_highf_q5001_recovery_10core_v1/theory/accdm_logm12p1428571428571_logfm0p775.npz
12.2857142857|-0.7750000000,upper_grid,fit,high_q5001_recovery_10core,/home/2/ks405818/Master/lyalpha_one_loop/runs/accdm/accdm_scan_highf_q5001_recovery_10core_v1/fits/accdm_logm12p2857142857143_logfm0p775.json,runs/accdm/accdm_scan_highf_q5001_recovery_10core_v1/fits/accdm_logm12p2857142857143_logfm0p775.json
12.2857142857|-0.7750000000,upper_grid,theory,high_q5001_recovery_10core,/home/2/ks405818/Master/lyalpha_one_loop/runs/accdm/accdm_scan_highf_q5001_recovery_10core_v1/theory/accdm_logm12p2857142857143_logfm0p775.npz,runs/accdm/accdm_scan_highf_q5001_recovery_10core_v1/theory/accdm_logm12p2857142857143_logfm0p775.npz
12.4285714286|-0.7750000000,upper_grid,fit,high_q5001_recovery_10core,/home/2/ks405818/Master/lyalpha_one_loop/runs/accdm/accdm_scan_highf_q5001_recovery_10core_v1/fits/accdm_logm12p4285714285714_logfm0p775.json,runs/accdm/accdm_scan_highf_q5001_recovery_10core_v1/fits/accdm_logm12p4285714285714_logfm0p775.json
12.4285714286|-0.7750000000,upper_grid,theory,high_q5001_recovery_10core,/home/2/ks405818/Master/lyalpha_one_loop/runs/accdm/accdm_scan_highf_q5001_recovery_10core_v1/theory/accdm_logm12p4285714285714_logfm0p775.npz,runs/accdm/accdm_scan_highf_q5001_recovery_10core_v1/theory/accdm_logm12p4285714285714_logfm0p775.npz
12.5714285714|-0.7750000000,upper_grid,fit,high_q5001_recovery_10core,/home/2/ks405818/Master/lyalpha_one_loop/runs/accdm/accdm_scan_highf_q5001_recovery_10core_v1/fits/accdm_logm12p5714285714286_logfm0p775.json,runs/accdm/accdm_scan_highf_q5001_recovery_10core_v1/fits/accdm_logm12p5714285714286_logfm0p775.json
12.5714285714|-0.7750000000,upper_grid,theory,high_q5001_recovery_10core,/home/2/ks405818/Master/lyalpha_one_loop/runs/accdm/accdm_scan_highf_q5001_recovery_10core_v1/theory/accdm_logm12p5714285714286_logfm0p775.npz,runs/accdm/accdm_scan_highf_q5001_recovery_10core_v1/theory/accdm_logm12p5714285714286_logfm0p775.npz
12.7142857143|-0.7750000000,upper_grid,fit,high_q5001_recovery_10core,/home/2/ks405818/Master/lyalpha_one_loop/runs/accdm/accdm_scan_highf_q5001_recovery_10core_v1/fits/accdm_logm12p7142857142857_logfm0p775.json,runs/accdm/accdm_scan_highf_q5001_recovery_10core_v1/fits/accdm_logm12p7142857142857_logfm0p775.json
12.7142857143|-0.7750000000,upper_grid,theory,high_q5001_recovery_10core,/home/2/ks405818/Master/lyalpha_one_loop/runs/accdm/accdm_scan_highf_q5001_recovery_10core_v1/theory/accdm_logm12p7142857142857_logfm0p775.npz,runs/accdm/accdm_scan_highf_q5001_recovery_10core_v1/theory/accdm_logm12p7142857142857_logfm0p775.npz
12.8571428571|-0.7750000000,upper_grid,fit,high_q5001_recovery_10core,/home/2/ks405818/Master/lyalpha_one_loop/runs/accdm/accdm_scan_highf_q5001_recovery_10core_v1/fits/accdm_logm12p8571428571429_logfm0p775.json,runs/accdm/accdm_scan_highf_q5001_recovery_10core_v1/fits/accdm_logm12p8571428571429_logfm0p775.json
12.8571428571|-0.7750000000,upper_grid,theory,high_q5001_recovery_10core,/home/2/ks405818/Master/lyalpha_one_loop/runs/accdm/accdm_scan_highf_q5001_recovery_10core_v1/theory/accdm_logm12p8571428571429_logfm0p775.npz,runs/accdm/accdm_scan_highf_q5001_recovery_10core_v1/theory/accdm_logm12p8571428571429_logfm0p775.npz
13.0000000000|-0.7750000000,upper_grid,fit,high_q5001_recovery_10core,/home/2/ks405818/Master/lyalpha_one_loop/runs/accdm/accdm_scan_highf_q5001_recovery_10core_v1/fits/accdm_logm13_logfm0p775.json,runs/accdm/accdm_scan_highf_q5001_recovery_10core_v1/fits/accdm_logm13_logfm0p775.json
13.0000000000|-0.7750000000,upper_grid,theory,high_q5001_recovery_10core,/home/2/ks405818/Master/lyalpha_one_loop/runs/accdm/accdm_scan_highf_q5001_recovery_10core_v1/theory/accdm_logm13_logfm0p775.npz,runs/accdm/accdm_scan_highf_q5001_recovery_10core_v1/theory/accdm_logm13_logfm0p775.npz
13.1428571429|-0.7750000000,upper_grid,fit,high_q5001_recovery_10core,/home/2/ks405818/Master/lyalpha_one_loop/runs/accdm/accdm_scan_highf_q5001_recovery_10core_v1/fits/accdm_logm13p1428571428571_logfm0p775.json,runs/accdm/accdm_scan_highf_q5001_recovery_10core_v1/fits/accdm_logm13p1428571428571_logfm0p775.json
13.1428571429|-0.7750000000,upper_grid,theory,high_q5001_recovery_10core,/home/2/ks405818/Master/lyalpha_one_loop/runs/accdm/accdm_scan_highf_q5001_recovery_10core_v1/theory/accdm_logm13p1428571428571_logfm0p775.npz,runs/accdm/accdm_scan_highf_q5001_recovery_10core_v1/theory/accdm_logm13p1428571428571_logfm0p775.npz
13.2857142857|-0.7750000000,upper_grid,fit,high_q5001_recovery_10core,/home/2/ks405818/Master/lyalpha_one_loop/runs/accdm/accdm_scan_highf_q5001_recovery_10core_v1/fits/accdm_logm13p2857142857143_logfm0p775.json,runs/accdm/accdm_scan_highf_q5001_recovery_10core_v1/fits/accdm_logm13p2857142857143_logfm0p775.json
13.2857142857|-0.7750000000,upper_grid,theory,high_q5001_recovery_10core,/home/2/ks405818/Master/lyalpha_one_loop/runs/accdm/accdm_scan_highf_q5001_recovery_10core_v1/theory/accdm_logm13p2857142857143_logfm0p775.npz,runs/accdm/accdm_scan_highf_q5001_recovery_10core_v1/theory/accdm_logm13p2857142857143_logfm0p775.npz
13.4285714286|-0.7750000000,upper_grid,fit,high_q5001_recovery_10core,/home/2/ks405818/Master/lyalpha_one_loop/runs/accdm/accdm_scan_highf_q5001_recovery_10core_v1/fits/accdm_logm13p4285714285714_logfm0p775.json,runs/accdm/accdm_scan_highf_q5001_recovery_10core_v1/fits/accdm_logm13p4285714285714_logfm0p775.json
13.4285714286|-0.7750000000,upper_grid,theory,high_q5001_recovery_10core,/home/2/ks405818/Master/lyalpha_one_loop/runs/accdm/accdm_scan_highf_q5001_recovery_10core_v1/theory/accdm_logm13p4285714285714_logfm0p775.npz,runs/accdm/accdm_scan_highf_q5001_recovery_10core_v1/theory/accdm_logm13p4285714285714_logfm0p775.npz
13.5714285714|-0.7750000000,upper_grid,fit,high_q5001_recovery_10core,/home/2/ks405818/Master/lyalpha_one_loop/runs/accdm/accdm_scan_highf_q5001_recovery_10core_v1/fits/accdm_logm13p5714285714286_logfm0p775.json,runs/accdm/accdm_scan_highf_q5001_recovery_10core_v1/fits/accdm_logm13p5714285714286_logfm0p775.json
13.5714285714|-0.7750000000,upper_grid,theory,high_q5001_recovery_10core,/home/2/ks405818/Master/lyalpha_one_loop/runs/accdm/accdm_scan_highf_q5001_recovery_10core_v1/theory/accdm_logm13p5714285714286_logfm0p775.npz,runs/accdm/accdm_scan_highf_q5001_recovery_10core_v1/theory/accdm_logm13p5714285714286_logfm0p775.npz
13.7142857143|-0.7750000000,upper_grid,fit,high_q5001_recovery_10core,/home/2/ks405818/Master/lyalpha_one_loop/runs/accdm/accdm_scan_highf_q5001_recovery_10core_v1/fits/accdm_logm13p7142857142857_logfm0p775.json,runs/accdm/accdm_scan_highf_q5001_recovery_10core_v1/fits/accdm_logm13p7142857142857_logfm0p775.json
13.7142857143|-0.7750000000,upper_grid,theory,high_q5001_recovery_10core,/home/2/ks405818/Master/lyalpha_one_loop/runs/accdm/accdm_scan_highf_q5001_recovery_10core_v1/theory/accdm_logm13p7142857142857_logfm0p775.npz,runs/accdm/accdm_scan_highf_q5001_recovery_10core_v1/theory/accdm_logm13p7142857142857_logfm0p775.npz
13.8571428571|-0.7750000000,upper_grid,fit,high_q5001_recovery_10core,/home/2/ks405818/Master/lyalpha_one_loop/runs/accdm/accdm_scan_highf_q5001_recovery_10core_v1/fits/accdm_logm13p8571428571429_logfm0p775.json,runs/accdm/accdm_scan_highf_q5001_recovery_10core_v1/fits/accdm_logm13p8571428571429_logfm0p775.json
13.8571428571|-0.7750000000,upper_grid,theory,high_q5001_recovery_10core,/home/2/ks405818/Master/lyalpha_one_loop/runs/accdm/accdm_scan_highf_q5001_recovery_10core_v1/theory/accdm_logm13p8571428571429_logfm0p775.npz,runs/accdm/accdm_scan_highf_q5001_recovery_10core_v1/theory/accdm_logm13p8571428571429_logfm0p775.npz
14.0000000000|-0.7750000000,upper_grid,fit,high_q5001_recovery_10core,/home/2/ks405818/Master/lyalpha_one_loop/runs/accdm/accdm_scan_highf_q5001_recovery_10core_v1/fits/accdm_logm14_logfm0p775.json,runs/accdm/accdm_scan_highf_q5001_recovery_10core_v1/fits/accdm_logm14_logfm0p775.json
14.0000000000|-0.7750000000,upper_grid,theory,high_q5001_recovery_10core,/home/2/ks405818/Master/lyalpha_one_loop/runs/accdm/accdm_scan_highf_q5001_recovery_10core_v1/theory/accdm_logm14_logfm0p775.npz,runs/accdm/accdm_scan_highf_q5001_recovery_10core_v1/theory/accdm_logm14_logfm0p775.npz
14.1428571429|-0.7750000000,upper_grid,fit,high_q5001_recovery_10core,/home/2/ks405818/Master/lyalpha_one_loop/runs/accdm/accdm_scan_highf_q5001_recovery_10core_v1/fits/accdm_logm14p1428571428571_logfm0p775.json,runs/accdm/accdm_scan_highf_q5001_recovery_10core_v1/fits/accdm_logm14p1428571428571_logfm0p775.json
14.1428571429|-0.7750000000,upper_grid,theory,high_q5001_recovery_10core,/home/2/ks405818/Master/lyalpha_one_loop/runs/accdm/accdm_scan_highf_q5001_recovery_10core_v1/theory/accdm_logm14p1428571428571_logfm0p775.npz,runs/accdm/accdm_scan_highf_q5001_recovery_10core_v1/theory/accdm_logm14p1428571428571_logfm0p775.npz
14.2857142857|-0.7750000000,upper_grid,fit,high_q5001_recovery_10core,/home/2/ks405818/Master/lyalpha_one_loop/runs/accdm/accdm_scan_highf_q5001_recovery_10core_v1/fits/accdm_logm14p2857142857143_logfm0p775.json,runs/accdm/accdm_scan_highf_q5001_recovery_10core_v1/fits/accdm_logm14p2857142857143_logfm0p775.json
14.2857142857|-0.7750000000,upper_grid,theory,high_q5001_recovery_10core,/home/2/ks405818/Master/lyalpha_one_loop/runs/accdm/accdm_scan_highf_q5001_recovery_10core_v1/theory/accdm_logm14p2857142857143_logfm0p775.npz,runs/accdm/accdm_scan_highf_q5001_recovery_10core_v1/theory/accdm_logm14p2857142857143_logfm0p775.npz
14.4285714286|-0.7750000000,upper_grid,fit,high_q5001_recovery_10core,/home/2/ks405818/Master/lyalpha_one_loop/runs/accdm/accdm_scan_highf_q5001_recovery_10core_v1/fits/accdm_logm14p4285714285714_logfm0p775.json,runs/accdm/accdm_scan_highf_q5001_recovery_10core_v1/fits/accdm_logm14p4285714285714_logfm0p775.json
14.4285714286|-0.7750000000,upper_grid,theory,high_q5001_recovery_10core,/home/2/ks405818/Master/lyalpha_one_loop/runs/accdm/accdm_scan_highf_q5001_recovery_10core_v1/theory/accdm_logm14p4285714285714_logfm0p775.npz,runs/accdm/accdm_scan_highf_q5001_recovery_10core_v1/theory/accdm_logm14p4285714285714_logfm0p775.npz
14.5714285714|-0.7750000000,upper_grid,fit,high_q5001_recovery_10core,/home/2/ks405818/Master/lyalpha_one_loop/runs/accdm/accdm_scan_highf_q5001_recovery_10core_v1/fits/accdm_logm14p5714285714286_logfm0p775.json,runs/accdm/accdm_scan_highf_q5001_recovery_10core_v1/fits/accdm_logm14p5714285714286_logfm0p775.json
14.5714285714|-0.7750000000,upper_grid,theory,high_q5001_recovery_10core,/home/2/ks405818/Master/lyalpha_one_loop/runs/accdm/accdm_scan_highf_q5001_recovery_10core_v1/theory/accdm_logm14p5714285714286_logfm0p775.npz,runs/accdm/accdm_scan_highf_q5001_recovery_10core_v1/theory/accdm_logm14p5714285714286_logfm0p775.npz
14.7142857143|-0.7750000000,upper_grid,fit,high_q5001_recovery_10core,/home/2/ks405818/Master/lyalpha_one_loop/runs/accdm/accdm_scan_highf_q5001_recovery_10core_v1/fits/accdm_logm14p7142857142857_logfm0p775.json,runs/accdm/accdm_scan_highf_q5001_recovery_10core_v1/fits/accdm_logm14p7142857142857_logfm0p775.json
14.7142857143|-0.7750000000,upper_grid,theory,high_q5001_recovery_10core,/home/2/ks405818/Master/lyalpha_one_loop/runs/accdm/accdm_scan_highf_q5001_recovery_10core_v1/theory/accdm_logm14p7142857142857_logfm0p775.npz,runs/accdm/accdm_scan_highf_q5001_recovery_10core_v1/theory/accdm_logm14p7142857142857_logfm0p775.npz
14.8571428571|-0.7750000000,upper_grid,fit,high_q5001_recovery_10core,/home/2/ks405818/Master/lyalpha_one_loop/runs/accdm/accdm_scan_highf_q5001_recovery_10core_v1/fits/accdm_logm14p8571428571429_logfm0p775.json,runs/accdm/accdm_scan_highf_q5001_recovery_10core_v1/fits/accdm_logm14p8571428571429_logfm0p775.json
14.8571428571|-0.7750000000,upper_grid,theory,high_q5001_recovery_10core,/home/2/ks405818/Master/lyalpha_one_loop/runs/accdm/accdm_scan_highf_q5001_recovery_10core_v1/theory/accdm_logm14p8571428571429_logfm0p775.npz,runs/accdm/accdm_scan_highf_q5001_recovery_10core_v1/theory/accdm_logm14p8571428571429_logfm0p775.npz
15.0000000000|-0.7750000000,upper_grid,fit,high_q5001_recovery_10core,/home/2/ks405818/Master/lyalpha_one_loop/runs/accdm/accdm_scan_highf_q5001_recovery_10core_v1/fits/accdm_logm15_logfm0p775.json,runs/accdm/accdm_scan_highf_q5001_recovery_10core_v1/fits/accdm_logm15_logfm0p775.json
15.0000000000|-0.7750000000,upper_grid,theory,high_q5001_recovery_10core,/home/2/ks405818/Master/lyalpha_one_loop/runs/accdm/accdm_scan_highf_q5001_recovery_10core_v1/theory/accdm_logm15_logfm0p775.npz,runs/accdm/accdm_scan_highf_q5001_recovery_10core_v1/theory/accdm_logm15_logfm0p775.npz
15.1428571429|-0.7750000000,upper_grid,fit,high_q5001_recovery_10core,/home/2/ks405818/Master/lyalpha_one_loop/runs/accdm/accdm_scan_highf_q5001_recovery_10core_v1/fits/accdm_logm15p1428571428571_logfm0p775.json,runs/accdm/accdm_scan_highf_q5001_recovery_10core_v1/fits/accdm_logm15p1428571428571_logfm0p775.json
15.1428571429|-0.7750000000,upper_grid,theory,high_q5001_recovery_10core,/home/2/ks405818/Master/lyalpha_one_loop/runs/accdm/accdm_scan_highf_q5001_recovery_10core_v1/theory/accdm_logm15p1428571428571_logfm0p775.npz,runs/accdm/accdm_scan_highf_q5001_recovery_10core_v1/theory/accdm_logm15p1428571428571_logfm0p775.npz
15.2857142857|-0.7750000000,upper_grid,fit,high_q5001_recovery_10core,/home/2/ks405818/Master/lyalpha_one_loop/runs/accdm/accdm_scan_highf_q5001_recovery_10core_v1/fits/accdm_logm15p2857142857143_logfm0p775.json,runs/accdm/accdm_scan_highf_q5001_recovery_10core_v1/fits/accdm_logm15p2857142857143_logfm0p775.json
15.2857142857|-0.7750000000,upper_grid,theory,high_q5001_recovery_10core,/home/2/ks405818/Master/lyalpha_one_loop/runs/accdm/accdm_scan_highf_q5001_recovery_10core_v1/theory/accdm_logm15p2857142857143_logfm0p775.npz,runs/accdm/accdm_scan_highf_q5001_recovery_10core_v1/theory/accdm_logm15p2857142857143_logfm0p775.npz
15.4285714286|-0.7750000000,upper_grid,fit,high_q5001_recovery_10core,/home/2/ks405818/Master/lyalpha_one_loop/runs/accdm/accdm_scan_highf_q5001_recovery_10core_v1/fits/accdm_logm15p4285714285714_logfm0p775.json,runs/accdm/accdm_scan_highf_q5001_recovery_10core_v1/fits/accdm_logm15p4285714285714_logfm0p775.json
15.4285714286|-0.7750000000,upper_grid,theory,high_q5001_recovery_10core,/home/2/ks405818/Master/lyalpha_one_loop/runs/accdm/accdm_scan_highf_q5001_recovery_10core_v1/theory/accdm_logm15p4285714285714_logfm0p775.npz,runs/accdm/accdm_scan_highf_q5001_recovery_10core_v1/theory/accdm_logm15p4285714285714_logfm0p775.npz
15.5714285714|-0.7750000000,upper_grid,fit,high_q5001_recovery_10core,/home/2/ks405818/Master/lyalpha_one_loop/runs/accdm/accdm_scan_highf_q5001_recovery_10core_v1/fits/accdm_logm15p5714285714286_logfm0p775.json,runs/accdm/accdm_scan_highf_q5001_recovery_10core_v1/fits/accdm_logm15p5714285714286_logfm0p775.json
15.5714285714|-0.7750000000,upper_grid,theory,high_q5001_recovery_10core,/home/2/ks405818/Master/lyalpha_one_loop/runs/accdm/accdm_scan_highf_q5001_recovery_10core_v1/theory/accdm_logm15p5714285714286_logfm0p775.npz,runs/accdm/accdm_scan_highf_q5001_recovery_10core_v1/theory/accdm_logm15p5714285714286_logfm0p775.npz
15.7142857143|-0.7750000000,upper_grid,fit,high_q5001_recovery_10core,/home/2/ks405818/Master/lyalpha_one_loop/runs/accdm/accdm_scan_highf_q5001_recovery_10core_v1/fits/accdm_logm15p7142857142857_logfm0p775.json,runs/accdm/accdm_scan_highf_q5001_recovery_10core_v1/fits/accdm_logm15p7142857142857_logfm0p775.json
15.7142857143|-0.7750000000,upper_grid,theory,high_q5001_recovery_10core,/home/2/ks405818/Master/lyalpha_one_loop/runs/accdm/accdm_scan_highf_q5001_recovery_10core_v1/theory/accdm_logm15p7142857142857_logfm0p775.npz,runs/accdm/accdm_scan_highf_q5001_recovery_10core_v1/theory/accdm_logm15p7142857142857_logfm0p775.npz
15.8571428571|-0.7750000000,upper_grid,fit,high_q5001_recovery_10core,/home/2/ks405818/Master/lyalpha_one_loop/runs/accdm/accdm_scan_highf_q5001_recovery_10core_v1/fits/accdm_logm15p8571428571429_logfm0p775.json,runs/accdm/accdm_scan_highf_q5001_recovery_10core_v1/fits/accdm_logm15p8571428571429_logfm0p775.json
15.8571428571|-0.7750000000,upper_grid,theory,high_q5001_recovery_10core,/home/2/ks405818/Master/lyalpha_one_loop/runs/accdm/accdm_scan_highf_q5001_recovery_10core_v1/theory/accdm_logm15p8571428571429_logfm0p775.npz,runs/accdm/accdm_scan_highf_q5001_recovery_10core_v1/theory/accdm_logm15p8571428571429_logfm0p775.npz
16.0000000000|-0.7750000000,upper_grid,fit,high_q5001_recovery_10core,/home/2/ks405818/Master/lyalpha_one_loop/runs/accdm/accdm_scan_highf_q5001_recovery_10core_v1/fits/accdm_logm16_logfm0p775.json,runs/accdm/accdm_scan_highf_q5001_recovery_10core_v1/fits/accdm_logm16_logfm0p775.json
16.0000000000|-0.7750000000,upper_grid,theory,high_q5001_recovery_10core,/home/2/ks405818/Master/lyalpha_one_loop/runs/accdm/accdm_scan_highf_q5001_recovery_10core_v1/theory/accdm_logm16_logfm0p775.npz,runs/accdm/accdm_scan_highf_q5001_recovery_10core_v1/theory/accdm_logm16_logfm0p775.npz
16.1428571429|-0.7750000000,upper_grid,fit,high_q5001_recovery_10core,/home/2/ks405818/Master/lyalpha_one_loop/runs/accdm/accdm_scan_highf_q5001_recovery_10core_v1/fits/accdm_logm16p1428571428571_logfm0p775.json,runs/accdm/accdm_scan_highf_q5001_recovery_10core_v1/fits/accdm_logm16p1428571428571_logfm0p775.json
16.1428571429|-0.7750000000,upper_grid,theory,high_q5001_recovery_10core,/home/2/ks405818/Master/lyalpha_one_loop/runs/accdm/accdm_scan_highf_q5001_recovery_10core_v1/theory/accdm_logm16p1428571428571_logfm0p775.npz,runs/accdm/accdm_scan_highf_q5001_recovery_10core_v1/theory/accdm_logm16p1428571428571_logfm0p775.npz
16.2857142857|-0.7750000000,upper_grid,fit,high_q5001_recovery_10core,/home/2/ks405818/Master/lyalpha_one_loop/runs/accdm/accdm_scan_highf_q5001_recovery_10core_v1/fits/accdm_logm16p2857142857143_logfm0p775.json,runs/accdm/accdm_scan_highf_q5001_recovery_10core_v1/fits/accdm_logm16p2857142857143_logfm0p775.json
16.2857142857|-0.7750000000,upper_grid,theory,high_q5001_recovery_10core,/home/2/ks405818/Master/lyalpha_one_loop/runs/accdm/accdm_scan_highf_q5001_recovery_10core_v1/theory/accdm_logm16p2857142857143_logfm0p775.npz,runs/accdm/accdm_scan_highf_q5001_recovery_10core_v1/theory/accdm_logm16p2857142857143_logfm0p775.npz
16.4285714286|-0.7750000000,upper_grid,fit,high_q5001_recovery_10core,/home/2/ks405818/Master/lyalpha_one_loop/runs/accdm/accdm_scan_highf_q5001_recovery_10core_v1/fits/accdm_logm16p4285714285714_logfm0p775.json,runs/accdm/accdm_scan_highf_q5001_recovery_10core_v1/fits/accdm_logm16p4285714285714_logfm0p775.json
16.4285714286|-0.7750000000,upper_grid,theory,high_q5001_recovery_10core,/home/2/ks405818/Master/lyalpha_one_loop/runs/accdm/accdm_scan_highf_q5001_recovery_10core_v1/theory/accdm_logm16p4285714285714_logfm0p775.npz,runs/accdm/accdm_scan_highf_q5001_recovery_10core_v1/theory/accdm_logm16p4285714285714_logfm0p775.npz
16.5714285714|-0.7750000000,upper_grid,fit,high_q5001_recovery_10core,/home/2/ks405818/Master/lyalpha_one_loop/runs/accdm/accdm_scan_highf_q5001_recovery_10core_v1/fits/accdm_logm16p5714285714286_logfm0p775.json,runs/accdm/accdm_scan_highf_q5001_recovery_10core_v1/fits/accdm_logm16p5714285714286_logfm0p775.json
16.5714285714|-0.7750000000,upper_grid,theory,high_q5001_recovery_10core,/home/2/ks405818/Master/lyalpha_one_loop/runs/accdm/accdm_scan_highf_q5001_recovery_10core_v1/theory/accdm_logm16p5714285714286_logfm0p775.npz,runs/accdm/accdm_scan_highf_q5001_recovery_10core_v1/theory/accdm_logm16p5714285714286_logfm0p775.npz
16.7142857143|-0.7750000000,upper_grid,fit,high_q5001_recovery_10core,/home/2/ks405818/Master/lyalpha_one_loop/runs/accdm/accdm_scan_highf_q5001_recovery_10core_v1/fits/accdm_logm16p7142857142857_logfm0p775.json,runs/accdm/accdm_scan_highf_q5001_recovery_10core_v1/fits/accdm_logm16p7142857142857_logfm0p775.json
16.7142857143|-0.7750000000,upper_grid,theory,high_q5001_recovery_10core,/home/2/ks405818/Master/lyalpha_one_loop/runs/accdm/accdm_scan_highf_q5001_recovery_10core_v1/theory/accdm_logm16p7142857142857_logfm0p775.npz,runs/accdm/accdm_scan_highf_q5001_recovery_10core_v1/theory/accdm_logm16p7142857142857_logfm0p775.npz
16.8571428571|-0.7750000000,upper_grid,fit,high_q5001_recovery_10core,/home/2/ks405818/Master/lyalpha_one_loop/runs/accdm/accdm_scan_highf_q5001_recovery_10core_v1/fits/accdm_logm16p8571428571429_logfm0p775.json,runs/accdm/accdm_scan_highf_q5001_recovery_10core_v1/fits/accdm_logm16p8571428571429_logfm0p775.json
16.8571428571|-0.7750000000,upper_grid,theory,high_q5001_recovery_10core,/home/2/ks405818/Master/lyalpha_one_loop/runs/accdm/accdm_scan_highf_q5001_recovery_10core_v1/theory/accdm_logm16p8571428571429_logfm0p775.npz,runs/accdm/accdm_scan_highf_q5001_recovery_10core_v1/theory/accdm_logm16p8571428571429_logfm0p775.npz
17.0000000000|-0.7750000000,upper_grid,fit,high_q5001_recovery_10core,/home/2/ks405818/Master/lyalpha_one_loop/runs/accdm/accdm_scan_highf_q5001_recovery_10core_v1/fits/accdm_logm17_logfm0p775.json,runs/accdm/accdm_scan_highf_q5001_recovery_10core_v1/fits/accdm_logm17_logfm0p775.json
17.0000000000|-0.7750000000,upper_grid,theory,high_q5001_recovery_10core,/home/2/ks405818/Master/lyalpha_one_loop/runs/accdm/accdm_scan_highf_q5001_recovery_10core_v1/theory/accdm_logm17_logfm0p775.npz,runs/accdm/accdm_scan_highf_q5001_recovery_10core_v1/theory/accdm_logm17_logfm0p775.npz
17.1428571429|-0.7750000000,upper_grid,fit,high_q5001_recovery_10core,/home/2/ks405818/Master/lyalpha_one_loop/runs/accdm/accdm_scan_highf_q5001_recovery_10core_v1/fits/accdm_logm17p1428571428571_logfm0p775.json,runs/accdm/accdm_scan_highf_q5001_recovery_10core_v1/fits/accdm_logm17p1428571428571_logfm0p775.json
17.1428571429|-0.7750000000,upper_grid,theory,high_q5001_recovery_10core,/home/2/ks405818/Master/lyalpha_one_loop/runs/accdm/accdm_scan_highf_q5001_recovery_10core_v1/theory/accdm_logm17p1428571428571_logfm0p775.npz,runs/accdm/accdm_scan_highf_q5001_recovery_10core_v1/theory/accdm_logm17p1428571428571_logfm0p775.npz
17.2857142857|-0.7750000000,upper_grid,fit,high_q5001_recovery_10core,/home/2/ks405818/Master/lyalpha_one_loop/runs/accdm/accdm_scan_highf_q5001_recovery_10core_v1/fits/accdm_logm17p2857142857143_logfm0p775.json,runs/accdm/accdm_scan_highf_q5001_recovery_10core_v1/fits/accdm_logm17p2857142857143_logfm0p775.json
17.2857142857|-0.7750000000,upper_grid,theory,high_q5001_recovery_10core,/home/2/ks405818/Master/lyalpha_one_loop/runs/accdm/accdm_scan_highf_q5001_recovery_10core_v1/theory/accdm_logm17p2857142857143_logfm0p775.npz,runs/accdm/accdm_scan_highf_q5001_recovery_10core_v1/theory/accdm_logm17p2857142857143_logfm0p775.npz
17.4285714286|-0.7750000000,upper_grid,fit,high_q5001_recovery_10core,/home/2/ks405818/Master/lyalpha_one_loop/runs/accdm/accdm_scan_highf_q5001_recovery_10core_v1/fits/accdm_logm17p4285714285714_logfm0p775.json,runs/accdm/accdm_scan_highf_q5001_recovery_10core_v1/fits/accdm_logm17p4285714285714_logfm0p775.json
17.4285714286|-0.7750000000,upper_grid,theory,high_q5001_recovery_10core,/home/2/ks405818/Master/lyalpha_one_loop/runs/accdm/accdm_scan_highf_q5001_recovery_10core_v1/theory/accdm_logm17p4285714285714_logfm0p775.npz,runs/accdm/accdm_scan_highf_q5001_recovery_10core_v1/theory/accdm_logm17p4285714285714_logfm0p775.npz
17.5714285714|-0.7750000000,upper_grid,fit,high_q5001_original,/home/2/ks405818/Master/lyalpha_one_loop/runs/accdm/accdm_scan_highf_q5001_v1/fits/accdm_logm17p5714285714286_logfm0p775.json,runs/accdm/accdm_scan_highf_q5001_v1/fits/accdm_logm17p5714285714286_logfm0p775.json
17.5714285714|-0.7750000000,upper_grid,theory,high_q5001_original,/home/2/ks405818/Master/lyalpha_one_loop/runs/accdm/accdm_scan_highf_q5001_v1/theory/accdm_logm17p5714285714286_logfm0p775.npz,runs/accdm/accdm_scan_highf_q5001_v1/theory/accdm_logm17p5714285714286_logfm0p775.npz
17.7142857143|-0.7750000000,upper_grid,fit,high_q5001_original,/home/2/ks405818/Master/lyalpha_one_loop/runs/accdm/accdm_scan_highf_q5001_v1/fits/accdm_logm17p7142857142857_logfm0p775.json,runs/accdm/accdm_scan_highf_q5001_v1/fits/accdm_logm17p7142857142857_logfm0p775.json
17.7142857143|-0.7750000000,upper_grid,theory,high_q5001_original,/home/2/ks405818/Master/lyalpha_one_loop/runs/accdm/accdm_scan_highf_q5001_v1/theory/accdm_logm17p7142857142857_logfm0p775.npz,runs/accdm/accdm_scan_highf_q5001_v1/theory/accdm_logm17p7142857142857_logfm0p775.npz
17.8571428571|-0.7750000000,upper_grid,fit,high_q5001_original,/home/2/ks405818/Master/lyalpha_one_loop/runs/accdm/accdm_scan_highf_q5001_v1/fits/accdm_logm17p8571428571429_logfm0p775.json,runs/accdm/accdm_scan_highf_q5001_v1/fits/accdm_logm17p8571428571429_logfm0p775.json
17.8571428571|-0.7750000000,upper_grid,theory,high_q5001_original,/home/2/ks405818/Master/lyalpha_one_loop/runs/accdm/accdm_scan_highf_q5001_v1/theory/accdm_logm17p8571428571429_logfm0p775.npz,runs/accdm/accdm_scan_highf_q5001_v1/theory/accdm_logm17p8571428571429_logfm0p775.npz
18.0000000000|-0.7750000000,upper_grid,fit,high_q5001_original,/home/2/ks405818/Master/lyalpha_one_loop/runs/accdm/accdm_scan_highf_q5001_v1/fits/accdm_logm18_logfm0p775.json,runs/accdm/accdm_scan_highf_q5001_v1/fits/accdm_logm18_logfm0p775.json
18.0000000000|-0.7750000000,upper_grid,theory,high_q5001_original,/home/2/ks405818/Master/lyalpha_one_loop/runs/accdm/accdm_scan_highf_q5001_v1/theory/accdm_logm18_logfm0p775.npz,runs/accdm/accdm_scan_highf_q5001_v1/theory/accdm_logm18_logfm0p775.npz
11.0000000000|-0.7000000000,upper_grid,fit,high_q5001_original,/home/2/ks405818/Master/lyalpha_one_loop/runs/accdm/accdm_scan_highf_q5001_v1/fits/accdm_logm11_logfm0p7.json,runs/accdm/accdm_scan_highf_q5001_v1/fits/accdm_logm11_logfm0p7.json
11.0000000000|-0.7000000000,upper_grid,theory,high_q5001_original,/home/2/ks405818/Master/lyalpha_one_loop/runs/accdm/accdm_scan_highf_q5001_v1/theory/accdm_logm11_logfm0p7.npz,runs/accdm/accdm_scan_highf_q5001_v1/theory/accdm_logm11_logfm0p7.npz
11.1428571429|-0.7000000000,upper_grid,fit,high_q5001_original,/home/2/ks405818/Master/lyalpha_one_loop/runs/accdm/accdm_scan_highf_q5001_v1/fits/accdm_logm11p1428571428571_logfm0p7.json,runs/accdm/accdm_scan_highf_q5001_v1/fits/accdm_logm11p1428571428571_logfm0p7.json
11.1428571429|-0.7000000000,upper_grid,theory,high_q5001_original,/home/2/ks405818/Master/lyalpha_one_loop/runs/accdm/accdm_scan_highf_q5001_v1/theory/accdm_logm11p1428571428571_logfm0p7.npz,runs/accdm/accdm_scan_highf_q5001_v1/theory/accdm_logm11p1428571428571_logfm0p7.npz
11.2857142857|-0.7000000000,upper_grid,fit,high_q5001_original,/home/2/ks405818/Master/lyalpha_one_loop/runs/accdm/accdm_scan_highf_q5001_v1/fits/accdm_logm11p2857142857143_logfm0p7.json,runs/accdm/accdm_scan_highf_q5001_v1/fits/accdm_logm11p2857142857143_logfm0p7.json
11.2857142857|-0.7000000000,upper_grid,theory,high_q5001_original,/home/2/ks405818/Master/lyalpha_one_loop/runs/accdm/accdm_scan_highf_q5001_v1/theory/accdm_logm11p2857142857143_logfm0p7.npz,runs/accdm/accdm_scan_highf_q5001_v1/theory/accdm_logm11p2857142857143_logfm0p7.npz
11.4285714286|-0.7000000000,upper_grid,fit,high_q5001_original,/home/2/ks405818/Master/lyalpha_one_loop/runs/accdm/accdm_scan_highf_q5001_v1/fits/accdm_logm11p4285714285714_logfm0p7.json,runs/accdm/accdm_scan_highf_q5001_v1/fits/accdm_logm11p4285714285714_logfm0p7.json
11.4285714286|-0.7000000000,upper_grid,theory,high_q5001_original,/home/2/ks405818/Master/lyalpha_one_loop/runs/accdm/accdm_scan_highf_q5001_v1/theory/accdm_logm11p4285714285714_logfm0p7.npz,runs/accdm/accdm_scan_highf_q5001_v1/theory/accdm_logm11p4285714285714_logfm0p7.npz
11.5714285714|-0.7000000000,upper_grid,fit,high_q5001_recovery_10core,/home/2/ks405818/Master/lyalpha_one_loop/runs/accdm/accdm_scan_highf_q5001_recovery_10core_v1/fits/accdm_logm11p5714285714286_logfm0p7.json,runs/accdm/accdm_scan_highf_q5001_recovery_10core_v1/fits/accdm_logm11p5714285714286_logfm0p7.json
11.5714285714|-0.7000000000,upper_grid,theory,high_q5001_recovery_10core,/home/2/ks405818/Master/lyalpha_one_loop/runs/accdm/accdm_scan_highf_q5001_recovery_10core_v1/theory/accdm_logm11p5714285714286_logfm0p7.npz,runs/accdm/accdm_scan_highf_q5001_recovery_10core_v1/theory/accdm_logm11p5714285714286_logfm0p7.npz
11.7142857143|-0.7000000000,upper_grid,fit,high_q5001_recovery_10core,/home/2/ks405818/Master/lyalpha_one_loop/runs/accdm/accdm_scan_highf_q5001_recovery_10core_v1/fits/accdm_logm11p7142857142857_logfm0p7.json,runs/accdm/accdm_scan_highf_q5001_recovery_10core_v1/fits/accdm_logm11p7142857142857_logfm0p7.json
11.7142857143|-0.7000000000,upper_grid,theory,high_q5001_recovery_10core,/home/2/ks405818/Master/lyalpha_one_loop/runs/accdm/accdm_scan_highf_q5001_recovery_10core_v1/theory/accdm_logm11p7142857142857_logfm0p7.npz,runs/accdm/accdm_scan_highf_q5001_recovery_10core_v1/theory/accdm_logm11p7142857142857_logfm0p7.npz
11.8571428571|-0.7000000000,upper_grid,fit,high_q5001_recovery_10core,/home/2/ks405818/Master/lyalpha_one_loop/runs/accdm/accdm_scan_highf_q5001_recovery_10core_v1/fits/accdm_logm11p8571428571429_logfm0p7.json,runs/accdm/accdm_scan_highf_q5001_recovery_10core_v1/fits/accdm_logm11p8571428571429_logfm0p7.json
11.8571428571|-0.7000000000,upper_grid,theory,high_q5001_recovery_10core,/home/2/ks405818/Master/lyalpha_one_loop/runs/accdm/accdm_scan_highf_q5001_recovery_10core_v1/theory/accdm_logm11p8571428571429_logfm0p7.npz,runs/accdm/accdm_scan_highf_q5001_recovery_10core_v1/theory/accdm_logm11p8571428571429_logfm0p7.npz
12.0000000000|-0.7000000000,upper_grid,fit,high_q5001_recovery_10core,/home/2/ks405818/Master/lyalpha_one_loop/runs/accdm/accdm_scan_highf_q5001_recovery_10core_v1/fits/accdm_logm12_logfm0p7.json,runs/accdm/accdm_scan_highf_q5001_recovery_10core_v1/fits/accdm_logm12_logfm0p7.json
12.0000000000|-0.7000000000,upper_grid,theory,high_q5001_recovery_10core,/home/2/ks405818/Master/lyalpha_one_loop/runs/accdm/accdm_scan_highf_q5001_recovery_10core_v1/theory/accdm_logm12_logfm0p7.npz,runs/accdm/accdm_scan_highf_q5001_recovery_10core_v1/theory/accdm_logm12_logfm0p7.npz
12.2857142857|-0.7000000000,upper_grid,fit,high_q5001_recovery_10core,/home/2/ks405818/Master/lyalpha_one_loop/runs/accdm/accdm_scan_highf_q5001_recovery_10core_v1/fits/accdm_logm12p2857142857143_logfm0p7.json,runs/accdm/accdm_scan_highf_q5001_recovery_10core_v1/fits/accdm_logm12p2857142857143_logfm0p7.json
12.2857142857|-0.7000000000,upper_grid,theory,high_q5001_recovery_10core,/home/2/ks405818/Master/lyalpha_one_loop/runs/accdm/accdm_scan_highf_q5001_recovery_10core_v1/theory/accdm_logm12p2857142857143_logfm0p7.npz,runs/accdm/accdm_scan_highf_q5001_recovery_10core_v1/theory/accdm_logm12p2857142857143_logfm0p7.npz
12.4285714286|-0.7000000000,upper_grid,fit,high_q5001_recovery_10core,/home/2/ks405818/Master/lyalpha_one_loop/runs/accdm/accdm_scan_highf_q5001_recovery_10core_v1/fits/accdm_logm12p4285714285714_logfm0p7.json,runs/accdm/accdm_scan_highf_q5001_recovery_10core_v1/fits/accdm_logm12p4285714285714_logfm0p7.json
12.4285714286|-0.7000000000,upper_grid,theory,high_q5001_recovery_10core,/home/2/ks405818/Master/lyalpha_one_loop/runs/accdm/accdm_scan_highf_q5001_recovery_10core_v1/theory/accdm_logm12p4285714285714_logfm0p7.npz,runs/accdm/accdm_scan_highf_q5001_recovery_10core_v1/theory/accdm_logm12p4285714285714_logfm0p7.npz
12.5714285714|-0.7000000000,upper_grid,fit,high_q5001_recovery_10core,/home/2/ks405818/Master/lyalpha_one_loop/runs/accdm/accdm_scan_highf_q5001_recovery_10core_v1/fits/accdm_logm12p5714285714286_logfm0p7.json,runs/accdm/accdm_scan_highf_q5001_recovery_10core_v1/fits/accdm_logm12p5714285714286_logfm0p7.json
12.5714285714|-0.7000000000,upper_grid,theory,high_q5001_recovery_10core,/home/2/ks405818/Master/lyalpha_one_loop/runs/accdm/accdm_scan_highf_q5001_recovery_10core_v1/theory/accdm_logm12p5714285714286_logfm0p7.npz,runs/accdm/accdm_scan_highf_q5001_recovery_10core_v1/theory/accdm_logm12p5714285714286_logfm0p7.npz
12.7142857143|-0.7000000000,upper_grid,fit,high_q5001_recovery_10core,/home/2/ks405818/Master/lyalpha_one_loop/runs/accdm/accdm_scan_highf_q5001_recovery_10core_v1/fits/accdm_logm12p7142857142857_logfm0p7.json,runs/accdm/accdm_scan_highf_q5001_recovery_10core_v1/fits/accdm_logm12p7142857142857_logfm0p7.json
12.7142857143|-0.7000000000,upper_grid,theory,high_q5001_recovery_10core,/home/2/ks405818/Master/lyalpha_one_loop/runs/accdm/accdm_scan_highf_q5001_recovery_10core_v1/theory/accdm_logm12p7142857142857_logfm0p7.npz,runs/accdm/accdm_scan_highf_q5001_recovery_10core_v1/theory/accdm_logm12p7142857142857_logfm0p7.npz
12.8571428571|-0.7000000000,upper_grid,fit,high_q5001_recovery_10core,/home/2/ks405818/Master/lyalpha_one_loop/runs/accdm/accdm_scan_highf_q5001_recovery_10core_v1/fits/accdm_logm12p8571428571429_logfm0p7.json,runs/accdm/accdm_scan_highf_q5001_recovery_10core_v1/fits/accdm_logm12p8571428571429_logfm0p7.json
12.8571428571|-0.7000000000,upper_grid,theory,high_q5001_recovery_10core,/home/2/ks405818/Master/lyalpha_one_loop/runs/accdm/accdm_scan_highf_q5001_recovery_10core_v1/theory/accdm_logm12p8571428571429_logfm0p7.npz,runs/accdm/accdm_scan_highf_q5001_recovery_10core_v1/theory/accdm_logm12p8571428571429_logfm0p7.npz
13.0000000000|-0.7000000000,upper_grid,fit,high_q5001_recovery_10core,/home/2/ks405818/Master/lyalpha_one_loop/runs/accdm/accdm_scan_highf_q5001_recovery_10core_v1/fits/accdm_logm13_logfm0p7.json,runs/accdm/accdm_scan_highf_q5001_recovery_10core_v1/fits/accdm_logm13_logfm0p7.json
13.0000000000|-0.7000000000,upper_grid,theory,high_q5001_recovery_10core,/home/2/ks405818/Master/lyalpha_one_loop/runs/accdm/accdm_scan_highf_q5001_recovery_10core_v1/theory/accdm_logm13_logfm0p7.npz,runs/accdm/accdm_scan_highf_q5001_recovery_10core_v1/theory/accdm_logm13_logfm0p7.npz
13.1428571429|-0.7000000000,upper_grid,fit,high_q5001_recovery_10core,/home/2/ks405818/Master/lyalpha_one_loop/runs/accdm/accdm_scan_highf_q5001_recovery_10core_v1/fits/accdm_logm13p1428571428571_logfm0p7.json,runs/accdm/accdm_scan_highf_q5001_recovery_10core_v1/fits/accdm_logm13p1428571428571_logfm0p7.json
13.1428571429|-0.7000000000,upper_grid,theory,high_q5001_recovery_10core,/home/2/ks405818/Master/lyalpha_one_loop/runs/accdm/accdm_scan_highf_q5001_recovery_10core_v1/theory/accdm_logm13p1428571428571_logfm0p7.npz,runs/accdm/accdm_scan_highf_q5001_recovery_10core_v1/theory/accdm_logm13p1428571428571_logfm0p7.npz
13.2857142857|-0.7000000000,upper_grid,fit,high_q5001_recovery_10core,/home/2/ks405818/Master/lyalpha_one_loop/runs/accdm/accdm_scan_highf_q5001_recovery_10core_v1/fits/accdm_logm13p2857142857143_logfm0p7.json,runs/accdm/accdm_scan_highf_q5001_recovery_10core_v1/fits/accdm_logm13p2857142857143_logfm0p7.json
13.2857142857|-0.7000000000,upper_grid,theory,high_q5001_recovery_10core,/home/2/ks405818/Master/lyalpha_one_loop/runs/accdm/accdm_scan_highf_q5001_recovery_10core_v1/theory/accdm_logm13p2857142857143_logfm0p7.npz,runs/accdm/accdm_scan_highf_q5001_recovery_10core_v1/theory/accdm_logm13p2857142857143_logfm0p7.npz
13.4285714286|-0.7000000000,upper_grid,fit,high_q5001_recovery_10core,/home/2/ks405818/Master/lyalpha_one_loop/runs/accdm/accdm_scan_highf_q5001_recovery_10core_v1/fits/accdm_logm13p4285714285714_logfm0p7.json,runs/accdm/accdm_scan_highf_q5001_recovery_10core_v1/fits/accdm_logm13p4285714285714_logfm0p7.json
13.4285714286|-0.7000000000,upper_grid,theory,high_q5001_recovery_10core,/home/2/ks405818/Master/lyalpha_one_loop/runs/accdm/accdm_scan_highf_q5001_recovery_10core_v1/theory/accdm_logm13p4285714285714_logfm0p7.npz,runs/accdm/accdm_scan_highf_q5001_recovery_10core_v1/theory/accdm_logm13p4285714285714_logfm0p7.npz
13.7142857143|-0.7000000000,upper_grid,fit,high_q5001_recovery_10core,/home/2/ks405818/Master/lyalpha_one_loop/runs/accdm/accdm_scan_highf_q5001_recovery_10core_v1/fits/accdm_logm13p7142857142857_logfm0p7.json,runs/accdm/accdm_scan_highf_q5001_recovery_10core_v1/fits/accdm_logm13p7142857142857_logfm0p7.json
13.7142857143|-0.7000000000,upper_grid,theory,high_q5001_recovery_10core,/home/2/ks405818/Master/lyalpha_one_loop/runs/accdm/accdm_scan_highf_q5001_recovery_10core_v1/theory/accdm_logm13p7142857142857_logfm0p7.npz,runs/accdm/accdm_scan_highf_q5001_recovery_10core_v1/theory/accdm_logm13p7142857142857_logfm0p7.npz
13.8571428571|-0.7000000000,upper_grid,fit,high_q5001_recovery_10core,/home/2/ks405818/Master/lyalpha_one_loop/runs/accdm/accdm_scan_highf_q5001_recovery_10core_v1/fits/accdm_logm13p8571428571429_logfm0p7.json,runs/accdm/accdm_scan_highf_q5001_recovery_10core_v1/fits/accdm_logm13p8571428571429_logfm0p7.json
13.8571428571|-0.7000000000,upper_grid,theory,high_q5001_recovery_10core,/home/2/ks405818/Master/lyalpha_one_loop/runs/accdm/accdm_scan_highf_q5001_recovery_10core_v1/theory/accdm_logm13p8571428571429_logfm0p7.npz,runs/accdm/accdm_scan_highf_q5001_recovery_10core_v1/theory/accdm_logm13p8571428571429_logfm0p7.npz
14.0000000000|-0.7000000000,upper_grid,fit,high_q5001_recovery_10core,/home/2/ks405818/Master/lyalpha_one_loop/runs/accdm/accdm_scan_highf_q5001_recovery_10core_v1/fits/accdm_logm14_logfm0p7.json,runs/accdm/accdm_scan_highf_q5001_recovery_10core_v1/fits/accdm_logm14_logfm0p7.json
14.0000000000|-0.7000000000,upper_grid,theory,high_q5001_recovery_10core,/home/2/ks405818/Master/lyalpha_one_loop/runs/accdm/accdm_scan_highf_q5001_recovery_10core_v1/theory/accdm_logm14_logfm0p7.npz,runs/accdm/accdm_scan_highf_q5001_recovery_10core_v1/theory/accdm_logm14_logfm0p7.npz
14.1428571429|-0.7000000000,upper_grid,fit,high_q5001_recovery_10core,/home/2/ks405818/Master/lyalpha_one_loop/runs/accdm/accdm_scan_highf_q5001_recovery_10core_v1/fits/accdm_logm14p1428571428571_logfm0p7.json,runs/accdm/accdm_scan_highf_q5001_recovery_10core_v1/fits/accdm_logm14p1428571428571_logfm0p7.json
14.1428571429|-0.7000000000,upper_grid,theory,high_q5001_recovery_10core,/home/2/ks405818/Master/lyalpha_one_loop/runs/accdm/accdm_scan_highf_q5001_recovery_10core_v1/theory/accdm_logm14p1428571428571_logfm0p7.npz,runs/accdm/accdm_scan_highf_q5001_recovery_10core_v1/theory/accdm_logm14p1428571428571_logfm0p7.npz
14.2857142857|-0.7000000000,upper_grid,fit,high_q5001_recovery_10core,/home/2/ks405818/Master/lyalpha_one_loop/runs/accdm/accdm_scan_highf_q5001_recovery_10core_v1/fits/accdm_logm14p2857142857143_logfm0p7.json,runs/accdm/accdm_scan_highf_q5001_recovery_10core_v1/fits/accdm_logm14p2857142857143_logfm0p7.json
14.2857142857|-0.7000000000,upper_grid,theory,high_q5001_recovery_10core,/home/2/ks405818/Master/lyalpha_one_loop/runs/accdm/accdm_scan_highf_q5001_recovery_10core_v1/theory/accdm_logm14p2857142857143_logfm0p7.npz,runs/accdm/accdm_scan_highf_q5001_recovery_10core_v1/theory/accdm_logm14p2857142857143_logfm0p7.npz
14.4285714286|-0.7000000000,upper_grid,fit,high_q5001_recovery_10core,/home/2/ks405818/Master/lyalpha_one_loop/runs/accdm/accdm_scan_highf_q5001_recovery_10core_v1/fits/accdm_logm14p4285714285714_logfm0p7.json,runs/accdm/accdm_scan_highf_q5001_recovery_10core_v1/fits/accdm_logm14p4285714285714_logfm0p7.json
14.4285714286|-0.7000000000,upper_grid,theory,high_q5001_recovery_10core,/home/2/ks405818/Master/lyalpha_one_loop/runs/accdm/accdm_scan_highf_q5001_recovery_10core_v1/theory/accdm_logm14p4285714285714_logfm0p7.npz,runs/accdm/accdm_scan_highf_q5001_recovery_10core_v1/theory/accdm_logm14p4285714285714_logfm0p7.npz
14.5714285714|-0.7000000000,upper_grid,fit,high_q5001_recovery_10core,/home/2/ks405818/Master/lyalpha_one_loop/runs/accdm/accdm_scan_highf_q5001_recovery_10core_v1/fits/accdm_logm14p5714285714286_logfm0p7.json,runs/accdm/accdm_scan_highf_q5001_recovery_10core_v1/fits/accdm_logm14p5714285714286_logfm0p7.json
14.5714285714|-0.7000000000,upper_grid,theory,high_q5001_recovery_10core,/home/2/ks405818/Master/lyalpha_one_loop/runs/accdm/accdm_scan_highf_q5001_recovery_10core_v1/theory/accdm_logm14p5714285714286_logfm0p7.npz,runs/accdm/accdm_scan_highf_q5001_recovery_10core_v1/theory/accdm_logm14p5714285714286_logfm0p7.npz
14.7142857143|-0.7000000000,upper_grid,fit,high_q5001_recovery_10core,/home/2/ks405818/Master/lyalpha_one_loop/runs/accdm/accdm_scan_highf_q5001_recovery_10core_v1/fits/accdm_logm14p7142857142857_logfm0p7.json,runs/accdm/accdm_scan_highf_q5001_recovery_10core_v1/fits/accdm_logm14p7142857142857_logfm0p7.json
14.7142857143|-0.7000000000,upper_grid,theory,high_q5001_recovery_10core,/home/2/ks405818/Master/lyalpha_one_loop/runs/accdm/accdm_scan_highf_q5001_recovery_10core_v1/theory/accdm_logm14p7142857142857_logfm0p7.npz,runs/accdm/accdm_scan_highf_q5001_recovery_10core_v1/theory/accdm_logm14p7142857142857_logfm0p7.npz
14.8571428571|-0.7000000000,upper_grid,fit,high_q5001_recovery_10core,/home/2/ks405818/Master/lyalpha_one_loop/runs/accdm/accdm_scan_highf_q5001_recovery_10core_v1/fits/accdm_logm14p8571428571429_logfm0p7.json,runs/accdm/accdm_scan_highf_q5001_recovery_10core_v1/fits/accdm_logm14p8571428571429_logfm0p7.json
14.8571428571|-0.7000000000,upper_grid,theory,high_q5001_recovery_10core,/home/2/ks405818/Master/lyalpha_one_loop/runs/accdm/accdm_scan_highf_q5001_recovery_10core_v1/theory/accdm_logm14p8571428571429_logfm0p7.npz,runs/accdm/accdm_scan_highf_q5001_recovery_10core_v1/theory/accdm_logm14p8571428571429_logfm0p7.npz
15.1428571429|-0.7000000000,upper_grid,fit,high_q5001_recovery_10core,/home/2/ks405818/Master/lyalpha_one_loop/runs/accdm/accdm_scan_highf_q5001_recovery_10core_v1/fits/accdm_logm15p1428571428571_logfm0p7.json,runs/accdm/accdm_scan_highf_q5001_recovery_10core_v1/fits/accdm_logm15p1428571428571_logfm0p7.json
15.1428571429|-0.7000000000,upper_grid,theory,high_q5001_recovery_10core,/home/2/ks405818/Master/lyalpha_one_loop/runs/accdm/accdm_scan_highf_q5001_recovery_10core_v1/theory/accdm_logm15p1428571428571_logfm0p7.npz,runs/accdm/accdm_scan_highf_q5001_recovery_10core_v1/theory/accdm_logm15p1428571428571_logfm0p7.npz
15.2857142857|-0.7000000000,upper_grid,fit,high_q5001_recovery_10core,/home/2/ks405818/Master/lyalpha_one_loop/runs/accdm/accdm_scan_highf_q5001_recovery_10core_v1/fits/accdm_logm15p2857142857143_logfm0p7.json,runs/accdm/accdm_scan_highf_q5001_recovery_10core_v1/fits/accdm_logm15p2857142857143_logfm0p7.json
15.2857142857|-0.7000000000,upper_grid,theory,high_q5001_recovery_10core,/home/2/ks405818/Master/lyalpha_one_loop/runs/accdm/accdm_scan_highf_q5001_recovery_10core_v1/theory/accdm_logm15p2857142857143_logfm0p7.npz,runs/accdm/accdm_scan_highf_q5001_recovery_10core_v1/theory/accdm_logm15p2857142857143_logfm0p7.npz
15.4285714286|-0.7000000000,upper_grid,fit,high_q5001_recovery_10core,/home/2/ks405818/Master/lyalpha_one_loop/runs/accdm/accdm_scan_highf_q5001_recovery_10core_v1/fits/accdm_logm15p4285714285714_logfm0p7.json,runs/accdm/accdm_scan_highf_q5001_recovery_10core_v1/fits/accdm_logm15p4285714285714_logfm0p7.json
15.4285714286|-0.7000000000,upper_grid,theory,high_q5001_recovery_10core,/home/2/ks405818/Master/lyalpha_one_loop/runs/accdm/accdm_scan_highf_q5001_recovery_10core_v1/theory/accdm_logm15p4285714285714_logfm0p7.npz,runs/accdm/accdm_scan_highf_q5001_recovery_10core_v1/theory/accdm_logm15p4285714285714_logfm0p7.npz
15.5714285714|-0.7000000000,upper_grid,fit,high_q5001_recovery_10core,/home/2/ks405818/Master/lyalpha_one_loop/runs/accdm/accdm_scan_highf_q5001_recovery_10core_v1/fits/accdm_logm15p5714285714286_logfm0p7.json,runs/accdm/accdm_scan_highf_q5001_recovery_10core_v1/fits/accdm_logm15p5714285714286_logfm0p7.json
15.5714285714|-0.7000000000,upper_grid,theory,high_q5001_recovery_10core,/home/2/ks405818/Master/lyalpha_one_loop/runs/accdm/accdm_scan_highf_q5001_recovery_10core_v1/theory/accdm_logm15p5714285714286_logfm0p7.npz,runs/accdm/accdm_scan_highf_q5001_recovery_10core_v1/theory/accdm_logm15p5714285714286_logfm0p7.npz
15.7142857143|-0.7000000000,upper_grid,fit,high_q5001_recovery_10core,/home/2/ks405818/Master/lyalpha_one_loop/runs/accdm/accdm_scan_highf_q5001_recovery_10core_v1/fits/accdm_logm15p7142857142857_logfm0p7.json,runs/accdm/accdm_scan_highf_q5001_recovery_10core_v1/fits/accdm_logm15p7142857142857_logfm0p7.json
15.7142857143|-0.7000000000,upper_grid,theory,high_q5001_recovery_10core,/home/2/ks405818/Master/lyalpha_one_loop/runs/accdm/accdm_scan_highf_q5001_recovery_10core_v1/theory/accdm_logm15p7142857142857_logfm0p7.npz,runs/accdm/accdm_scan_highf_q5001_recovery_10core_v1/theory/accdm_logm15p7142857142857_logfm0p7.npz
15.8571428571|-0.7000000000,upper_grid,fit,high_q5001_recovery_10core,/home/2/ks405818/Master/lyalpha_one_loop/runs/accdm/accdm_scan_highf_q5001_recovery_10core_v1/fits/accdm_logm15p8571428571429_logfm0p7.json,runs/accdm/accdm_scan_highf_q5001_recovery_10core_v1/fits/accdm_logm15p8571428571429_logfm0p7.json
15.8571428571|-0.7000000000,upper_grid,theory,high_q5001_recovery_10core,/home/2/ks405818/Master/lyalpha_one_loop/runs/accdm/accdm_scan_highf_q5001_recovery_10core_v1/theory/accdm_logm15p8571428571429_logfm0p7.npz,runs/accdm/accdm_scan_highf_q5001_recovery_10core_v1/theory/accdm_logm15p8571428571429_logfm0p7.npz
16.0000000000|-0.7000000000,upper_grid,fit,high_q5001_recovery_10core,/home/2/ks405818/Master/lyalpha_one_loop/runs/accdm/accdm_scan_highf_q5001_recovery_10core_v1/fits/accdm_logm16_logfm0p7.json,runs/accdm/accdm_scan_highf_q5001_recovery_10core_v1/fits/accdm_logm16_logfm0p7.json
16.0000000000|-0.7000000000,upper_grid,theory,high_q5001_recovery_10core,/home/2/ks405818/Master/lyalpha_one_loop/runs/accdm/accdm_scan_highf_q5001_recovery_10core_v1/theory/accdm_logm16_logfm0p7.npz,runs/accdm/accdm_scan_highf_q5001_recovery_10core_v1/theory/accdm_logm16_logfm0p7.npz
16.1428571429|-0.7000000000,upper_grid,fit,high_q5001_recovery_10core,/home/2/ks405818/Master/lyalpha_one_loop/runs/accdm/accdm_scan_highf_q5001_recovery_10core_v1/fits/accdm_logm16p1428571428571_logfm0p7.json,runs/accdm/accdm_scan_highf_q5001_recovery_10core_v1/fits/accdm_logm16p1428571428571_logfm0p7.json
16.1428571429|-0.7000000000,upper_grid,theory,high_q5001_recovery_10core,/home/2/ks405818/Master/lyalpha_one_loop/runs/accdm/accdm_scan_highf_q5001_recovery_10core_v1/theory/accdm_logm16p1428571428571_logfm0p7.npz,runs/accdm/accdm_scan_highf_q5001_recovery_10core_v1/theory/accdm_logm16p1428571428571_logfm0p7.npz
16.2857142857|-0.7000000000,upper_grid,fit,high_q5001_recovery_10core,/home/2/ks405818/Master/lyalpha_one_loop/runs/accdm/accdm_scan_highf_q5001_recovery_10core_v1/fits/accdm_logm16p2857142857143_logfm0p7.json,runs/accdm/accdm_scan_highf_q5001_recovery_10core_v1/fits/accdm_logm16p2857142857143_logfm0p7.json
16.2857142857|-0.7000000000,upper_grid,theory,high_q5001_recovery_10core,/home/2/ks405818/Master/lyalpha_one_loop/runs/accdm/accdm_scan_highf_q5001_recovery_10core_v1/theory/accdm_logm16p2857142857143_logfm0p7.npz,runs/accdm/accdm_scan_highf_q5001_recovery_10core_v1/theory/accdm_logm16p2857142857143_logfm0p7.npz
16.4285714286|-0.7000000000,upper_grid,fit,high_q5001_recovery_10core,/home/2/ks405818/Master/lyalpha_one_loop/runs/accdm/accdm_scan_highf_q5001_recovery_10core_v1/fits/accdm_logm16p4285714285714_logfm0p7.json,runs/accdm/accdm_scan_highf_q5001_recovery_10core_v1/fits/accdm_logm16p4285714285714_logfm0p7.json
16.4285714286|-0.7000000000,upper_grid,theory,high_q5001_recovery_10core,/home/2/ks405818/Master/lyalpha_one_loop/runs/accdm/accdm_scan_highf_q5001_recovery_10core_v1/theory/accdm_logm16p4285714285714_logfm0p7.npz,runs/accdm/accdm_scan_highf_q5001_recovery_10core_v1/theory/accdm_logm16p4285714285714_logfm0p7.npz
16.5714285714|-0.7000000000,upper_grid,fit,high_q5001_recovery_10core,/home/2/ks405818/Master/lyalpha_one_loop/runs/accdm/accdm_scan_highf_q5001_recovery_10core_v1/fits/accdm_logm16p5714285714286_logfm0p7.json,runs/accdm/accdm_scan_highf_q5001_recovery_10core_v1/fits/accdm_logm16p5714285714286_logfm0p7.json
16.5714285714|-0.7000000000,upper_grid,theory,high_q5001_recovery_10core,/home/2/ks405818/Master/lyalpha_one_loop/runs/accdm/accdm_scan_highf_q5001_recovery_10core_v1/theory/accdm_logm16p5714285714286_logfm0p7.npz,runs/accdm/accdm_scan_highf_q5001_recovery_10core_v1/theory/accdm_logm16p5714285714286_logfm0p7.npz
16.7142857143|-0.7000000000,upper_grid,fit,high_q5001_recovery_10core,/home/2/ks405818/Master/lyalpha_one_loop/runs/accdm/accdm_scan_highf_q5001_recovery_10core_v1/fits/accdm_logm16p7142857142857_logfm0p7.json,runs/accdm/accdm_scan_highf_q5001_recovery_10core_v1/fits/accdm_logm16p7142857142857_logfm0p7.json
16.7142857143|-0.7000000000,upper_grid,theory,high_q5001_recovery_10core,/home/2/ks405818/Master/lyalpha_one_loop/runs/accdm/accdm_scan_highf_q5001_recovery_10core_v1/theory/accdm_logm16p7142857142857_logfm0p7.npz,runs/accdm/accdm_scan_highf_q5001_recovery_10core_v1/theory/accdm_logm16p7142857142857_logfm0p7.npz
16.8571428571|-0.7000000000,upper_grid,fit,high_q5001_recovery_10core,/home/2/ks405818/Master/lyalpha_one_loop/runs/accdm/accdm_scan_highf_q5001_recovery_10core_v1/fits/accdm_logm16p8571428571429_logfm0p7.json,runs/accdm/accdm_scan_highf_q5001_recovery_10core_v1/fits/accdm_logm16p8571428571429_logfm0p7.json
16.8571428571|-0.7000000000,upper_grid,theory,high_q5001_recovery_10core,/home/2/ks405818/Master/lyalpha_one_loop/runs/accdm/accdm_scan_highf_q5001_recovery_10core_v1/theory/accdm_logm16p8571428571429_logfm0p7.npz,runs/accdm/accdm_scan_highf_q5001_recovery_10core_v1/theory/accdm_logm16p8571428571429_logfm0p7.npz
17.0000000000|-0.7000000000,upper_grid,fit,high_q5001_recovery_10core,/home/2/ks405818/Master/lyalpha_one_loop/runs/accdm/accdm_scan_highf_q5001_recovery_10core_v1/fits/accdm_logm17_logfm0p7.json,runs/accdm/accdm_scan_highf_q5001_recovery_10core_v1/fits/accdm_logm17_logfm0p7.json
17.0000000000|-0.7000000000,upper_grid,theory,high_q5001_recovery_10core,/home/2/ks405818/Master/lyalpha_one_loop/runs/accdm/accdm_scan_highf_q5001_recovery_10core_v1/theory/accdm_logm17_logfm0p7.npz,runs/accdm/accdm_scan_highf_q5001_recovery_10core_v1/theory/accdm_logm17_logfm0p7.npz
17.1428571429|-0.7000000000,upper_grid,fit,high_q5001_recovery_10core,/home/2/ks405818/Master/lyalpha_one_loop/runs/accdm/accdm_scan_highf_q5001_recovery_10core_v1/fits/accdm_logm17p1428571428571_logfm0p7.json,runs/accdm/accdm_scan_highf_q5001_recovery_10core_v1/fits/accdm_logm17p1428571428571_logfm0p7.json
17.1428571429|-0.7000000000,upper_grid,theory,high_q5001_recovery_10core,/home/2/ks405818/Master/lyalpha_one_loop/runs/accdm/accdm_scan_highf_q5001_recovery_10core_v1/theory/accdm_logm17p1428571428571_logfm0p7.npz,runs/accdm/accdm_scan_highf_q5001_recovery_10core_v1/theory/accdm_logm17p1428571428571_logfm0p7.npz
17.2857142857|-0.7000000000,upper_grid,fit,high_q5001_recovery_10core,/home/2/ks405818/Master/lyalpha_one_loop/runs/accdm/accdm_scan_highf_q5001_recovery_10core_v1/fits/accdm_logm17p2857142857143_logfm0p7.json,runs/accdm/accdm_scan_highf_q5001_recovery_10core_v1/fits/accdm_logm17p2857142857143_logfm0p7.json
17.2857142857|-0.7000000000,upper_grid,theory,high_q5001_recovery_10core,/home/2/ks405818/Master/lyalpha_one_loop/runs/accdm/accdm_scan_highf_q5001_recovery_10core_v1/theory/accdm_logm17p2857142857143_logfm0p7.npz,runs/accdm/accdm_scan_highf_q5001_recovery_10core_v1/theory/accdm_logm17p2857142857143_logfm0p7.npz
17.4285714286|-0.7000000000,upper_grid,fit,high_q5001_recovery_10core,/home/2/ks405818/Master/lyalpha_one_loop/runs/accdm/accdm_scan_highf_q5001_recovery_10core_v1/fits/accdm_logm17p4285714285714_logfm0p7.json,runs/accdm/accdm_scan_highf_q5001_recovery_10core_v1/fits/accdm_logm17p4285714285714_logfm0p7.json
17.4285714286|-0.7000000000,upper_grid,theory,high_q5001_recovery_10core,/home/2/ks405818/Master/lyalpha_one_loop/runs/accdm/accdm_scan_highf_q5001_recovery_10core_v1/theory/accdm_logm17p4285714285714_logfm0p7.npz,runs/accdm/accdm_scan_highf_q5001_recovery_10core_v1/theory/accdm_logm17p4285714285714_logfm0p7.npz
17.5714285714|-0.7000000000,upper_grid,fit,high_q5001_original,/home/2/ks405818/Master/lyalpha_one_loop/runs/accdm/accdm_scan_highf_q5001_v1/fits/accdm_logm17p5714285714286_logfm0p7.json,runs/accdm/accdm_scan_highf_q5001_v1/fits/accdm_logm17p5714285714286_logfm0p7.json
17.5714285714|-0.7000000000,upper_grid,theory,high_q5001_original,/home/2/ks405818/Master/lyalpha_one_loop/runs/accdm/accdm_scan_highf_q5001_v1/theory/accdm_logm17p5714285714286_logfm0p7.npz,runs/accdm/accdm_scan_highf_q5001_v1/theory/accdm_logm17p5714285714286_logfm0p7.npz
17.7142857143|-0.7000000000,upper_grid,fit,high_q5001_original,/home/2/ks405818/Master/lyalpha_one_loop/runs/accdm/accdm_scan_highf_q5001_v1/fits/accdm_logm17p7142857142857_logfm0p7.json,runs/accdm/accdm_scan_highf_q5001_v1/fits/accdm_logm17p7142857142857_logfm0p7.json
17.7142857143|-0.7000000000,upper_grid,theory,high_q5001_original,/home/2/ks405818/Master/lyalpha_one_loop/runs/accdm/accdm_scan_highf_q5001_v1/theory/accdm_logm17p7142857142857_logfm0p7.npz,runs/accdm/accdm_scan_highf_q5001_v1/theory/accdm_logm17p7142857142857_logfm0p7.npz
17.8571428571|-0.7000000000,upper_grid,fit,high_q5001_original,/home/2/ks405818/Master/lyalpha_one_loop/runs/accdm/accdm_scan_highf_q5001_v1/fits/accdm_logm17p8571428571429_logfm0p7.json,runs/accdm/accdm_scan_highf_q5001_v1/fits/accdm_logm17p8571428571429_logfm0p7.json
17.8571428571|-0.7000000000,upper_grid,theory,high_q5001_original,/home/2/ks405818/Master/lyalpha_one_loop/runs/accdm/accdm_scan_highf_q5001_v1/theory/accdm_logm17p8571428571429_logfm0p7.npz,runs/accdm/accdm_scan_highf_q5001_v1/theory/accdm_logm17p8571428571429_logfm0p7.npz
18.0000000000|-0.7000000000,upper_grid,fit,high_q5001_original,/home/2/ks405818/Master/lyalpha_one_loop/runs/accdm/accdm_scan_highf_q5001_v1/fits/accdm_logm18_logfm0p7.json,runs/accdm/accdm_scan_highf_q5001_v1/fits/accdm_logm18_logfm0p7.json
18.0000000000|-0.7000000000,upper_grid,theory,high_q5001_original,/home/2/ks405818/Master/lyalpha_one_loop/runs/accdm/accdm_scan_highf_q5001_v1/theory/accdm_logm18_logfm0p7.npz,runs/accdm/accdm_scan_highf_q5001_v1/theory/accdm_logm18_logfm0p7.npz
11.0000000000|-0.6250000000,upper_grid,fit,high_q5001_original,/home/2/ks405818/Master/lyalpha_one_loop/runs/accdm/accdm_scan_highf_q5001_v1/fits/accdm_logm11_logfm0p625.json,runs/accdm/accdm_scan_highf_q5001_v1/fits/accdm_logm11_logfm0p625.json
11.0000000000|-0.6250000000,upper_grid,theory,high_q5001_original,/home/2/ks405818/Master/lyalpha_one_loop/runs/accdm/accdm_scan_highf_q5001_v1/theory/accdm_logm11_logfm0p625.npz,runs/accdm/accdm_scan_highf_q5001_v1/theory/accdm_logm11_logfm0p625.npz
11.1428571429|-0.6250000000,upper_grid,fit,high_q5001_original,/home/2/ks405818/Master/lyalpha_one_loop/runs/accdm/accdm_scan_highf_q5001_v1/fits/accdm_logm11p1428571428571_logfm0p625.json,runs/accdm/accdm_scan_highf_q5001_v1/fits/accdm_logm11p1428571428571_logfm0p625.json
11.1428571429|-0.6250000000,upper_grid,theory,high_q5001_original,/home/2/ks405818/Master/lyalpha_one_loop/runs/accdm/accdm_scan_highf_q5001_v1/theory/accdm_logm11p1428571428571_logfm0p625.npz,runs/accdm/accdm_scan_highf_q5001_v1/theory/accdm_logm11p1428571428571_logfm0p625.npz
11.2857142857|-0.6250000000,upper_grid,fit,high_q5001_original,/home/2/ks405818/Master/lyalpha_one_loop/runs/accdm/accdm_scan_highf_q5001_v1/fits/accdm_logm11p2857142857143_logfm0p625.json,runs/accdm/accdm_scan_highf_q5001_v1/fits/accdm_logm11p2857142857143_logfm0p625.json
11.2857142857|-0.6250000000,upper_grid,theory,high_q5001_original,/home/2/ks405818/Master/lyalpha_one_loop/runs/accdm/accdm_scan_highf_q5001_v1/theory/accdm_logm11p2857142857143_logfm0p625.npz,runs/accdm/accdm_scan_highf_q5001_v1/theory/accdm_logm11p2857142857143_logfm0p625.npz
11.4285714286|-0.6250000000,upper_grid,fit,high_q5001_original,/home/2/ks405818/Master/lyalpha_one_loop/runs/accdm/accdm_scan_highf_q5001_v1/fits/accdm_logm11p4285714285714_logfm0p625.json,runs/accdm/accdm_scan_highf_q5001_v1/fits/accdm_logm11p4285714285714_logfm0p625.json
11.4285714286|-0.6250000000,upper_grid,theory,high_q5001_original,/home/2/ks405818/Master/lyalpha_one_loop/runs/accdm/accdm_scan_highf_q5001_v1/theory/accdm_logm11p4285714285714_logfm0p625.npz,runs/accdm/accdm_scan_highf_q5001_v1/theory/accdm_logm11p4285714285714_logfm0p625.npz
11.5714285714|-0.6250000000,upper_grid,fit,high_q5001_recovery_10core,/home/2/ks405818/Master/lyalpha_one_loop/runs/accdm/accdm_scan_highf_q5001_recovery_10core_v1/fits/accdm_logm11p5714285714286_logfm0p625.json,runs/accdm/accdm_scan_highf_q5001_recovery_10core_v1/fits/accdm_logm11p5714285714286_logfm0p625.json
11.5714285714|-0.6250000000,upper_grid,theory,high_q5001_recovery_10core,/home/2/ks405818/Master/lyalpha_one_loop/runs/accdm/accdm_scan_highf_q5001_recovery_10core_v1/theory/accdm_logm11p5714285714286_logfm0p625.npz,runs/accdm/accdm_scan_highf_q5001_recovery_10core_v1/theory/accdm_logm11p5714285714286_logfm0p625.npz
11.8571428571|-0.6250000000,upper_grid,fit,high_q5001_recovery_10core,/home/2/ks405818/Master/lyalpha_one_loop/runs/accdm/accdm_scan_highf_q5001_recovery_10core_v1/fits/accdm_logm11p8571428571429_logfm0p625.json,runs/accdm/accdm_scan_highf_q5001_recovery_10core_v1/fits/accdm_logm11p8571428571429_logfm0p625.json
11.8571428571|-0.6250000000,upper_grid,theory,high_q5001_recovery_10core,/home/2/ks405818/Master/lyalpha_one_loop/runs/accdm/accdm_scan_highf_q5001_recovery_10core_v1/theory/accdm_logm11p8571428571429_logfm0p625.npz,runs/accdm/accdm_scan_highf_q5001_recovery_10core_v1/theory/accdm_logm11p8571428571429_logfm0p625.npz
12.0000000000|-0.6250000000,upper_grid,fit,high_q5001_recovery_10core,/home/2/ks405818/Master/lyalpha_one_loop/runs/accdm/accdm_scan_highf_q5001_recovery_10core_v1/fits/accdm_logm12_logfm0p625.json,runs/accdm/accdm_scan_highf_q5001_recovery_10core_v1/fits/accdm_logm12_logfm0p625.json
12.0000000000|-0.6250000000,upper_grid,theory,high_q5001_recovery_10core,/home/2/ks405818/Master/lyalpha_one_loop/runs/accdm/accdm_scan_highf_q5001_recovery_10core_v1/theory/accdm_logm12_logfm0p625.npz,runs/accdm/accdm_scan_highf_q5001_recovery_10core_v1/theory/accdm_logm12_logfm0p625.npz
12.1428571429|-0.6250000000,upper_grid,fit,high_q5001_recovery_10core,/home/2/ks405818/Master/lyalpha_one_loop/runs/accdm/accdm_scan_highf_q5001_recovery_10core_v1/fits/accdm_logm12p1428571428571_logfm0p625.json,runs/accdm/accdm_scan_highf_q5001_recovery_10core_v1/fits/accdm_logm12p1428571428571_logfm0p625.json
12.1428571429|-0.6250000000,upper_grid,theory,high_q5001_recovery_10core,/home/2/ks405818/Master/lyalpha_one_loop/runs/accdm/accdm_scan_highf_q5001_recovery_10core_v1/theory/accdm_logm12p1428571428571_logfm0p625.npz,runs/accdm/accdm_scan_highf_q5001_recovery_10core_v1/theory/accdm_logm12p1428571428571_logfm0p625.npz
12.2857142857|-0.6250000000,upper_grid,fit,high_q5001_recovery_10core,/home/2/ks405818/Master/lyalpha_one_loop/runs/accdm/accdm_scan_highf_q5001_recovery_10core_v1/fits/accdm_logm12p2857142857143_logfm0p625.json,runs/accdm/accdm_scan_highf_q5001_recovery_10core_v1/fits/accdm_logm12p2857142857143_logfm0p625.json
12.2857142857|-0.6250000000,upper_grid,theory,high_q5001_recovery_10core,/home/2/ks405818/Master/lyalpha_one_loop/runs/accdm/accdm_scan_highf_q5001_recovery_10core_v1/theory/accdm_logm12p2857142857143_logfm0p625.npz,runs/accdm/accdm_scan_highf_q5001_recovery_10core_v1/theory/accdm_logm12p2857142857143_logfm0p625.npz
12.4285714286|-0.6250000000,upper_grid,fit,high_q5001_recovery_10core,/home/2/ks405818/Master/lyalpha_one_loop/runs/accdm/accdm_scan_highf_q5001_recovery_10core_v1/fits/accdm_logm12p4285714285714_logfm0p625.json,runs/accdm/accdm_scan_highf_q5001_recovery_10core_v1/fits/accdm_logm12p4285714285714_logfm0p625.json
12.4285714286|-0.6250000000,upper_grid,theory,high_q5001_recovery_10core,/home/2/ks405818/Master/lyalpha_one_loop/runs/accdm/accdm_scan_highf_q5001_recovery_10core_v1/theory/accdm_logm12p4285714285714_logfm0p625.npz,runs/accdm/accdm_scan_highf_q5001_recovery_10core_v1/theory/accdm_logm12p4285714285714_logfm0p625.npz
12.5714285714|-0.6250000000,upper_grid,fit,high_q5001_recovery_10core,/home/2/ks405818/Master/lyalpha_one_loop/runs/accdm/accdm_scan_highf_q5001_recovery_10core_v1/fits/accdm_logm12p5714285714286_logfm0p625.json,runs/accdm/accdm_scan_highf_q5001_recovery_10core_v1/fits/accdm_logm12p5714285714286_logfm0p625.json
12.5714285714|-0.6250000000,upper_grid,theory,high_q5001_recovery_10core,/home/2/ks405818/Master/lyalpha_one_loop/runs/accdm/accdm_scan_highf_q5001_recovery_10core_v1/theory/accdm_logm12p5714285714286_logfm0p625.npz,runs/accdm/accdm_scan_highf_q5001_recovery_10core_v1/theory/accdm_logm12p5714285714286_logfm0p625.npz
12.7142857143|-0.6250000000,upper_grid,fit,high_q5001_recovery_10core,/home/2/ks405818/Master/lyalpha_one_loop/runs/accdm/accdm_scan_highf_q5001_recovery_10core_v1/fits/accdm_logm12p7142857142857_logfm0p625.json,runs/accdm/accdm_scan_highf_q5001_recovery_10core_v1/fits/accdm_logm12p7142857142857_logfm0p625.json
12.7142857143|-0.6250000000,upper_grid,theory,high_q5001_recovery_10core,/home/2/ks405818/Master/lyalpha_one_loop/runs/accdm/accdm_scan_highf_q5001_recovery_10core_v1/theory/accdm_logm12p7142857142857_logfm0p625.npz,runs/accdm/accdm_scan_highf_q5001_recovery_10core_v1/theory/accdm_logm12p7142857142857_logfm0p625.npz
12.8571428571|-0.6250000000,upper_grid,fit,high_q5001_recovery_10core,/home/2/ks405818/Master/lyalpha_one_loop/runs/accdm/accdm_scan_highf_q5001_recovery_10core_v1/fits/accdm_logm12p8571428571429_logfm0p625.json,runs/accdm/accdm_scan_highf_q5001_recovery_10core_v1/fits/accdm_logm12p8571428571429_logfm0p625.json
12.8571428571|-0.6250000000,upper_grid,theory,high_q5001_recovery_10core,/home/2/ks405818/Master/lyalpha_one_loop/runs/accdm/accdm_scan_highf_q5001_recovery_10core_v1/theory/accdm_logm12p8571428571429_logfm0p625.npz,runs/accdm/accdm_scan_highf_q5001_recovery_10core_v1/theory/accdm_logm12p8571428571429_logfm0p625.npz
13.0000000000|-0.6250000000,upper_grid,fit,high_q5001_recovery_10core,/home/2/ks405818/Master/lyalpha_one_loop/runs/accdm/accdm_scan_highf_q5001_recovery_10core_v1/fits/accdm_logm13_logfm0p625.json,runs/accdm/accdm_scan_highf_q5001_recovery_10core_v1/fits/accdm_logm13_logfm0p625.json
13.0000000000|-0.6250000000,upper_grid,theory,high_q5001_recovery_10core,/home/2/ks405818/Master/lyalpha_one_loop/runs/accdm/accdm_scan_highf_q5001_recovery_10core_v1/theory/accdm_logm13_logfm0p625.npz,runs/accdm/accdm_scan_highf_q5001_recovery_10core_v1/theory/accdm_logm13_logfm0p625.npz
13.1428571429|-0.6250000000,upper_grid,fit,high_q5001_recovery_10core,/home/2/ks405818/Master/lyalpha_one_loop/runs/accdm/accdm_scan_highf_q5001_recovery_10core_v1/fits/accdm_logm13p1428571428571_logfm0p625.json,runs/accdm/accdm_scan_highf_q5001_recovery_10core_v1/fits/accdm_logm13p1428571428571_logfm0p625.json
13.1428571429|-0.6250000000,upper_grid,theory,high_q5001_recovery_10core,/home/2/ks405818/Master/lyalpha_one_loop/runs/accdm/accdm_scan_highf_q5001_recovery_10core_v1/theory/accdm_logm13p1428571428571_logfm0p625.npz,runs/accdm/accdm_scan_highf_q5001_recovery_10core_v1/theory/accdm_logm13p1428571428571_logfm0p625.npz
13.2857142857|-0.6250000000,upper_grid,fit,high_q5001_recovery_10core,/home/2/ks405818/Master/lyalpha_one_loop/runs/accdm/accdm_scan_highf_q5001_recovery_10core_v1/fits/accdm_logm13p2857142857143_logfm0p625.json,runs/accdm/accdm_scan_highf_q5001_recovery_10core_v1/fits/accdm_logm13p2857142857143_logfm0p625.json
13.2857142857|-0.6250000000,upper_grid,theory,high_q5001_recovery_10core,/home/2/ks405818/Master/lyalpha_one_loop/runs/accdm/accdm_scan_highf_q5001_recovery_10core_v1/theory/accdm_logm13p2857142857143_logfm0p625.npz,runs/accdm/accdm_scan_highf_q5001_recovery_10core_v1/theory/accdm_logm13p2857142857143_logfm0p625.npz
13.4285714286|-0.6250000000,upper_grid,fit,high_q5001_recovery_10core,/home/2/ks405818/Master/lyalpha_one_loop/runs/accdm/accdm_scan_highf_q5001_recovery_10core_v1/fits/accdm_logm13p4285714285714_logfm0p625.json,runs/accdm/accdm_scan_highf_q5001_recovery_10core_v1/fits/accdm_logm13p4285714285714_logfm0p625.json
13.4285714286|-0.6250000000,upper_grid,theory,high_q5001_recovery_10core,/home/2/ks405818/Master/lyalpha_one_loop/runs/accdm/accdm_scan_highf_q5001_recovery_10core_v1/theory/accdm_logm13p4285714285714_logfm0p625.npz,runs/accdm/accdm_scan_highf_q5001_recovery_10core_v1/theory/accdm_logm13p4285714285714_logfm0p625.npz
13.5714285714|-0.6250000000,upper_grid,fit,high_q5001_recovery_10core,/home/2/ks405818/Master/lyalpha_one_loop/runs/accdm/accdm_scan_highf_q5001_recovery_10core_v1/fits/accdm_logm13p5714285714286_logfm0p625.json,runs/accdm/accdm_scan_highf_q5001_recovery_10core_v1/fits/accdm_logm13p5714285714286_logfm0p625.json
13.5714285714|-0.6250000000,upper_grid,theory,high_q5001_recovery_10core,/home/2/ks405818/Master/lyalpha_one_loop/runs/accdm/accdm_scan_highf_q5001_recovery_10core_v1/theory/accdm_logm13p5714285714286_logfm0p625.npz,runs/accdm/accdm_scan_highf_q5001_recovery_10core_v1/theory/accdm_logm13p5714285714286_logfm0p625.npz
13.7142857143|-0.6250000000,upper_grid,fit,high_q5001_recovery_10core,/home/2/ks405818/Master/lyalpha_one_loop/runs/accdm/accdm_scan_highf_q5001_recovery_10core_v1/fits/accdm_logm13p7142857142857_logfm0p625.json,runs/accdm/accdm_scan_highf_q5001_recovery_10core_v1/fits/accdm_logm13p7142857142857_logfm0p625.json
13.7142857143|-0.6250000000,upper_grid,theory,high_q5001_recovery_10core,/home/2/ks405818/Master/lyalpha_one_loop/runs/accdm/accdm_scan_highf_q5001_recovery_10core_v1/theory/accdm_logm13p7142857142857_logfm0p625.npz,runs/accdm/accdm_scan_highf_q5001_recovery_10core_v1/theory/accdm_logm13p7142857142857_logfm0p625.npz
13.8571428571|-0.6250000000,upper_grid,fit,high_q5001_recovery_10core,/home/2/ks405818/Master/lyalpha_one_loop/runs/accdm/accdm_scan_highf_q5001_recovery_10core_v1/fits/accdm_logm13p8571428571429_logfm0p625.json,runs/accdm/accdm_scan_highf_q5001_recovery_10core_v1/fits/accdm_logm13p8571428571429_logfm0p625.json
13.8571428571|-0.6250000000,upper_grid,theory,high_q5001_recovery_10core,/home/2/ks405818/Master/lyalpha_one_loop/runs/accdm/accdm_scan_highf_q5001_recovery_10core_v1/theory/accdm_logm13p8571428571429_logfm0p625.npz,runs/accdm/accdm_scan_highf_q5001_recovery_10core_v1/theory/accdm_logm13p8571428571429_logfm0p625.npz
14.0000000000|-0.6250000000,upper_grid,fit,high_q5001_recovery_10core,/home/2/ks405818/Master/lyalpha_one_loop/runs/accdm/accdm_scan_highf_q5001_recovery_10core_v1/fits/accdm_logm14_logfm0p625.json,runs/accdm/accdm_scan_highf_q5001_recovery_10core_v1/fits/accdm_logm14_logfm0p625.json
14.0000000000|-0.6250000000,upper_grid,theory,high_q5001_recovery_10core,/home/2/ks405818/Master/lyalpha_one_loop/runs/accdm/accdm_scan_highf_q5001_recovery_10core_v1/theory/accdm_logm14_logfm0p625.npz,runs/accdm/accdm_scan_highf_q5001_recovery_10core_v1/theory/accdm_logm14_logfm0p625.npz
14.1428571429|-0.6250000000,upper_grid,fit,high_q5001_recovery_10core,/home/2/ks405818/Master/lyalpha_one_loop/runs/accdm/accdm_scan_highf_q5001_recovery_10core_v1/fits/accdm_logm14p1428571428571_logfm0p625.json,runs/accdm/accdm_scan_highf_q5001_recovery_10core_v1/fits/accdm_logm14p1428571428571_logfm0p625.json
14.1428571429|-0.6250000000,upper_grid,theory,high_q5001_recovery_10core,/home/2/ks405818/Master/lyalpha_one_loop/runs/accdm/accdm_scan_highf_q5001_recovery_10core_v1/theory/accdm_logm14p1428571428571_logfm0p625.npz,runs/accdm/accdm_scan_highf_q5001_recovery_10core_v1/theory/accdm_logm14p1428571428571_logfm0p625.npz
14.2857142857|-0.6250000000,upper_grid,fit,high_q5001_recovery_10core,/home/2/ks405818/Master/lyalpha_one_loop/runs/accdm/accdm_scan_highf_q5001_recovery_10core_v1/fits/accdm_logm14p2857142857143_logfm0p625.json,runs/accdm/accdm_scan_highf_q5001_recovery_10core_v1/fits/accdm_logm14p2857142857143_logfm0p625.json
14.2857142857|-0.6250000000,upper_grid,theory,high_q5001_recovery_10core,/home/2/ks405818/Master/lyalpha_one_loop/runs/accdm/accdm_scan_highf_q5001_recovery_10core_v1/theory/accdm_logm14p2857142857143_logfm0p625.npz,runs/accdm/accdm_scan_highf_q5001_recovery_10core_v1/theory/accdm_logm14p2857142857143_logfm0p625.npz
14.4285714286|-0.6250000000,upper_grid,fit,high_q5001_recovery_10core,/home/2/ks405818/Master/lyalpha_one_loop/runs/accdm/accdm_scan_highf_q5001_recovery_10core_v1/fits/accdm_logm14p4285714285714_logfm0p625.json,runs/accdm/accdm_scan_highf_q5001_recovery_10core_v1/fits/accdm_logm14p4285714285714_logfm0p625.json
14.4285714286|-0.6250000000,upper_grid,theory,high_q5001_recovery_10core,/home/2/ks405818/Master/lyalpha_one_loop/runs/accdm/accdm_scan_highf_q5001_recovery_10core_v1/theory/accdm_logm14p4285714285714_logfm0p625.npz,runs/accdm/accdm_scan_highf_q5001_recovery_10core_v1/theory/accdm_logm14p4285714285714_logfm0p625.npz
14.5714285714|-0.6250000000,upper_grid,fit,high_q5001_recovery_10core,/home/2/ks405818/Master/lyalpha_one_loop/runs/accdm/accdm_scan_highf_q5001_recovery_10core_v1/fits/accdm_logm14p5714285714286_logfm0p625.json,runs/accdm/accdm_scan_highf_q5001_recovery_10core_v1/fits/accdm_logm14p5714285714286_logfm0p625.json
14.5714285714|-0.6250000000,upper_grid,theory,high_q5001_recovery_10core,/home/2/ks405818/Master/lyalpha_one_loop/runs/accdm/accdm_scan_highf_q5001_recovery_10core_v1/theory/accdm_logm14p5714285714286_logfm0p625.npz,runs/accdm/accdm_scan_highf_q5001_recovery_10core_v1/theory/accdm_logm14p5714285714286_logfm0p625.npz
14.7142857143|-0.6250000000,upper_grid,fit,high_q5001_recovery_10core,/home/2/ks405818/Master/lyalpha_one_loop/runs/accdm/accdm_scan_highf_q5001_recovery_10core_v1/fits/accdm_logm14p7142857142857_logfm0p625.json,runs/accdm/accdm_scan_highf_q5001_recovery_10core_v1/fits/accdm_logm14p7142857142857_logfm0p625.json
14.7142857143|-0.6250000000,upper_grid,theory,high_q5001_recovery_10core,/home/2/ks405818/Master/lyalpha_one_loop/runs/accdm/accdm_scan_highf_q5001_recovery_10core_v1/theory/accdm_logm14p7142857142857_logfm0p625.npz,runs/accdm/accdm_scan_highf_q5001_recovery_10core_v1/theory/accdm_logm14p7142857142857_logfm0p625.npz
14.8571428571|-0.6250000000,upper_grid,fit,high_q5001_recovery_10core,/home/2/ks405818/Master/lyalpha_one_loop/runs/accdm/accdm_scan_highf_q5001_recovery_10core_v1/fits/accdm_logm14p8571428571429_logfm0p625.json,runs/accdm/accdm_scan_highf_q5001_recovery_10core_v1/fits/accdm_logm14p8571428571429_logfm0p625.json
14.8571428571|-0.6250000000,upper_grid,theory,high_q5001_recovery_10core,/home/2/ks405818/Master/lyalpha_one_loop/runs/accdm/accdm_scan_highf_q5001_recovery_10core_v1/theory/accdm_logm14p8571428571429_logfm0p625.npz,runs/accdm/accdm_scan_highf_q5001_recovery_10core_v1/theory/accdm_logm14p8571428571429_logfm0p625.npz
15.0000000000|-0.6250000000,upper_grid,fit,high_q5001_recovery_10core,/home/2/ks405818/Master/lyalpha_one_loop/runs/accdm/accdm_scan_highf_q5001_recovery_10core_v1/fits/accdm_logm15_logfm0p625.json,runs/accdm/accdm_scan_highf_q5001_recovery_10core_v1/fits/accdm_logm15_logfm0p625.json
15.0000000000|-0.6250000000,upper_grid,theory,high_q5001_recovery_10core,/home/2/ks405818/Master/lyalpha_one_loop/runs/accdm/accdm_scan_highf_q5001_recovery_10core_v1/theory/accdm_logm15_logfm0p625.npz,runs/accdm/accdm_scan_highf_q5001_recovery_10core_v1/theory/accdm_logm15_logfm0p625.npz
15.1428571429|-0.6250000000,upper_grid,fit,high_q5001_recovery_10core,/home/2/ks405818/Master/lyalpha_one_loop/runs/accdm/accdm_scan_highf_q5001_recovery_10core_v1/fits/accdm_logm15p1428571428571_logfm0p625.json,runs/accdm/accdm_scan_highf_q5001_recovery_10core_v1/fits/accdm_logm15p1428571428571_logfm0p625.json
15.1428571429|-0.6250000000,upper_grid,theory,high_q5001_recovery_10core,/home/2/ks405818/Master/lyalpha_one_loop/runs/accdm/accdm_scan_highf_q5001_recovery_10core_v1/theory/accdm_logm15p1428571428571_logfm0p625.npz,runs/accdm/accdm_scan_highf_q5001_recovery_10core_v1/theory/accdm_logm15p1428571428571_logfm0p625.npz
15.2857142857|-0.6250000000,upper_grid,fit,high_q5001_recovery_10core,/home/2/ks405818/Master/lyalpha_one_loop/runs/accdm/accdm_scan_highf_q5001_recovery_10core_v1/fits/accdm_logm15p2857142857143_logfm0p625.json,runs/accdm/accdm_scan_highf_q5001_recovery_10core_v1/fits/accdm_logm15p2857142857143_logfm0p625.json
15.2857142857|-0.6250000000,upper_grid,theory,high_q5001_recovery_10core,/home/2/ks405818/Master/lyalpha_one_loop/runs/accdm/accdm_scan_highf_q5001_recovery_10core_v1/theory/accdm_logm15p2857142857143_logfm0p625.npz,runs/accdm/accdm_scan_highf_q5001_recovery_10core_v1/theory/accdm_logm15p2857142857143_logfm0p625.npz
15.4285714286|-0.6250000000,upper_grid,fit,high_q5001_recovery_10core,/home/2/ks405818/Master/lyalpha_one_loop/runs/accdm/accdm_scan_highf_q5001_recovery_10core_v1/fits/accdm_logm15p4285714285714_logfm0p625.json,runs/accdm/accdm_scan_highf_q5001_recovery_10core_v1/fits/accdm_logm15p4285714285714_logfm0p625.json
15.4285714286|-0.6250000000,upper_grid,theory,high_q5001_recovery_10core,/home/2/ks405818/Master/lyalpha_one_loop/runs/accdm/accdm_scan_highf_q5001_recovery_10core_v1/theory/accdm_logm15p4285714285714_logfm0p625.npz,runs/accdm/accdm_scan_highf_q5001_recovery_10core_v1/theory/accdm_logm15p4285714285714_logfm0p625.npz
15.5714285714|-0.6250000000,upper_grid,fit,high_q5001_recovery_10core,/home/2/ks405818/Master/lyalpha_one_loop/runs/accdm/accdm_scan_highf_q5001_recovery_10core_v1/fits/accdm_logm15p5714285714286_logfm0p625.json,runs/accdm/accdm_scan_highf_q5001_recovery_10core_v1/fits/accdm_logm15p5714285714286_logfm0p625.json
15.5714285714|-0.6250000000,upper_grid,theory,high_q5001_recovery_10core,/home/2/ks405818/Master/lyalpha_one_loop/runs/accdm/accdm_scan_highf_q5001_recovery_10core_v1/theory/accdm_logm15p5714285714286_logfm0p625.npz,runs/accdm/accdm_scan_highf_q5001_recovery_10core_v1/theory/accdm_logm15p5714285714286_logfm0p625.npz
15.7142857143|-0.6250000000,upper_grid,fit,high_q5001_recovery_10core,/home/2/ks405818/Master/lyalpha_one_loop/runs/accdm/accdm_scan_highf_q5001_recovery_10core_v1/fits/accdm_logm15p7142857142857_logfm0p625.json,runs/accdm/accdm_scan_highf_q5001_recovery_10core_v1/fits/accdm_logm15p7142857142857_logfm0p625.json
15.7142857143|-0.6250000000,upper_grid,theory,high_q5001_recovery_10core,/home/2/ks405818/Master/lyalpha_one_loop/runs/accdm/accdm_scan_highf_q5001_recovery_10core_v1/theory/accdm_logm15p7142857142857_logfm0p625.npz,runs/accdm/accdm_scan_highf_q5001_recovery_10core_v1/theory/accdm_logm15p7142857142857_logfm0p625.npz
15.8571428571|-0.6250000000,upper_grid,fit,high_q5001_recovery_10core,/home/2/ks405818/Master/lyalpha_one_loop/runs/accdm/accdm_scan_highf_q5001_recovery_10core_v1/fits/accdm_logm15p8571428571429_logfm0p625.json,runs/accdm/accdm_scan_highf_q5001_recovery_10core_v1/fits/accdm_logm15p8571428571429_logfm0p625.json
15.8571428571|-0.6250000000,upper_grid,theory,high_q5001_recovery_10core,/home/2/ks405818/Master/lyalpha_one_loop/runs/accdm/accdm_scan_highf_q5001_recovery_10core_v1/theory/accdm_logm15p8571428571429_logfm0p625.npz,runs/accdm/accdm_scan_highf_q5001_recovery_10core_v1/theory/accdm_logm15p8571428571429_logfm0p625.npz
16.0000000000|-0.6250000000,upper_grid,fit,high_q5001_recovery_10core,/home/2/ks405818/Master/lyalpha_one_loop/runs/accdm/accdm_scan_highf_q5001_recovery_10core_v1/fits/accdm_logm16_logfm0p625.json,runs/accdm/accdm_scan_highf_q5001_recovery_10core_v1/fits/accdm_logm16_logfm0p625.json
16.0000000000|-0.6250000000,upper_grid,theory,high_q5001_recovery_10core,/home/2/ks405818/Master/lyalpha_one_loop/runs/accdm/accdm_scan_highf_q5001_recovery_10core_v1/theory/accdm_logm16_logfm0p625.npz,runs/accdm/accdm_scan_highf_q5001_recovery_10core_v1/theory/accdm_logm16_logfm0p625.npz
16.1428571429|-0.6250000000,upper_grid,fit,high_q5001_recovery_10core,/home/2/ks405818/Master/lyalpha_one_loop/runs/accdm/accdm_scan_highf_q5001_recovery_10core_v1/fits/accdm_logm16p1428571428571_logfm0p625.json,runs/accdm/accdm_scan_highf_q5001_recovery_10core_v1/fits/accdm_logm16p1428571428571_logfm0p625.json
16.1428571429|-0.6250000000,upper_grid,theory,high_q5001_recovery_10core,/home/2/ks405818/Master/lyalpha_one_loop/runs/accdm/accdm_scan_highf_q5001_recovery_10core_v1/theory/accdm_logm16p1428571428571_logfm0p625.npz,runs/accdm/accdm_scan_highf_q5001_recovery_10core_v1/theory/accdm_logm16p1428571428571_logfm0p625.npz
16.2857142857|-0.6250000000,upper_grid,fit,high_q5001_recovery_10core,/home/2/ks405818/Master/lyalpha_one_loop/runs/accdm/accdm_scan_highf_q5001_recovery_10core_v1/fits/accdm_logm16p2857142857143_logfm0p625.json,runs/accdm/accdm_scan_highf_q5001_recovery_10core_v1/fits/accdm_logm16p2857142857143_logfm0p625.json
16.2857142857|-0.6250000000,upper_grid,theory,high_q5001_recovery_10core,/home/2/ks405818/Master/lyalpha_one_loop/runs/accdm/accdm_scan_highf_q5001_recovery_10core_v1/theory/accdm_logm16p2857142857143_logfm0p625.npz,runs/accdm/accdm_scan_highf_q5001_recovery_10core_v1/theory/accdm_logm16p2857142857143_logfm0p625.npz
16.4285714286|-0.6250000000,upper_grid,fit,high_q5001_recovery_10core,/home/2/ks405818/Master/lyalpha_one_loop/runs/accdm/accdm_scan_highf_q5001_recovery_10core_v1/fits/accdm_logm16p4285714285714_logfm0p625.json,runs/accdm/accdm_scan_highf_q5001_recovery_10core_v1/fits/accdm_logm16p4285714285714_logfm0p625.json
16.4285714286|-0.6250000000,upper_grid,theory,high_q5001_recovery_10core,/home/2/ks405818/Master/lyalpha_one_loop/runs/accdm/accdm_scan_highf_q5001_recovery_10core_v1/theory/accdm_logm16p4285714285714_logfm0p625.npz,runs/accdm/accdm_scan_highf_q5001_recovery_10core_v1/theory/accdm_logm16p4285714285714_logfm0p625.npz
16.5714285714|-0.6250000000,upper_grid,fit,high_q5001_recovery_10core,/home/2/ks405818/Master/lyalpha_one_loop/runs/accdm/accdm_scan_highf_q5001_recovery_10core_v1/fits/accdm_logm16p5714285714286_logfm0p625.json,runs/accdm/accdm_scan_highf_q5001_recovery_10core_v1/fits/accdm_logm16p5714285714286_logfm0p625.json
16.5714285714|-0.6250000000,upper_grid,theory,high_q5001_recovery_10core,/home/2/ks405818/Master/lyalpha_one_loop/runs/accdm/accdm_scan_highf_q5001_recovery_10core_v1/theory/accdm_logm16p5714285714286_logfm0p625.npz,runs/accdm/accdm_scan_highf_q5001_recovery_10core_v1/theory/accdm_logm16p5714285714286_logfm0p625.npz
16.7142857143|-0.6250000000,upper_grid,fit,high_q5001_recovery_10core,/home/2/ks405818/Master/lyalpha_one_loop/runs/accdm/accdm_scan_highf_q5001_recovery_10core_v1/fits/accdm_logm16p7142857142857_logfm0p625.json,runs/accdm/accdm_scan_highf_q5001_recovery_10core_v1/fits/accdm_logm16p7142857142857_logfm0p625.json
16.7142857143|-0.6250000000,upper_grid,theory,high_q5001_recovery_10core,/home/2/ks405818/Master/lyalpha_one_loop/runs/accdm/accdm_scan_highf_q5001_recovery_10core_v1/theory/accdm_logm16p7142857142857_logfm0p625.npz,runs/accdm/accdm_scan_highf_q5001_recovery_10core_v1/theory/accdm_logm16p7142857142857_logfm0p625.npz
16.8571428571|-0.6250000000,upper_grid,fit,high_q5001_recovery_10core,/home/2/ks405818/Master/lyalpha_one_loop/runs/accdm/accdm_scan_highf_q5001_recovery_10core_v1/fits/accdm_logm16p8571428571429_logfm0p625.json,runs/accdm/accdm_scan_highf_q5001_recovery_10core_v1/fits/accdm_logm16p8571428571429_logfm0p625.json
16.8571428571|-0.6250000000,upper_grid,theory,high_q5001_recovery_10core,/home/2/ks405818/Master/lyalpha_one_loop/runs/accdm/accdm_scan_highf_q5001_recovery_10core_v1/theory/accdm_logm16p8571428571429_logfm0p625.npz,runs/accdm/accdm_scan_highf_q5001_recovery_10core_v1/theory/accdm_logm16p8571428571429_logfm0p625.npz
17.0000000000|-0.6250000000,upper_grid,fit,high_q5001_recovery_10core,/home/2/ks405818/Master/lyalpha_one_loop/runs/accdm/accdm_scan_highf_q5001_recovery_10core_v1/fits/accdm_logm17_logfm0p625.json,runs/accdm/accdm_scan_highf_q5001_recovery_10core_v1/fits/accdm_logm17_logfm0p625.json
17.0000000000|-0.6250000000,upper_grid,theory,high_q5001_recovery_10core,/home/2/ks405818/Master/lyalpha_one_loop/runs/accdm/accdm_scan_highf_q5001_recovery_10core_v1/theory/accdm_logm17_logfm0p625.npz,runs/accdm/accdm_scan_highf_q5001_recovery_10core_v1/theory/accdm_logm17_logfm0p625.npz
17.1428571429|-0.6250000000,upper_grid,fit,high_q5001_recovery_10core,/home/2/ks405818/Master/lyalpha_one_loop/runs/accdm/accdm_scan_highf_q5001_recovery_10core_v1/fits/accdm_logm17p1428571428571_logfm0p625.json,runs/accdm/accdm_scan_highf_q5001_recovery_10core_v1/fits/accdm_logm17p1428571428571_logfm0p625.json
17.1428571429|-0.6250000000,upper_grid,theory,high_q5001_recovery_10core,/home/2/ks405818/Master/lyalpha_one_loop/runs/accdm/accdm_scan_highf_q5001_recovery_10core_v1/theory/accdm_logm17p1428571428571_logfm0p625.npz,runs/accdm/accdm_scan_highf_q5001_recovery_10core_v1/theory/accdm_logm17p1428571428571_logfm0p625.npz
17.2857142857|-0.6250000000,upper_grid,fit,high_q5001_recovery_10core,/home/2/ks405818/Master/lyalpha_one_loop/runs/accdm/accdm_scan_highf_q5001_recovery_10core_v1/fits/accdm_logm17p2857142857143_logfm0p625.json,runs/accdm/accdm_scan_highf_q5001_recovery_10core_v1/fits/accdm_logm17p2857142857143_logfm0p625.json
17.2857142857|-0.6250000000,upper_grid,theory,high_q5001_recovery_10core,/home/2/ks405818/Master/lyalpha_one_loop/runs/accdm/accdm_scan_highf_q5001_recovery_10core_v1/theory/accdm_logm17p2857142857143_logfm0p625.npz,runs/accdm/accdm_scan_highf_q5001_recovery_10core_v1/theory/accdm_logm17p2857142857143_logfm0p625.npz
17.4285714286|-0.6250000000,upper_grid,fit,high_q5001_original,/home/2/ks405818/Master/lyalpha_one_loop/runs/accdm/accdm_scan_highf_q5001_v1/fits/accdm_logm17p4285714285714_logfm0p625.json,runs/accdm/accdm_scan_highf_q5001_v1/fits/accdm_logm17p4285714285714_logfm0p625.json
17.4285714286|-0.6250000000,upper_grid,theory,high_q5001_original,/home/2/ks405818/Master/lyalpha_one_loop/runs/accdm/accdm_scan_highf_q5001_v1/theory/accdm_logm17p4285714285714_logfm0p625.npz,runs/accdm/accdm_scan_highf_q5001_v1/theory/accdm_logm17p4285714285714_logfm0p625.npz
17.5714285714|-0.6250000000,upper_grid,fit,high_q5001_original,/home/2/ks405818/Master/lyalpha_one_loop/runs/accdm/accdm_scan_highf_q5001_v1/fits/accdm_logm17p5714285714286_logfm0p625.json,runs/accdm/accdm_scan_highf_q5001_v1/fits/accdm_logm17p5714285714286_logfm0p625.json
17.5714285714|-0.6250000000,upper_grid,theory,high_q5001_original,/home/2/ks405818/Master/lyalpha_one_loop/runs/accdm/accdm_scan_highf_q5001_v1/theory/accdm_logm17p5714285714286_logfm0p625.npz,runs/accdm/accdm_scan_highf_q5001_v1/theory/accdm_logm17p5714285714286_logfm0p625.npz
17.7142857143|-0.6250000000,upper_grid,fit,high_q5001_original,/home/2/ks405818/Master/lyalpha_one_loop/runs/accdm/accdm_scan_highf_q5001_v1/fits/accdm_logm17p7142857142857_logfm0p625.json,runs/accdm/accdm_scan_highf_q5001_v1/fits/accdm_logm17p7142857142857_logfm0p625.json
17.7142857143|-0.6250000000,upper_grid,theory,high_q5001_original,/home/2/ks405818/Master/lyalpha_one_loop/runs/accdm/accdm_scan_highf_q5001_v1/theory/accdm_logm17p7142857142857_logfm0p625.npz,runs/accdm/accdm_scan_highf_q5001_v1/theory/accdm_logm17p7142857142857_logfm0p625.npz
18.0000000000|-0.6250000000,upper_grid,fit,high_q5001_original,/home/2/ks405818/Master/lyalpha_one_loop/runs/accdm/accdm_scan_highf_q5001_v1/fits/accdm_logm18_logfm0p625.json,runs/accdm/accdm_scan_highf_q5001_v1/fits/accdm_logm18_logfm0p625.json
18.0000000000|-0.6250000000,upper_grid,theory,high_q5001_original,/home/2/ks405818/Master/lyalpha_one_loop/runs/accdm/accdm_scan_highf_q5001_v1/theory/accdm_logm18_logfm0p625.npz,runs/accdm/accdm_scan_highf_q5001_v1/theory/accdm_logm18_logfm0p625.npz
19.4285714286|-0.6250000000,upper_grid,fit,loweps_high_q5001,/home/2/ks405818/Master/lyalpha_one_loop/runs/accdm/accdm_scan_loweps_highf_q5001_v1/fits/accdm_logm19p4285714285714_logfm0p625.json,runs/accdm/accdm_scan_loweps_highf_q5001_v1/fits/accdm_logm19p4285714285714_logfm0p625.json
19.4285714286|-0.6250000000,upper_grid,theory,loweps_high_q5001,/home/2/ks405818/Master/lyalpha_one_loop/runs/accdm/accdm_scan_loweps_highf_q5001_v1/theory/accdm_logm19p4285714285714_logfm0p625.npz,runs/accdm/accdm_scan_loweps_highf_q5001_v1/theory/accdm_logm19p4285714285714_logfm0p625.npz
11.1428571429|-0.5500000000,upper_grid,fit,high_q5001_original,/home/2/ks405818/Master/lyalpha_one_loop/runs/accdm/accdm_scan_highf_q5001_v1/fits/accdm_logm11p1428571428571_logfm0p55.json,runs/accdm/accdm_scan_highf_q5001_v1/fits/accdm_logm11p1428571428571_logfm0p55.json
11.1428571429|-0.5500000000,upper_grid,theory,high_q5001_original,/home/2/ks405818/Master/lyalpha_one_loop/runs/accdm/accdm_scan_highf_q5001_v1/theory/accdm_logm11p1428571428571_logfm0p55.npz,runs/accdm/accdm_scan_highf_q5001_v1/theory/accdm_logm11p1428571428571_logfm0p55.npz
11.2857142857|-0.5500000000,upper_grid,fit,high_q5001_original,/home/2/ks405818/Master/lyalpha_one_loop/runs/accdm/accdm_scan_highf_q5001_v1/fits/accdm_logm11p2857142857143_logfm0p55.json,runs/accdm/accdm_scan_highf_q5001_v1/fits/accdm_logm11p2857142857143_logfm0p55.json
11.2857142857|-0.5500000000,upper_grid,theory,high_q5001_original,/home/2/ks405818/Master/lyalpha_one_loop/runs/accdm/accdm_scan_highf_q5001_v1/theory/accdm_logm11p2857142857143_logfm0p55.npz,runs/accdm/accdm_scan_highf_q5001_v1/theory/accdm_logm11p2857142857143_logfm0p55.npz
11.4285714286|-0.5500000000,upper_grid,fit,high_q5001_original,/home/2/ks405818/Master/lyalpha_one_loop/runs/accdm/accdm_scan_highf_q5001_v1/fits/accdm_logm11p4285714285714_logfm0p55.json,runs/accdm/accdm_scan_highf_q5001_v1/fits/accdm_logm11p4285714285714_logfm0p55.json
11.4285714286|-0.5500000000,upper_grid,theory,high_q5001_original,/home/2/ks405818/Master/lyalpha_one_loop/runs/accdm/accdm_scan_highf_q5001_v1/theory/accdm_logm11p4285714285714_logfm0p55.npz,runs/accdm/accdm_scan_highf_q5001_v1/theory/accdm_logm11p4285714285714_logfm0p55.npz
11.5714285714|-0.5500000000,upper_grid,fit,high_q5001_recovery_10core,/home/2/ks405818/Master/lyalpha_one_loop/runs/accdm/accdm_scan_highf_q5001_recovery_10core_v1/fits/accdm_logm11p5714285714286_logfm0p55.json,runs/accdm/accdm_scan_highf_q5001_recovery_10core_v1/fits/accdm_logm11p5714285714286_logfm0p55.json
11.5714285714|-0.5500000000,upper_grid,theory,high_q5001_recovery_10core,/home/2/ks405818/Master/lyalpha_one_loop/runs/accdm/accdm_scan_highf_q5001_recovery_10core_v1/theory/accdm_logm11p5714285714286_logfm0p55.npz,runs/accdm/accdm_scan_highf_q5001_recovery_10core_v1/theory/accdm_logm11p5714285714286_logfm0p55.npz
11.7142857143|-0.5500000000,upper_grid,fit,high_q5001_recovery_10core,/home/2/ks405818/Master/lyalpha_one_loop/runs/accdm/accdm_scan_highf_q5001_recovery_10core_v1/fits/accdm_logm11p7142857142857_logfm0p55.json,runs/accdm/accdm_scan_highf_q5001_recovery_10core_v1/fits/accdm_logm11p7142857142857_logfm0p55.json
11.7142857143|-0.5500000000,upper_grid,theory,high_q5001_recovery_10core,/home/2/ks405818/Master/lyalpha_one_loop/runs/accdm/accdm_scan_highf_q5001_recovery_10core_v1/theory/accdm_logm11p7142857142857_logfm0p55.npz,runs/accdm/accdm_scan_highf_q5001_recovery_10core_v1/theory/accdm_logm11p7142857142857_logfm0p55.npz
11.8571428571|-0.5500000000,upper_grid,fit,high_q5001_recovery_10core,/home/2/ks405818/Master/lyalpha_one_loop/runs/accdm/accdm_scan_highf_q5001_recovery_10core_v1/fits/accdm_logm11p8571428571429_logfm0p55.json,runs/accdm/accdm_scan_highf_q5001_recovery_10core_v1/fits/accdm_logm11p8571428571429_logfm0p55.json
11.8571428571|-0.5500000000,upper_grid,theory,high_q5001_recovery_10core,/home/2/ks405818/Master/lyalpha_one_loop/runs/accdm/accdm_scan_highf_q5001_recovery_10core_v1/theory/accdm_logm11p8571428571429_logfm0p55.npz,runs/accdm/accdm_scan_highf_q5001_recovery_10core_v1/theory/accdm_logm11p8571428571429_logfm0p55.npz
12.0000000000|-0.5500000000,upper_grid,fit,high_q5001_recovery_10core,/home/2/ks405818/Master/lyalpha_one_loop/runs/accdm/accdm_scan_highf_q5001_recovery_10core_v1/fits/accdm_logm12_logfm0p55.json,runs/accdm/accdm_scan_highf_q5001_recovery_10core_v1/fits/accdm_logm12_logfm0p55.json
12.0000000000|-0.5500000000,upper_grid,theory,high_q5001_recovery_10core,/home/2/ks405818/Master/lyalpha_one_loop/runs/accdm/accdm_scan_highf_q5001_recovery_10core_v1/theory/accdm_logm12_logfm0p55.npz,runs/accdm/accdm_scan_highf_q5001_recovery_10core_v1/theory/accdm_logm12_logfm0p55.npz
12.1428571429|-0.5500000000,upper_grid,fit,high_q5001_recovery_10core,/home/2/ks405818/Master/lyalpha_one_loop/runs/accdm/accdm_scan_highf_q5001_recovery_10core_v1/fits/accdm_logm12p1428571428571_logfm0p55.json,runs/accdm/accdm_scan_highf_q5001_recovery_10core_v1/fits/accdm_logm12p1428571428571_logfm0p55.json
12.1428571429|-0.5500000000,upper_grid,theory,high_q5001_recovery_10core,/home/2/ks405818/Master/lyalpha_one_loop/runs/accdm/accdm_scan_highf_q5001_recovery_10core_v1/theory/accdm_logm12p1428571428571_logfm0p55.npz,runs/accdm/accdm_scan_highf_q5001_recovery_10core_v1/theory/accdm_logm12p1428571428571_logfm0p55.npz
12.2857142857|-0.5500000000,upper_grid,fit,high_q5001_recovery_10core,/home/2/ks405818/Master/lyalpha_one_loop/runs/accdm/accdm_scan_highf_q5001_recovery_10core_v1/fits/accdm_logm12p2857142857143_logfm0p55.json,runs/accdm/accdm_scan_highf_q5001_recovery_10core_v1/fits/accdm_logm12p2857142857143_logfm0p55.json
12.2857142857|-0.5500000000,upper_grid,theory,high_q5001_recovery_10core,/home/2/ks405818/Master/lyalpha_one_loop/runs/accdm/accdm_scan_highf_q5001_recovery_10core_v1/theory/accdm_logm12p2857142857143_logfm0p55.npz,runs/accdm/accdm_scan_highf_q5001_recovery_10core_v1/theory/accdm_logm12p2857142857143_logfm0p55.npz
12.4285714286|-0.5500000000,upper_grid,fit,high_q5001_recovery_10core,/home/2/ks405818/Master/lyalpha_one_loop/runs/accdm/accdm_scan_highf_q5001_recovery_10core_v1/fits/accdm_logm12p4285714285714_logfm0p55.json,runs/accdm/accdm_scan_highf_q5001_recovery_10core_v1/fits/accdm_logm12p4285714285714_logfm0p55.json
12.4285714286|-0.5500000000,upper_grid,theory,high_q5001_recovery_10core,/home/2/ks405818/Master/lyalpha_one_loop/runs/accdm/accdm_scan_highf_q5001_recovery_10core_v1/theory/accdm_logm12p4285714285714_logfm0p55.npz,runs/accdm/accdm_scan_highf_q5001_recovery_10core_v1/theory/accdm_logm12p4285714285714_logfm0p55.npz
12.5714285714|-0.5500000000,upper_grid,fit,high_q5001_recovery_10core,/home/2/ks405818/Master/lyalpha_one_loop/runs/accdm/accdm_scan_highf_q5001_recovery_10core_v1/fits/accdm_logm12p5714285714286_logfm0p55.json,runs/accdm/accdm_scan_highf_q5001_recovery_10core_v1/fits/accdm_logm12p5714285714286_logfm0p55.json
12.5714285714|-0.5500000000,upper_grid,theory,high_q5001_recovery_10core,/home/2/ks405818/Master/lyalpha_one_loop/runs/accdm/accdm_scan_highf_q5001_recovery_10core_v1/theory/accdm_logm12p5714285714286_logfm0p55.npz,runs/accdm/accdm_scan_highf_q5001_recovery_10core_v1/theory/accdm_logm12p5714285714286_logfm0p55.npz
12.7142857143|-0.5500000000,upper_grid,fit,high_q5001_recovery_10core,/home/2/ks405818/Master/lyalpha_one_loop/runs/accdm/accdm_scan_highf_q5001_recovery_10core_v1/fits/accdm_logm12p7142857142857_logfm0p55.json,runs/accdm/accdm_scan_highf_q5001_recovery_10core_v1/fits/accdm_logm12p7142857142857_logfm0p55.json
12.7142857143|-0.5500000000,upper_grid,theory,high_q5001_recovery_10core,/home/2/ks405818/Master/lyalpha_one_loop/runs/accdm/accdm_scan_highf_q5001_recovery_10core_v1/theory/accdm_logm12p7142857142857_logfm0p55.npz,runs/accdm/accdm_scan_highf_q5001_recovery_10core_v1/theory/accdm_logm12p7142857142857_logfm0p55.npz
12.8571428571|-0.5500000000,upper_grid,fit,high_q5001_recovery_10core,/home/2/ks405818/Master/lyalpha_one_loop/runs/accdm/accdm_scan_highf_q5001_recovery_10core_v1/fits/accdm_logm12p8571428571429_logfm0p55.json,runs/accdm/accdm_scan_highf_q5001_recovery_10core_v1/fits/accdm_logm12p8571428571429_logfm0p55.json
12.8571428571|-0.5500000000,upper_grid,theory,high_q5001_recovery_10core,/home/2/ks405818/Master/lyalpha_one_loop/runs/accdm/accdm_scan_highf_q5001_recovery_10core_v1/theory/accdm_logm12p8571428571429_logfm0p55.npz,runs/accdm/accdm_scan_highf_q5001_recovery_10core_v1/theory/accdm_logm12p8571428571429_logfm0p55.npz
13.0000000000|-0.5500000000,upper_grid,fit,high_q5001_recovery_10core,/home/2/ks405818/Master/lyalpha_one_loop/runs/accdm/accdm_scan_highf_q5001_recovery_10core_v1/fits/accdm_logm13_logfm0p55.json,runs/accdm/accdm_scan_highf_q5001_recovery_10core_v1/fits/accdm_logm13_logfm0p55.json
13.0000000000|-0.5500000000,upper_grid,theory,high_q5001_recovery_10core,/home/2/ks405818/Master/lyalpha_one_loop/runs/accdm/accdm_scan_highf_q5001_recovery_10core_v1/theory/accdm_logm13_logfm0p55.npz,runs/accdm/accdm_scan_highf_q5001_recovery_10core_v1/theory/accdm_logm13_logfm0p55.npz
13.1428571429|-0.5500000000,upper_grid,fit,high_q5001_recovery_10core,/home/2/ks405818/Master/lyalpha_one_loop/runs/accdm/accdm_scan_highf_q5001_recovery_10core_v1/fits/accdm_logm13p1428571428571_logfm0p55.json,runs/accdm/accdm_scan_highf_q5001_recovery_10core_v1/fits/accdm_logm13p1428571428571_logfm0p55.json
13.1428571429|-0.5500000000,upper_grid,theory,high_q5001_recovery_10core,/home/2/ks405818/Master/lyalpha_one_loop/runs/accdm/accdm_scan_highf_q5001_recovery_10core_v1/theory/accdm_logm13p1428571428571_logfm0p55.npz,runs/accdm/accdm_scan_highf_q5001_recovery_10core_v1/theory/accdm_logm13p1428571428571_logfm0p55.npz
13.2857142857|-0.5500000000,upper_grid,fit,high_q5001_recovery_10core,/home/2/ks405818/Master/lyalpha_one_loop/runs/accdm/accdm_scan_highf_q5001_recovery_10core_v1/fits/accdm_logm13p2857142857143_logfm0p55.json,runs/accdm/accdm_scan_highf_q5001_recovery_10core_v1/fits/accdm_logm13p2857142857143_logfm0p55.json
13.2857142857|-0.5500000000,upper_grid,theory,high_q5001_recovery_10core,/home/2/ks405818/Master/lyalpha_one_loop/runs/accdm/accdm_scan_highf_q5001_recovery_10core_v1/theory/accdm_logm13p2857142857143_logfm0p55.npz,runs/accdm/accdm_scan_highf_q5001_recovery_10core_v1/theory/accdm_logm13p2857142857143_logfm0p55.npz
13.4285714286|-0.5500000000,upper_grid,fit,high_q5001_recovery_10core,/home/2/ks405818/Master/lyalpha_one_loop/runs/accdm/accdm_scan_highf_q5001_recovery_10core_v1/fits/accdm_logm13p4285714285714_logfm0p55.json,runs/accdm/accdm_scan_highf_q5001_recovery_10core_v1/fits/accdm_logm13p4285714285714_logfm0p55.json
13.4285714286|-0.5500000000,upper_grid,theory,high_q5001_recovery_10core,/home/2/ks405818/Master/lyalpha_one_loop/runs/accdm/accdm_scan_highf_q5001_recovery_10core_v1/theory/accdm_logm13p4285714285714_logfm0p55.npz,runs/accdm/accdm_scan_highf_q5001_recovery_10core_v1/theory/accdm_logm13p4285714285714_logfm0p55.npz
13.7142857143|-0.5500000000,upper_grid,fit,high_q5001_recovery_10core,/home/2/ks405818/Master/lyalpha_one_loop/runs/accdm/accdm_scan_highf_q5001_recovery_10core_v1/fits/accdm_logm13p7142857142857_logfm0p55.json,runs/accdm/accdm_scan_highf_q5001_recovery_10core_v1/fits/accdm_logm13p7142857142857_logfm0p55.json
13.7142857143|-0.5500000000,upper_grid,theory,high_q5001_recovery_10core,/home/2/ks405818/Master/lyalpha_one_loop/runs/accdm/accdm_scan_highf_q5001_recovery_10core_v1/theory/accdm_logm13p7142857142857_logfm0p55.npz,runs/accdm/accdm_scan_highf_q5001_recovery_10core_v1/theory/accdm_logm13p7142857142857_logfm0p55.npz
13.8571428571|-0.5500000000,upper_grid,fit,high_q5001_recovery_10core,/home/2/ks405818/Master/lyalpha_one_loop/runs/accdm/accdm_scan_highf_q5001_recovery_10core_v1/fits/accdm_logm13p8571428571429_logfm0p55.json,runs/accdm/accdm_scan_highf_q5001_recovery_10core_v1/fits/accdm_logm13p8571428571429_logfm0p55.json
13.8571428571|-0.5500000000,upper_grid,theory,high_q5001_recovery_10core,/home/2/ks405818/Master/lyalpha_one_loop/runs/accdm/accdm_scan_highf_q5001_recovery_10core_v1/theory/accdm_logm13p8571428571429_logfm0p55.npz,runs/accdm/accdm_scan_highf_q5001_recovery_10core_v1/theory/accdm_logm13p8571428571429_logfm0p55.npz
14.0000000000|-0.5500000000,upper_grid,fit,high_q5001_recovery_10core,/home/2/ks405818/Master/lyalpha_one_loop/runs/accdm/accdm_scan_highf_q5001_recovery_10core_v1/fits/accdm_logm14_logfm0p55.json,runs/accdm/accdm_scan_highf_q5001_recovery_10core_v1/fits/accdm_logm14_logfm0p55.json
14.0000000000|-0.5500000000,upper_grid,theory,high_q5001_recovery_10core,/home/2/ks405818/Master/lyalpha_one_loop/runs/accdm/accdm_scan_highf_q5001_recovery_10core_v1/theory/accdm_logm14_logfm0p55.npz,runs/accdm/accdm_scan_highf_q5001_recovery_10core_v1/theory/accdm_logm14_logfm0p55.npz
14.1428571429|-0.5500000000,upper_grid,fit,high_q5001_recovery_10core,/home/2/ks405818/Master/lyalpha_one_loop/runs/accdm/accdm_scan_highf_q5001_recovery_10core_v1/fits/accdm_logm14p1428571428571_logfm0p55.json,runs/accdm/accdm_scan_highf_q5001_recovery_10core_v1/fits/accdm_logm14p1428571428571_logfm0p55.json
14.1428571429|-0.5500000000,upper_grid,theory,high_q5001_recovery_10core,/home/2/ks405818/Master/lyalpha_one_loop/runs/accdm/accdm_scan_highf_q5001_recovery_10core_v1/theory/accdm_logm14p1428571428571_logfm0p55.npz,runs/accdm/accdm_scan_highf_q5001_recovery_10core_v1/theory/accdm_logm14p1428571428571_logfm0p55.npz
14.2857142857|-0.5500000000,upper_grid,fit,high_q5001_recovery_10core,/home/2/ks405818/Master/lyalpha_one_loop/runs/accdm/accdm_scan_highf_q5001_recovery_10core_v1/fits/accdm_logm14p2857142857143_logfm0p55.json,runs/accdm/accdm_scan_highf_q5001_recovery_10core_v1/fits/accdm_logm14p2857142857143_logfm0p55.json
14.2857142857|-0.5500000000,upper_grid,theory,high_q5001_recovery_10core,/home/2/ks405818/Master/lyalpha_one_loop/runs/accdm/accdm_scan_highf_q5001_recovery_10core_v1/theory/accdm_logm14p2857142857143_logfm0p55.npz,runs/accdm/accdm_scan_highf_q5001_recovery_10core_v1/theory/accdm_logm14p2857142857143_logfm0p55.npz
14.4285714286|-0.5500000000,upper_grid,fit,high_q5001_recovery_10core,/home/2/ks405818/Master/lyalpha_one_loop/runs/accdm/accdm_scan_highf_q5001_recovery_10core_v1/fits/accdm_logm14p4285714285714_logfm0p55.json,runs/accdm/accdm_scan_highf_q5001_recovery_10core_v1/fits/accdm_logm14p4285714285714_logfm0p55.json
14.4285714286|-0.5500000000,upper_grid,theory,high_q5001_recovery_10core,/home/2/ks405818/Master/lyalpha_one_loop/runs/accdm/accdm_scan_highf_q5001_recovery_10core_v1/theory/accdm_logm14p4285714285714_logfm0p55.npz,runs/accdm/accdm_scan_highf_q5001_recovery_10core_v1/theory/accdm_logm14p4285714285714_logfm0p55.npz
14.5714285714|-0.5500000000,upper_grid,fit,high_q5001_recovery_10core,/home/2/ks405818/Master/lyalpha_one_loop/runs/accdm/accdm_scan_highf_q5001_recovery_10core_v1/fits/accdm_logm14p5714285714286_logfm0p55.json,runs/accdm/accdm_scan_highf_q5001_recovery_10core_v1/fits/accdm_logm14p5714285714286_logfm0p55.json
14.5714285714|-0.5500000000,upper_grid,theory,high_q5001_recovery_10core,/home/2/ks405818/Master/lyalpha_one_loop/runs/accdm/accdm_scan_highf_q5001_recovery_10core_v1/theory/accdm_logm14p5714285714286_logfm0p55.npz,runs/accdm/accdm_scan_highf_q5001_recovery_10core_v1/theory/accdm_logm14p5714285714286_logfm0p55.npz
14.7142857143|-0.5500000000,upper_grid,fit,high_q5001_recovery_10core,/home/2/ks405818/Master/lyalpha_one_loop/runs/accdm/accdm_scan_highf_q5001_recovery_10core_v1/fits/accdm_logm14p7142857142857_logfm0p55.json,runs/accdm/accdm_scan_highf_q5001_recovery_10core_v1/fits/accdm_logm14p7142857142857_logfm0p55.json
14.7142857143|-0.5500000000,upper_grid,theory,high_q5001_recovery_10core,/home/2/ks405818/Master/lyalpha_one_loop/runs/accdm/accdm_scan_highf_q5001_recovery_10core_v1/theory/accdm_logm14p7142857142857_logfm0p55.npz,runs/accdm/accdm_scan_highf_q5001_recovery_10core_v1/theory/accdm_logm14p7142857142857_logfm0p55.npz
14.8571428571|-0.5500000000,upper_grid,fit,high_q5001_recovery_10core,/home/2/ks405818/Master/lyalpha_one_loop/runs/accdm/accdm_scan_highf_q5001_recovery_10core_v1/fits/accdm_logm14p8571428571429_logfm0p55.json,runs/accdm/accdm_scan_highf_q5001_recovery_10core_v1/fits/accdm_logm14p8571428571429_logfm0p55.json
14.8571428571|-0.5500000000,upper_grid,theory,high_q5001_recovery_10core,/home/2/ks405818/Master/lyalpha_one_loop/runs/accdm/accdm_scan_highf_q5001_recovery_10core_v1/theory/accdm_logm14p8571428571429_logfm0p55.npz,runs/accdm/accdm_scan_highf_q5001_recovery_10core_v1/theory/accdm_logm14p8571428571429_logfm0p55.npz
15.0000000000|-0.5500000000,upper_grid,fit,high_q5001_recovery_10core,/home/2/ks405818/Master/lyalpha_one_loop/runs/accdm/accdm_scan_highf_q5001_recovery_10core_v1/fits/accdm_logm15_logfm0p55.json,runs/accdm/accdm_scan_highf_q5001_recovery_10core_v1/fits/accdm_logm15_logfm0p55.json
15.0000000000|-0.5500000000,upper_grid,theory,high_q5001_recovery_10core,/home/2/ks405818/Master/lyalpha_one_loop/runs/accdm/accdm_scan_highf_q5001_recovery_10core_v1/theory/accdm_logm15_logfm0p55.npz,runs/accdm/accdm_scan_highf_q5001_recovery_10core_v1/theory/accdm_logm15_logfm0p55.npz
15.1428571429|-0.5500000000,upper_grid,fit,high_q5001_recovery_10core,/home/2/ks405818/Master/lyalpha_one_loop/runs/accdm/accdm_scan_highf_q5001_recovery_10core_v1/fits/accdm_logm15p1428571428571_logfm0p55.json,runs/accdm/accdm_scan_highf_q5001_recovery_10core_v1/fits/accdm_logm15p1428571428571_logfm0p55.json
15.1428571429|-0.5500000000,upper_grid,theory,high_q5001_recovery_10core,/home/2/ks405818/Master/lyalpha_one_loop/runs/accdm/accdm_scan_highf_q5001_recovery_10core_v1/theory/accdm_logm15p1428571428571_logfm0p55.npz,runs/accdm/accdm_scan_highf_q5001_recovery_10core_v1/theory/accdm_logm15p1428571428571_logfm0p55.npz
15.2857142857|-0.5500000000,upper_grid,fit,high_q5001_recovery_10core,/home/2/ks405818/Master/lyalpha_one_loop/runs/accdm/accdm_scan_highf_q5001_recovery_10core_v1/fits/accdm_logm15p2857142857143_logfm0p55.json,runs/accdm/accdm_scan_highf_q5001_recovery_10core_v1/fits/accdm_logm15p2857142857143_logfm0p55.json
15.2857142857|-0.5500000000,upper_grid,theory,high_q5001_recovery_10core,/home/2/ks405818/Master/lyalpha_one_loop/runs/accdm/accdm_scan_highf_q5001_recovery_10core_v1/theory/accdm_logm15p2857142857143_logfm0p55.npz,runs/accdm/accdm_scan_highf_q5001_recovery_10core_v1/theory/accdm_logm15p2857142857143_logfm0p55.npz
15.4285714286|-0.5500000000,upper_grid,fit,high_q5001_recovery_10core,/home/2/ks405818/Master/lyalpha_one_loop/runs/accdm/accdm_scan_highf_q5001_recovery_10core_v1/fits/accdm_logm15p4285714285714_logfm0p55.json,runs/accdm/accdm_scan_highf_q5001_recovery_10core_v1/fits/accdm_logm15p4285714285714_logfm0p55.json
15.4285714286|-0.5500000000,upper_grid,theory,high_q5001_recovery_10core,/home/2/ks405818/Master/lyalpha_one_loop/runs/accdm/accdm_scan_highf_q5001_recovery_10core_v1/theory/accdm_logm15p4285714285714_logfm0p55.npz,runs/accdm/accdm_scan_highf_q5001_recovery_10core_v1/theory/accdm_logm15p4285714285714_logfm0p55.npz
15.5714285714|-0.5500000000,upper_grid,fit,high_q5001_recovery_10core,/home/2/ks405818/Master/lyalpha_one_loop/runs/accdm/accdm_scan_highf_q5001_recovery_10core_v1/fits/accdm_logm15p5714285714286_logfm0p55.json,runs/accdm/accdm_scan_highf_q5001_recovery_10core_v1/fits/accdm_logm15p5714285714286_logfm0p55.json
15.5714285714|-0.5500000000,upper_grid,theory,high_q5001_recovery_10core,/home/2/ks405818/Master/lyalpha_one_loop/runs/accdm/accdm_scan_highf_q5001_recovery_10core_v1/theory/accdm_logm15p5714285714286_logfm0p55.npz,runs/accdm/accdm_scan_highf_q5001_recovery_10core_v1/theory/accdm_logm15p5714285714286_logfm0p55.npz
15.7142857143|-0.5500000000,upper_grid,fit,high_q5001_recovery_10core,/home/2/ks405818/Master/lyalpha_one_loop/runs/accdm/accdm_scan_highf_q5001_recovery_10core_v1/fits/accdm_logm15p7142857142857_logfm0p55.json,runs/accdm/accdm_scan_highf_q5001_recovery_10core_v1/fits/accdm_logm15p7142857142857_logfm0p55.json
15.7142857143|-0.5500000000,upper_grid,theory,high_q5001_recovery_10core,/home/2/ks405818/Master/lyalpha_one_loop/runs/accdm/accdm_scan_highf_q5001_recovery_10core_v1/theory/accdm_logm15p7142857142857_logfm0p55.npz,runs/accdm/accdm_scan_highf_q5001_recovery_10core_v1/theory/accdm_logm15p7142857142857_logfm0p55.npz
15.8571428571|-0.5500000000,upper_grid,fit,high_q5001_recovery_10core,/home/2/ks405818/Master/lyalpha_one_loop/runs/accdm/accdm_scan_highf_q5001_recovery_10core_v1/fits/accdm_logm15p8571428571429_logfm0p55.json,runs/accdm/accdm_scan_highf_q5001_recovery_10core_v1/fits/accdm_logm15p8571428571429_logfm0p55.json
15.8571428571|-0.5500000000,upper_grid,theory,high_q5001_recovery_10core,/home/2/ks405818/Master/lyalpha_one_loop/runs/accdm/accdm_scan_highf_q5001_recovery_10core_v1/theory/accdm_logm15p8571428571429_logfm0p55.npz,runs/accdm/accdm_scan_highf_q5001_recovery_10core_v1/theory/accdm_logm15p8571428571429_logfm0p55.npz
16.0000000000|-0.5500000000,upper_grid,fit,high_q5001_recovery_10core,/home/2/ks405818/Master/lyalpha_one_loop/runs/accdm/accdm_scan_highf_q5001_recovery_10core_v1/fits/accdm_logm16_logfm0p55.json,runs/accdm/accdm_scan_highf_q5001_recovery_10core_v1/fits/accdm_logm16_logfm0p55.json
16.0000000000|-0.5500000000,upper_grid,theory,high_q5001_recovery_10core,/home/2/ks405818/Master/lyalpha_one_loop/runs/accdm/accdm_scan_highf_q5001_recovery_10core_v1/theory/accdm_logm16_logfm0p55.npz,runs/accdm/accdm_scan_highf_q5001_recovery_10core_v1/theory/accdm_logm16_logfm0p55.npz
16.1428571429|-0.5500000000,upper_grid,fit,high_q5001_recovery_10core,/home/2/ks405818/Master/lyalpha_one_loop/runs/accdm/accdm_scan_highf_q5001_recovery_10core_v1/fits/accdm_logm16p1428571428571_logfm0p55.json,runs/accdm/accdm_scan_highf_q5001_recovery_10core_v1/fits/accdm_logm16p1428571428571_logfm0p55.json
16.1428571429|-0.5500000000,upper_grid,theory,high_q5001_recovery_10core,/home/2/ks405818/Master/lyalpha_one_loop/runs/accdm/accdm_scan_highf_q5001_recovery_10core_v1/theory/accdm_logm16p1428571428571_logfm0p55.npz,runs/accdm/accdm_scan_highf_q5001_recovery_10core_v1/theory/accdm_logm16p1428571428571_logfm0p55.npz
16.2857142857|-0.5500000000,upper_grid,fit,high_q5001_recovery_10core,/home/2/ks405818/Master/lyalpha_one_loop/runs/accdm/accdm_scan_highf_q5001_recovery_10core_v1/fits/accdm_logm16p2857142857143_logfm0p55.json,runs/accdm/accdm_scan_highf_q5001_recovery_10core_v1/fits/accdm_logm16p2857142857143_logfm0p55.json
16.2857142857|-0.5500000000,upper_grid,theory,high_q5001_recovery_10core,/home/2/ks405818/Master/lyalpha_one_loop/runs/accdm/accdm_scan_highf_q5001_recovery_10core_v1/theory/accdm_logm16p2857142857143_logfm0p55.npz,runs/accdm/accdm_scan_highf_q5001_recovery_10core_v1/theory/accdm_logm16p2857142857143_logfm0p55.npz
16.4285714286|-0.5500000000,upper_grid,fit,high_q5001_recovery_10core,/home/2/ks405818/Master/lyalpha_one_loop/runs/accdm/accdm_scan_highf_q5001_recovery_10core_v1/fits/accdm_logm16p4285714285714_logfm0p55.json,runs/accdm/accdm_scan_highf_q5001_recovery_10core_v1/fits/accdm_logm16p4285714285714_logfm0p55.json
16.4285714286|-0.5500000000,upper_grid,theory,high_q5001_recovery_10core,/home/2/ks405818/Master/lyalpha_one_loop/runs/accdm/accdm_scan_highf_q5001_recovery_10core_v1/theory/accdm_logm16p4285714285714_logfm0p55.npz,runs/accdm/accdm_scan_highf_q5001_recovery_10core_v1/theory/accdm_logm16p4285714285714_logfm0p55.npz
16.7142857143|-0.5500000000,upper_grid,fit,high_q5001_recovery_10core,/home/2/ks405818/Master/lyalpha_one_loop/runs/accdm/accdm_scan_highf_q5001_recovery_10core_v1/fits/accdm_logm16p7142857142857_logfm0p55.json,runs/accdm/accdm_scan_highf_q5001_recovery_10core_v1/fits/accdm_logm16p7142857142857_logfm0p55.json
16.7142857143|-0.5500000000,upper_grid,theory,high_q5001_recovery_10core,/home/2/ks405818/Master/lyalpha_one_loop/runs/accdm/accdm_scan_highf_q5001_recovery_10core_v1/theory/accdm_logm16p7142857142857_logfm0p55.npz,runs/accdm/accdm_scan_highf_q5001_recovery_10core_v1/theory/accdm_logm16p7142857142857_logfm0p55.npz
16.8571428571|-0.5500000000,upper_grid,fit,high_q5001_recovery_10core,/home/2/ks405818/Master/lyalpha_one_loop/runs/accdm/accdm_scan_highf_q5001_recovery_10core_v1/fits/accdm_logm16p8571428571429_logfm0p55.json,runs/accdm/accdm_scan_highf_q5001_recovery_10core_v1/fits/accdm_logm16p8571428571429_logfm0p55.json
16.8571428571|-0.5500000000,upper_grid,theory,high_q5001_recovery_10core,/home/2/ks405818/Master/lyalpha_one_loop/runs/accdm/accdm_scan_highf_q5001_recovery_10core_v1/theory/accdm_logm16p8571428571429_logfm0p55.npz,runs/accdm/accdm_scan_highf_q5001_recovery_10core_v1/theory/accdm_logm16p8571428571429_logfm0p55.npz
17.0000000000|-0.5500000000,upper_grid,fit,high_q5001_recovery_10core,/home/2/ks405818/Master/lyalpha_one_loop/runs/accdm/accdm_scan_highf_q5001_recovery_10core_v1/fits/accdm_logm17_logfm0p55.json,runs/accdm/accdm_scan_highf_q5001_recovery_10core_v1/fits/accdm_logm17_logfm0p55.json
17.0000000000|-0.5500000000,upper_grid,theory,high_q5001_recovery_10core,/home/2/ks405818/Master/lyalpha_one_loop/runs/accdm/accdm_scan_highf_q5001_recovery_10core_v1/theory/accdm_logm17_logfm0p55.npz,runs/accdm/accdm_scan_highf_q5001_recovery_10core_v1/theory/accdm_logm17_logfm0p55.npz
17.1428571429|-0.5500000000,upper_grid,fit,high_q5001_recovery_10core,/home/2/ks405818/Master/lyalpha_one_loop/runs/accdm/accdm_scan_highf_q5001_recovery_10core_v1/fits/accdm_logm17p1428571428571_logfm0p55.json,runs/accdm/accdm_scan_highf_q5001_recovery_10core_v1/fits/accdm_logm17p1428571428571_logfm0p55.json
17.1428571429|-0.5500000000,upper_grid,theory,high_q5001_recovery_10core,/home/2/ks405818/Master/lyalpha_one_loop/runs/accdm/accdm_scan_highf_q5001_recovery_10core_v1/theory/accdm_logm17p1428571428571_logfm0p55.npz,runs/accdm/accdm_scan_highf_q5001_recovery_10core_v1/theory/accdm_logm17p1428571428571_logfm0p55.npz
17.2857142857|-0.5500000000,upper_grid,fit,high_q5001_recovery_10core,/home/2/ks405818/Master/lyalpha_one_loop/runs/accdm/accdm_scan_highf_q5001_recovery_10core_v1/fits/accdm_logm17p2857142857143_logfm0p55.json,runs/accdm/accdm_scan_highf_q5001_recovery_10core_v1/fits/accdm_logm17p2857142857143_logfm0p55.json
17.2857142857|-0.5500000000,upper_grid,theory,high_q5001_recovery_10core,/home/2/ks405818/Master/lyalpha_one_loop/runs/accdm/accdm_scan_highf_q5001_recovery_10core_v1/theory/accdm_logm17p2857142857143_logfm0p55.npz,runs/accdm/accdm_scan_highf_q5001_recovery_10core_v1/theory/accdm_logm17p2857142857143_logfm0p55.npz
17.4285714286|-0.5500000000,upper_grid,fit,high_q5001_original,/home/2/ks405818/Master/lyalpha_one_loop/runs/accdm/accdm_scan_highf_q5001_v1/fits/accdm_logm17p4285714285714_logfm0p55.json,runs/accdm/accdm_scan_highf_q5001_v1/fits/accdm_logm17p4285714285714_logfm0p55.json
17.4285714286|-0.5500000000,upper_grid,theory,high_q5001_original,/home/2/ks405818/Master/lyalpha_one_loop/runs/accdm/accdm_scan_highf_q5001_v1/theory/accdm_logm17p4285714285714_logfm0p55.npz,runs/accdm/accdm_scan_highf_q5001_v1/theory/accdm_logm17p4285714285714_logfm0p55.npz
17.5714285714|-0.5500000000,upper_grid,fit,high_q5001_original,/home/2/ks405818/Master/lyalpha_one_loop/runs/accdm/accdm_scan_highf_q5001_v1/fits/accdm_logm17p5714285714286_logfm0p55.json,runs/accdm/accdm_scan_highf_q5001_v1/fits/accdm_logm17p5714285714286_logfm0p55.json
17.5714285714|-0.5500000000,upper_grid,theory,high_q5001_original,/home/2/ks405818/Master/lyalpha_one_loop/runs/accdm/accdm_scan_highf_q5001_v1/theory/accdm_logm17p5714285714286_logfm0p55.npz,runs/accdm/accdm_scan_highf_q5001_v1/theory/accdm_logm17p5714285714286_logfm0p55.npz
17.7142857143|-0.5500000000,upper_grid,fit,high_q5001_original,/home/2/ks405818/Master/lyalpha_one_loop/runs/accdm/accdm_scan_highf_q5001_v1/fits/accdm_logm17p7142857142857_logfm0p55.json,runs/accdm/accdm_scan_highf_q5001_v1/fits/accdm_logm17p7142857142857_logfm0p55.json
17.7142857143|-0.5500000000,upper_grid,theory,high_q5001_original,/home/2/ks405818/Master/lyalpha_one_loop/runs/accdm/accdm_scan_highf_q5001_v1/theory/accdm_logm17p7142857142857_logfm0p55.npz,runs/accdm/accdm_scan_highf_q5001_v1/theory/accdm_logm17p7142857142857_logfm0p55.npz
17.8571428571|-0.5500000000,upper_grid,fit,high_q5001_original,/home/2/ks405818/Master/lyalpha_one_loop/runs/accdm/accdm_scan_highf_q5001_v1/fits/accdm_logm17p8571428571429_logfm0p55.json,runs/accdm/accdm_scan_highf_q5001_v1/fits/accdm_logm17p8571428571429_logfm0p55.json
17.8571428571|-0.5500000000,upper_grid,theory,high_q5001_original,/home/2/ks405818/Master/lyalpha_one_loop/runs/accdm/accdm_scan_highf_q5001_v1/theory/accdm_logm17p8571428571429_logfm0p55.npz,runs/accdm/accdm_scan_highf_q5001_v1/theory/accdm_logm17p8571428571429_logfm0p55.npz
18.0000000000|-0.5500000000,upper_grid,fit,high_q5001_original,/home/2/ks405818/Master/lyalpha_one_loop/runs/accdm/accdm_scan_highf_q5001_v1/fits/accdm_logm18_logfm0p55.json,runs/accdm/accdm_scan_highf_q5001_v1/fits/accdm_logm18_logfm0p55.json
18.0000000000|-0.5500000000,upper_grid,theory,high_q5001_original,/home/2/ks405818/Master/lyalpha_one_loop/runs/accdm/accdm_scan_highf_q5001_v1/theory/accdm_logm18_logfm0p55.npz,runs/accdm/accdm_scan_highf_q5001_v1/theory/accdm_logm18_logfm0p55.npz
19.4285714286|-0.5500000000,upper_grid,fit,loweps_high_q5001,/home/2/ks405818/Master/lyalpha_one_loop/runs/accdm/accdm_scan_loweps_highf_q5001_v1/fits/accdm_logm19p4285714285714_logfm0p55.json,runs/accdm/accdm_scan_loweps_highf_q5001_v1/fits/accdm_logm19p4285714285714_logfm0p55.json
19.4285714286|-0.5500000000,upper_grid,theory,loweps_high_q5001,/home/2/ks405818/Master/lyalpha_one_loop/runs/accdm/accdm_scan_loweps_highf_q5001_v1/theory/accdm_logm19p4285714285714_logfm0p55.npz,runs/accdm/accdm_scan_loweps_highf_q5001_v1/theory/accdm_logm19p4285714285714_logfm0p55.npz
11.0000000000|-0.4750000000,upper_grid,fit,high_q5001_original,/home/2/ks405818/Master/lyalpha_one_loop/runs/accdm/accdm_scan_highf_q5001_v1/fits/accdm_logm11_logfm0p475.json,runs/accdm/accdm_scan_highf_q5001_v1/fits/accdm_logm11_logfm0p475.json
11.0000000000|-0.4750000000,upper_grid,theory,high_q5001_original,/home/2/ks405818/Master/lyalpha_one_loop/runs/accdm/accdm_scan_highf_q5001_v1/theory/accdm_logm11_logfm0p475.npz,runs/accdm/accdm_scan_highf_q5001_v1/theory/accdm_logm11_logfm0p475.npz
11.1428571429|-0.4750000000,upper_grid,fit,high_q5001_original,/home/2/ks405818/Master/lyalpha_one_loop/runs/accdm/accdm_scan_highf_q5001_v1/fits/accdm_logm11p1428571428571_logfm0p475.json,runs/accdm/accdm_scan_highf_q5001_v1/fits/accdm_logm11p1428571428571_logfm0p475.json
11.1428571429|-0.4750000000,upper_grid,theory,high_q5001_original,/home/2/ks405818/Master/lyalpha_one_loop/runs/accdm/accdm_scan_highf_q5001_v1/theory/accdm_logm11p1428571428571_logfm0p475.npz,runs/accdm/accdm_scan_highf_q5001_v1/theory/accdm_logm11p1428571428571_logfm0p475.npz
11.2857142857|-0.4750000000,upper_grid,fit,high_q5001_original,/home/2/ks405818/Master/lyalpha_one_loop/runs/accdm/accdm_scan_highf_q5001_v1/fits/accdm_logm11p2857142857143_logfm0p475.json,runs/accdm/accdm_scan_highf_q5001_v1/fits/accdm_logm11p2857142857143_logfm0p475.json
11.2857142857|-0.4750000000,upper_grid,theory,high_q5001_original,/home/2/ks405818/Master/lyalpha_one_loop/runs/accdm/accdm_scan_highf_q5001_v1/theory/accdm_logm11p2857142857143_logfm0p475.npz,runs/accdm/accdm_scan_highf_q5001_v1/theory/accdm_logm11p2857142857143_logfm0p475.npz
11.4285714286|-0.4750000000,upper_grid,fit,high_q5001_original,/home/2/ks405818/Master/lyalpha_one_loop/runs/accdm/accdm_scan_highf_q5001_v1/fits/accdm_logm11p4285714285714_logfm0p475.json,runs/accdm/accdm_scan_highf_q5001_v1/fits/accdm_logm11p4285714285714_logfm0p475.json
11.4285714286|-0.4750000000,upper_grid,theory,high_q5001_original,/home/2/ks405818/Master/lyalpha_one_loop/runs/accdm/accdm_scan_highf_q5001_v1/theory/accdm_logm11p4285714285714_logfm0p475.npz,runs/accdm/accdm_scan_highf_q5001_v1/theory/accdm_logm11p4285714285714_logfm0p475.npz
11.5714285714|-0.4750000000,upper_grid,fit,high_q5001_recovery_10core,/home/2/ks405818/Master/lyalpha_one_loop/runs/accdm/accdm_scan_highf_q5001_recovery_10core_v1/fits/accdm_logm11p5714285714286_logfm0p475.json,runs/accdm/accdm_scan_highf_q5001_recovery_10core_v1/fits/accdm_logm11p5714285714286_logfm0p475.json
11.5714285714|-0.4750000000,upper_grid,theory,high_q5001_recovery_10core,/home/2/ks405818/Master/lyalpha_one_loop/runs/accdm/accdm_scan_highf_q5001_recovery_10core_v1/theory/accdm_logm11p5714285714286_logfm0p475.npz,runs/accdm/accdm_scan_highf_q5001_recovery_10core_v1/theory/accdm_logm11p5714285714286_logfm0p475.npz
11.7142857143|-0.4750000000,upper_grid,fit,high_q5001_recovery_10core,/home/2/ks405818/Master/lyalpha_one_loop/runs/accdm/accdm_scan_highf_q5001_recovery_10core_v1/fits/accdm_logm11p7142857142857_logfm0p475.json,runs/accdm/accdm_scan_highf_q5001_recovery_10core_v1/fits/accdm_logm11p7142857142857_logfm0p475.json
11.7142857143|-0.4750000000,upper_grid,theory,high_q5001_recovery_10core,/home/2/ks405818/Master/lyalpha_one_loop/runs/accdm/accdm_scan_highf_q5001_recovery_10core_v1/theory/accdm_logm11p7142857142857_logfm0p475.npz,runs/accdm/accdm_scan_highf_q5001_recovery_10core_v1/theory/accdm_logm11p7142857142857_logfm0p475.npz
11.8571428571|-0.4750000000,upper_grid,fit,high_q5001_recovery_10core,/home/2/ks405818/Master/lyalpha_one_loop/runs/accdm/accdm_scan_highf_q5001_recovery_10core_v1/fits/accdm_logm11p8571428571429_logfm0p475.json,runs/accdm/accdm_scan_highf_q5001_recovery_10core_v1/fits/accdm_logm11p8571428571429_logfm0p475.json
11.8571428571|-0.4750000000,upper_grid,theory,high_q5001_recovery_10core,/home/2/ks405818/Master/lyalpha_one_loop/runs/accdm/accdm_scan_highf_q5001_recovery_10core_v1/theory/accdm_logm11p8571428571429_logfm0p475.npz,runs/accdm/accdm_scan_highf_q5001_recovery_10core_v1/theory/accdm_logm11p8571428571429_logfm0p475.npz
12.0000000000|-0.4750000000,upper_grid,fit,high_q5001_recovery_10core,/home/2/ks405818/Master/lyalpha_one_loop/runs/accdm/accdm_scan_highf_q5001_recovery_10core_v1/fits/accdm_logm12_logfm0p475.json,runs/accdm/accdm_scan_highf_q5001_recovery_10core_v1/fits/accdm_logm12_logfm0p475.json
12.0000000000|-0.4750000000,upper_grid,theory,high_q5001_recovery_10core,/home/2/ks405818/Master/lyalpha_one_loop/runs/accdm/accdm_scan_highf_q5001_recovery_10core_v1/theory/accdm_logm12_logfm0p475.npz,runs/accdm/accdm_scan_highf_q5001_recovery_10core_v1/theory/accdm_logm12_logfm0p475.npz
12.1428571429|-0.4750000000,upper_grid,fit,high_q5001_recovery_10core,/home/2/ks405818/Master/lyalpha_one_loop/runs/accdm/accdm_scan_highf_q5001_recovery_10core_v1/fits/accdm_logm12p1428571428571_logfm0p475.json,runs/accdm/accdm_scan_highf_q5001_recovery_10core_v1/fits/accdm_logm12p1428571428571_logfm0p475.json
12.1428571429|-0.4750000000,upper_grid,theory,high_q5001_recovery_10core,/home/2/ks405818/Master/lyalpha_one_loop/runs/accdm/accdm_scan_highf_q5001_recovery_10core_v1/theory/accdm_logm12p1428571428571_logfm0p475.npz,runs/accdm/accdm_scan_highf_q5001_recovery_10core_v1/theory/accdm_logm12p1428571428571_logfm0p475.npz
12.2857142857|-0.4750000000,upper_grid,fit,high_q5001_recovery_10core,/home/2/ks405818/Master/lyalpha_one_loop/runs/accdm/accdm_scan_highf_q5001_recovery_10core_v1/fits/accdm_logm12p2857142857143_logfm0p475.json,runs/accdm/accdm_scan_highf_q5001_recovery_10core_v1/fits/accdm_logm12p2857142857143_logfm0p475.json
12.2857142857|-0.4750000000,upper_grid,theory,high_q5001_recovery_10core,/home/2/ks405818/Master/lyalpha_one_loop/runs/accdm/accdm_scan_highf_q5001_recovery_10core_v1/theory/accdm_logm12p2857142857143_logfm0p475.npz,runs/accdm/accdm_scan_highf_q5001_recovery_10core_v1/theory/accdm_logm12p2857142857143_logfm0p475.npz
12.4285714286|-0.4750000000,upper_grid,fit,high_q5001_recovery_10core,/home/2/ks405818/Master/lyalpha_one_loop/runs/accdm/accdm_scan_highf_q5001_recovery_10core_v1/fits/accdm_logm12p4285714285714_logfm0p475.json,runs/accdm/accdm_scan_highf_q5001_recovery_10core_v1/fits/accdm_logm12p4285714285714_logfm0p475.json
12.4285714286|-0.4750000000,upper_grid,theory,high_q5001_recovery_10core,/home/2/ks405818/Master/lyalpha_one_loop/runs/accdm/accdm_scan_highf_q5001_recovery_10core_v1/theory/accdm_logm12p4285714285714_logfm0p475.npz,runs/accdm/accdm_scan_highf_q5001_recovery_10core_v1/theory/accdm_logm12p4285714285714_logfm0p475.npz
12.5714285714|-0.4750000000,upper_grid,fit,high_q5001_recovery_10core,/home/2/ks405818/Master/lyalpha_one_loop/runs/accdm/accdm_scan_highf_q5001_recovery_10core_v1/fits/accdm_logm12p5714285714286_logfm0p475.json,runs/accdm/accdm_scan_highf_q5001_recovery_10core_v1/fits/accdm_logm12p5714285714286_logfm0p475.json
12.5714285714|-0.4750000000,upper_grid,theory,high_q5001_recovery_10core,/home/2/ks405818/Master/lyalpha_one_loop/runs/accdm/accdm_scan_highf_q5001_recovery_10core_v1/theory/accdm_logm12p5714285714286_logfm0p475.npz,runs/accdm/accdm_scan_highf_q5001_recovery_10core_v1/theory/accdm_logm12p5714285714286_logfm0p475.npz
12.7142857143|-0.4750000000,upper_grid,fit,high_q5001_recovery_10core,/home/2/ks405818/Master/lyalpha_one_loop/runs/accdm/accdm_scan_highf_q5001_recovery_10core_v1/fits/accdm_logm12p7142857142857_logfm0p475.json,runs/accdm/accdm_scan_highf_q5001_recovery_10core_v1/fits/accdm_logm12p7142857142857_logfm0p475.json
12.7142857143|-0.4750000000,upper_grid,theory,high_q5001_recovery_10core,/home/2/ks405818/Master/lyalpha_one_loop/runs/accdm/accdm_scan_highf_q5001_recovery_10core_v1/theory/accdm_logm12p7142857142857_logfm0p475.npz,runs/accdm/accdm_scan_highf_q5001_recovery_10core_v1/theory/accdm_logm12p7142857142857_logfm0p475.npz
12.8571428571|-0.4750000000,upper_grid,fit,high_q5001_recovery_10core,/home/2/ks405818/Master/lyalpha_one_loop/runs/accdm/accdm_scan_highf_q5001_recovery_10core_v1/fits/accdm_logm12p8571428571429_logfm0p475.json,runs/accdm/accdm_scan_highf_q5001_recovery_10core_v1/fits/accdm_logm12p8571428571429_logfm0p475.json
12.8571428571|-0.4750000000,upper_grid,theory,high_q5001_recovery_10core,/home/2/ks405818/Master/lyalpha_one_loop/runs/accdm/accdm_scan_highf_q5001_recovery_10core_v1/theory/accdm_logm12p8571428571429_logfm0p475.npz,runs/accdm/accdm_scan_highf_q5001_recovery_10core_v1/theory/accdm_logm12p8571428571429_logfm0p475.npz
13.0000000000|-0.4750000000,upper_grid,fit,high_q5001_recovery_10core,/home/2/ks405818/Master/lyalpha_one_loop/runs/accdm/accdm_scan_highf_q5001_recovery_10core_v1/fits/accdm_logm13_logfm0p475.json,runs/accdm/accdm_scan_highf_q5001_recovery_10core_v1/fits/accdm_logm13_logfm0p475.json
13.0000000000|-0.4750000000,upper_grid,theory,high_q5001_recovery_10core,/home/2/ks405818/Master/lyalpha_one_loop/runs/accdm/accdm_scan_highf_q5001_recovery_10core_v1/theory/accdm_logm13_logfm0p475.npz,runs/accdm/accdm_scan_highf_q5001_recovery_10core_v1/theory/accdm_logm13_logfm0p475.npz
13.1428571429|-0.4750000000,upper_grid,fit,high_q5001_recovery_10core,/home/2/ks405818/Master/lyalpha_one_loop/runs/accdm/accdm_scan_highf_q5001_recovery_10core_v1/fits/accdm_logm13p1428571428571_logfm0p475.json,runs/accdm/accdm_scan_highf_q5001_recovery_10core_v1/fits/accdm_logm13p1428571428571_logfm0p475.json
13.1428571429|-0.4750000000,upper_grid,theory,high_q5001_recovery_10core,/home/2/ks405818/Master/lyalpha_one_loop/runs/accdm/accdm_scan_highf_q5001_recovery_10core_v1/theory/accdm_logm13p1428571428571_logfm0p475.npz,runs/accdm/accdm_scan_highf_q5001_recovery_10core_v1/theory/accdm_logm13p1428571428571_logfm0p475.npz
13.2857142857|-0.4750000000,upper_grid,fit,high_q5001_recovery_10core,/home/2/ks405818/Master/lyalpha_one_loop/runs/accdm/accdm_scan_highf_q5001_recovery_10core_v1/fits/accdm_logm13p2857142857143_logfm0p475.json,runs/accdm/accdm_scan_highf_q5001_recovery_10core_v1/fits/accdm_logm13p2857142857143_logfm0p475.json
13.2857142857|-0.4750000000,upper_grid,theory,high_q5001_recovery_10core,/home/2/ks405818/Master/lyalpha_one_loop/runs/accdm/accdm_scan_highf_q5001_recovery_10core_v1/theory/accdm_logm13p2857142857143_logfm0p475.npz,runs/accdm/accdm_scan_highf_q5001_recovery_10core_v1/theory/accdm_logm13p2857142857143_logfm0p475.npz
13.4285714286|-0.4750000000,upper_grid,fit,high_q5001_recovery_10core,/home/2/ks405818/Master/lyalpha_one_loop/runs/accdm/accdm_scan_highf_q5001_recovery_10core_v1/fits/accdm_logm13p4285714285714_logfm0p475.json,runs/accdm/accdm_scan_highf_q5001_recovery_10core_v1/fits/accdm_logm13p4285714285714_logfm0p475.json
13.4285714286|-0.4750000000,upper_grid,theory,high_q5001_recovery_10core,/home/2/ks405818/Master/lyalpha_one_loop/runs/accdm/accdm_scan_highf_q5001_recovery_10core_v1/theory/accdm_logm13p4285714285714_logfm0p475.npz,runs/accdm/accdm_scan_highf_q5001_recovery_10core_v1/theory/accdm_logm13p4285714285714_logfm0p475.npz
13.5714285714|-0.4750000000,upper_grid,fit,high_q5001_recovery_10core,/home/2/ks405818/Master/lyalpha_one_loop/runs/accdm/accdm_scan_highf_q5001_recovery_10core_v1/fits/accdm_logm13p5714285714286_logfm0p475.json,runs/accdm/accdm_scan_highf_q5001_recovery_10core_v1/fits/accdm_logm13p5714285714286_logfm0p475.json
13.5714285714|-0.4750000000,upper_grid,theory,high_q5001_recovery_10core,/home/2/ks405818/Master/lyalpha_one_loop/runs/accdm/accdm_scan_highf_q5001_recovery_10core_v1/theory/accdm_logm13p5714285714286_logfm0p475.npz,runs/accdm/accdm_scan_highf_q5001_recovery_10core_v1/theory/accdm_logm13p5714285714286_logfm0p475.npz
13.7142857143|-0.4750000000,upper_grid,fit,high_q5001_recovery_10core,/home/2/ks405818/Master/lyalpha_one_loop/runs/accdm/accdm_scan_highf_q5001_recovery_10core_v1/fits/accdm_logm13p7142857142857_logfm0p475.json,runs/accdm/accdm_scan_highf_q5001_recovery_10core_v1/fits/accdm_logm13p7142857142857_logfm0p475.json
13.7142857143|-0.4750000000,upper_grid,theory,high_q5001_recovery_10core,/home/2/ks405818/Master/lyalpha_one_loop/runs/accdm/accdm_scan_highf_q5001_recovery_10core_v1/theory/accdm_logm13p7142857142857_logfm0p475.npz,runs/accdm/accdm_scan_highf_q5001_recovery_10core_v1/theory/accdm_logm13p7142857142857_logfm0p475.npz
13.8571428571|-0.4750000000,upper_grid,fit,high_q5001_recovery_10core,/home/2/ks405818/Master/lyalpha_one_loop/runs/accdm/accdm_scan_highf_q5001_recovery_10core_v1/fits/accdm_logm13p8571428571429_logfm0p475.json,runs/accdm/accdm_scan_highf_q5001_recovery_10core_v1/fits/accdm_logm13p8571428571429_logfm0p475.json
13.8571428571|-0.4750000000,upper_grid,theory,high_q5001_recovery_10core,/home/2/ks405818/Master/lyalpha_one_loop/runs/accdm/accdm_scan_highf_q5001_recovery_10core_v1/theory/accdm_logm13p8571428571429_logfm0p475.npz,runs/accdm/accdm_scan_highf_q5001_recovery_10core_v1/theory/accdm_logm13p8571428571429_logfm0p475.npz
14.0000000000|-0.4750000000,upper_grid,fit,high_q5001_recovery_10core,/home/2/ks405818/Master/lyalpha_one_loop/runs/accdm/accdm_scan_highf_q5001_recovery_10core_v1/fits/accdm_logm14_logfm0p475.json,runs/accdm/accdm_scan_highf_q5001_recovery_10core_v1/fits/accdm_logm14_logfm0p475.json
14.0000000000|-0.4750000000,upper_grid,theory,high_q5001_recovery_10core,/home/2/ks405818/Master/lyalpha_one_loop/runs/accdm/accdm_scan_highf_q5001_recovery_10core_v1/theory/accdm_logm14_logfm0p475.npz,runs/accdm/accdm_scan_highf_q5001_recovery_10core_v1/theory/accdm_logm14_logfm0p475.npz
14.1428571429|-0.4750000000,upper_grid,fit,high_q5001_recovery_10core,/home/2/ks405818/Master/lyalpha_one_loop/runs/accdm/accdm_scan_highf_q5001_recovery_10core_v1/fits/accdm_logm14p1428571428571_logfm0p475.json,runs/accdm/accdm_scan_highf_q5001_recovery_10core_v1/fits/accdm_logm14p1428571428571_logfm0p475.json
14.1428571429|-0.4750000000,upper_grid,theory,high_q5001_recovery_10core,/home/2/ks405818/Master/lyalpha_one_loop/runs/accdm/accdm_scan_highf_q5001_recovery_10core_v1/theory/accdm_logm14p1428571428571_logfm0p475.npz,runs/accdm/accdm_scan_highf_q5001_recovery_10core_v1/theory/accdm_logm14p1428571428571_logfm0p475.npz
14.2857142857|-0.4750000000,upper_grid,fit,high_q5001_recovery_10core,/home/2/ks405818/Master/lyalpha_one_loop/runs/accdm/accdm_scan_highf_q5001_recovery_10core_v1/fits/accdm_logm14p2857142857143_logfm0p475.json,runs/accdm/accdm_scan_highf_q5001_recovery_10core_v1/fits/accdm_logm14p2857142857143_logfm0p475.json
14.2857142857|-0.4750000000,upper_grid,theory,high_q5001_recovery_10core,/home/2/ks405818/Master/lyalpha_one_loop/runs/accdm/accdm_scan_highf_q5001_recovery_10core_v1/theory/accdm_logm14p2857142857143_logfm0p475.npz,runs/accdm/accdm_scan_highf_q5001_recovery_10core_v1/theory/accdm_logm14p2857142857143_logfm0p475.npz
14.4285714286|-0.4750000000,upper_grid,fit,high_q5001_recovery_10core,/home/2/ks405818/Master/lyalpha_one_loop/runs/accdm/accdm_scan_highf_q5001_recovery_10core_v1/fits/accdm_logm14p4285714285714_logfm0p475.json,runs/accdm/accdm_scan_highf_q5001_recovery_10core_v1/fits/accdm_logm14p4285714285714_logfm0p475.json
14.4285714286|-0.4750000000,upper_grid,theory,high_q5001_recovery_10core,/home/2/ks405818/Master/lyalpha_one_loop/runs/accdm/accdm_scan_highf_q5001_recovery_10core_v1/theory/accdm_logm14p4285714285714_logfm0p475.npz,runs/accdm/accdm_scan_highf_q5001_recovery_10core_v1/theory/accdm_logm14p4285714285714_logfm0p475.npz
14.5714285714|-0.4750000000,upper_grid,fit,high_q5001_recovery_10core,/home/2/ks405818/Master/lyalpha_one_loop/runs/accdm/accdm_scan_highf_q5001_recovery_10core_v1/fits/accdm_logm14p5714285714286_logfm0p475.json,runs/accdm/accdm_scan_highf_q5001_recovery_10core_v1/fits/accdm_logm14p5714285714286_logfm0p475.json
14.5714285714|-0.4750000000,upper_grid,theory,high_q5001_recovery_10core,/home/2/ks405818/Master/lyalpha_one_loop/runs/accdm/accdm_scan_highf_q5001_recovery_10core_v1/theory/accdm_logm14p5714285714286_logfm0p475.npz,runs/accdm/accdm_scan_highf_q5001_recovery_10core_v1/theory/accdm_logm14p5714285714286_logfm0p475.npz
14.7142857143|-0.4750000000,upper_grid,fit,high_q5001_recovery_10core,/home/2/ks405818/Master/lyalpha_one_loop/runs/accdm/accdm_scan_highf_q5001_recovery_10core_v1/fits/accdm_logm14p7142857142857_logfm0p475.json,runs/accdm/accdm_scan_highf_q5001_recovery_10core_v1/fits/accdm_logm14p7142857142857_logfm0p475.json
14.7142857143|-0.4750000000,upper_grid,theory,high_q5001_recovery_10core,/home/2/ks405818/Master/lyalpha_one_loop/runs/accdm/accdm_scan_highf_q5001_recovery_10core_v1/theory/accdm_logm14p7142857142857_logfm0p475.npz,runs/accdm/accdm_scan_highf_q5001_recovery_10core_v1/theory/accdm_logm14p7142857142857_logfm0p475.npz
14.8571428571|-0.4750000000,upper_grid,fit,high_q5001_recovery_10core,/home/2/ks405818/Master/lyalpha_one_loop/runs/accdm/accdm_scan_highf_q5001_recovery_10core_v1/fits/accdm_logm14p8571428571429_logfm0p475.json,runs/accdm/accdm_scan_highf_q5001_recovery_10core_v1/fits/accdm_logm14p8571428571429_logfm0p475.json
14.8571428571|-0.4750000000,upper_grid,theory,high_q5001_recovery_10core,/home/2/ks405818/Master/lyalpha_one_loop/runs/accdm/accdm_scan_highf_q5001_recovery_10core_v1/theory/accdm_logm14p8571428571429_logfm0p475.npz,runs/accdm/accdm_scan_highf_q5001_recovery_10core_v1/theory/accdm_logm14p8571428571429_logfm0p475.npz
15.0000000000|-0.4750000000,upper_grid,fit,high_q5001_recovery_10core,/home/2/ks405818/Master/lyalpha_one_loop/runs/accdm/accdm_scan_highf_q5001_recovery_10core_v1/fits/accdm_logm15_logfm0p475.json,runs/accdm/accdm_scan_highf_q5001_recovery_10core_v1/fits/accdm_logm15_logfm0p475.json
15.0000000000|-0.4750000000,upper_grid,theory,high_q5001_recovery_10core,/home/2/ks405818/Master/lyalpha_one_loop/runs/accdm/accdm_scan_highf_q5001_recovery_10core_v1/theory/accdm_logm15_logfm0p475.npz,runs/accdm/accdm_scan_highf_q5001_recovery_10core_v1/theory/accdm_logm15_logfm0p475.npz
15.1428571429|-0.4750000000,upper_grid,fit,high_q5001_recovery_10core,/home/2/ks405818/Master/lyalpha_one_loop/runs/accdm/accdm_scan_highf_q5001_recovery_10core_v1/fits/accdm_logm15p1428571428571_logfm0p475.json,runs/accdm/accdm_scan_highf_q5001_recovery_10core_v1/fits/accdm_logm15p1428571428571_logfm0p475.json
15.1428571429|-0.4750000000,upper_grid,theory,high_q5001_recovery_10core,/home/2/ks405818/Master/lyalpha_one_loop/runs/accdm/accdm_scan_highf_q5001_recovery_10core_v1/theory/accdm_logm15p1428571428571_logfm0p475.npz,runs/accdm/accdm_scan_highf_q5001_recovery_10core_v1/theory/accdm_logm15p1428571428571_logfm0p475.npz
15.2857142857|-0.4750000000,upper_grid,fit,high_q5001_recovery_10core,/home/2/ks405818/Master/lyalpha_one_loop/runs/accdm/accdm_scan_highf_q5001_recovery_10core_v1/fits/accdm_logm15p2857142857143_logfm0p475.json,runs/accdm/accdm_scan_highf_q5001_recovery_10core_v1/fits/accdm_logm15p2857142857143_logfm0p475.json
15.2857142857|-0.4750000000,upper_grid,theory,high_q5001_recovery_10core,/home/2/ks405818/Master/lyalpha_one_loop/runs/accdm/accdm_scan_highf_q5001_recovery_10core_v1/theory/accdm_logm15p2857142857143_logfm0p475.npz,runs/accdm/accdm_scan_highf_q5001_recovery_10core_v1/theory/accdm_logm15p2857142857143_logfm0p475.npz
15.4285714286|-0.4750000000,upper_grid,fit,high_q5001_recovery_10core,/home/2/ks405818/Master/lyalpha_one_loop/runs/accdm/accdm_scan_highf_q5001_recovery_10core_v1/fits/accdm_logm15p4285714285714_logfm0p475.json,runs/accdm/accdm_scan_highf_q5001_recovery_10core_v1/fits/accdm_logm15p4285714285714_logfm0p475.json
15.4285714286|-0.4750000000,upper_grid,theory,high_q5001_recovery_10core,/home/2/ks405818/Master/lyalpha_one_loop/runs/accdm/accdm_scan_highf_q5001_recovery_10core_v1/theory/accdm_logm15p4285714285714_logfm0p475.npz,runs/accdm/accdm_scan_highf_q5001_recovery_10core_v1/theory/accdm_logm15p4285714285714_logfm0p475.npz
15.5714285714|-0.4750000000,upper_grid,fit,high_q5001_recovery_10core,/home/2/ks405818/Master/lyalpha_one_loop/runs/accdm/accdm_scan_highf_q5001_recovery_10core_v1/fits/accdm_logm15p5714285714286_logfm0p475.json,runs/accdm/accdm_scan_highf_q5001_recovery_10core_v1/fits/accdm_logm15p5714285714286_logfm0p475.json
15.5714285714|-0.4750000000,upper_grid,theory,high_q5001_recovery_10core,/home/2/ks405818/Master/lyalpha_one_loop/runs/accdm/accdm_scan_highf_q5001_recovery_10core_v1/theory/accdm_logm15p5714285714286_logfm0p475.npz,runs/accdm/accdm_scan_highf_q5001_recovery_10core_v1/theory/accdm_logm15p5714285714286_logfm0p475.npz
15.7142857143|-0.4750000000,upper_grid,fit,high_q5001_recovery_10core,/home/2/ks405818/Master/lyalpha_one_loop/runs/accdm/accdm_scan_highf_q5001_recovery_10core_v1/fits/accdm_logm15p7142857142857_logfm0p475.json,runs/accdm/accdm_scan_highf_q5001_recovery_10core_v1/fits/accdm_logm15p7142857142857_logfm0p475.json
15.7142857143|-0.4750000000,upper_grid,theory,high_q5001_recovery_10core,/home/2/ks405818/Master/lyalpha_one_loop/runs/accdm/accdm_scan_highf_q5001_recovery_10core_v1/theory/accdm_logm15p7142857142857_logfm0p475.npz,runs/accdm/accdm_scan_highf_q5001_recovery_10core_v1/theory/accdm_logm15p7142857142857_logfm0p475.npz
15.8571428571|-0.4750000000,upper_grid,fit,high_q5001_recovery_10core,/home/2/ks405818/Master/lyalpha_one_loop/runs/accdm/accdm_scan_highf_q5001_recovery_10core_v1/fits/accdm_logm15p8571428571429_logfm0p475.json,runs/accdm/accdm_scan_highf_q5001_recovery_10core_v1/fits/accdm_logm15p8571428571429_logfm0p475.json
15.8571428571|-0.4750000000,upper_grid,theory,high_q5001_recovery_10core,/home/2/ks405818/Master/lyalpha_one_loop/runs/accdm/accdm_scan_highf_q5001_recovery_10core_v1/theory/accdm_logm15p8571428571429_logfm0p475.npz,runs/accdm/accdm_scan_highf_q5001_recovery_10core_v1/theory/accdm_logm15p8571428571429_logfm0p475.npz
16.0000000000|-0.4750000000,upper_grid,fit,high_q5001_recovery_10core,/home/2/ks405818/Master/lyalpha_one_loop/runs/accdm/accdm_scan_highf_q5001_recovery_10core_v1/fits/accdm_logm16_logfm0p475.json,runs/accdm/accdm_scan_highf_q5001_recovery_10core_v1/fits/accdm_logm16_logfm0p475.json
16.0000000000|-0.4750000000,upper_grid,theory,high_q5001_recovery_10core,/home/2/ks405818/Master/lyalpha_one_loop/runs/accdm/accdm_scan_highf_q5001_recovery_10core_v1/theory/accdm_logm16_logfm0p475.npz,runs/accdm/accdm_scan_highf_q5001_recovery_10core_v1/theory/accdm_logm16_logfm0p475.npz
16.1428571429|-0.4750000000,upper_grid,fit,high_q5001_recovery_10core,/home/2/ks405818/Master/lyalpha_one_loop/runs/accdm/accdm_scan_highf_q5001_recovery_10core_v1/fits/accdm_logm16p1428571428571_logfm0p475.json,runs/accdm/accdm_scan_highf_q5001_recovery_10core_v1/fits/accdm_logm16p1428571428571_logfm0p475.json
16.1428571429|-0.4750000000,upper_grid,theory,high_q5001_recovery_10core,/home/2/ks405818/Master/lyalpha_one_loop/runs/accdm/accdm_scan_highf_q5001_recovery_10core_v1/theory/accdm_logm16p1428571428571_logfm0p475.npz,runs/accdm/accdm_scan_highf_q5001_recovery_10core_v1/theory/accdm_logm16p1428571428571_logfm0p475.npz
16.2857142857|-0.4750000000,upper_grid,fit,high_q5001_recovery_10core,/home/2/ks405818/Master/lyalpha_one_loop/runs/accdm/accdm_scan_highf_q5001_recovery_10core_v1/fits/accdm_logm16p2857142857143_logfm0p475.json,runs/accdm/accdm_scan_highf_q5001_recovery_10core_v1/fits/accdm_logm16p2857142857143_logfm0p475.json
16.2857142857|-0.4750000000,upper_grid,theory,high_q5001_recovery_10core,/home/2/ks405818/Master/lyalpha_one_loop/runs/accdm/accdm_scan_highf_q5001_recovery_10core_v1/theory/accdm_logm16p2857142857143_logfm0p475.npz,runs/accdm/accdm_scan_highf_q5001_recovery_10core_v1/theory/accdm_logm16p2857142857143_logfm0p475.npz
16.4285714286|-0.4750000000,upper_grid,fit,high_q5001_recovery_10core,/home/2/ks405818/Master/lyalpha_one_loop/runs/accdm/accdm_scan_highf_q5001_recovery_10core_v1/fits/accdm_logm16p4285714285714_logfm0p475.json,runs/accdm/accdm_scan_highf_q5001_recovery_10core_v1/fits/accdm_logm16p4285714285714_logfm0p475.json
16.4285714286|-0.4750000000,upper_grid,theory,high_q5001_recovery_10core,/home/2/ks405818/Master/lyalpha_one_loop/runs/accdm/accdm_scan_highf_q5001_recovery_10core_v1/theory/accdm_logm16p4285714285714_logfm0p475.npz,runs/accdm/accdm_scan_highf_q5001_recovery_10core_v1/theory/accdm_logm16p4285714285714_logfm0p475.npz
16.5714285714|-0.4750000000,upper_grid,fit,high_q5001_recovery_10core,/home/2/ks405818/Master/lyalpha_one_loop/runs/accdm/accdm_scan_highf_q5001_recovery_10core_v1/fits/accdm_logm16p5714285714286_logfm0p475.json,runs/accdm/accdm_scan_highf_q5001_recovery_10core_v1/fits/accdm_logm16p5714285714286_logfm0p475.json
16.5714285714|-0.4750000000,upper_grid,theory,high_q5001_recovery_10core,/home/2/ks405818/Master/lyalpha_one_loop/runs/accdm/accdm_scan_highf_q5001_recovery_10core_v1/theory/accdm_logm16p5714285714286_logfm0p475.npz,runs/accdm/accdm_scan_highf_q5001_recovery_10core_v1/theory/accdm_logm16p5714285714286_logfm0p475.npz
16.7142857143|-0.4750000000,upper_grid,fit,high_q5001_recovery_10core,/home/2/ks405818/Master/lyalpha_one_loop/runs/accdm/accdm_scan_highf_q5001_recovery_10core_v1/fits/accdm_logm16p7142857142857_logfm0p475.json,runs/accdm/accdm_scan_highf_q5001_recovery_10core_v1/fits/accdm_logm16p7142857142857_logfm0p475.json
16.7142857143|-0.4750000000,upper_grid,theory,high_q5001_recovery_10core,/home/2/ks405818/Master/lyalpha_one_loop/runs/accdm/accdm_scan_highf_q5001_recovery_10core_v1/theory/accdm_logm16p7142857142857_logfm0p475.npz,runs/accdm/accdm_scan_highf_q5001_recovery_10core_v1/theory/accdm_logm16p7142857142857_logfm0p475.npz
17.0000000000|-0.4750000000,upper_grid,fit,high_q5001_recovery_10core,/home/2/ks405818/Master/lyalpha_one_loop/runs/accdm/accdm_scan_highf_q5001_recovery_10core_v1/fits/accdm_logm17_logfm0p475.json,runs/accdm/accdm_scan_highf_q5001_recovery_10core_v1/fits/accdm_logm17_logfm0p475.json
17.0000000000|-0.4750000000,upper_grid,theory,high_q5001_recovery_10core,/home/2/ks405818/Master/lyalpha_one_loop/runs/accdm/accdm_scan_highf_q5001_recovery_10core_v1/theory/accdm_logm17_logfm0p475.npz,runs/accdm/accdm_scan_highf_q5001_recovery_10core_v1/theory/accdm_logm17_logfm0p475.npz
17.1428571429|-0.4750000000,upper_grid,fit,high_q5001_recovery_10core,/home/2/ks405818/Master/lyalpha_one_loop/runs/accdm/accdm_scan_highf_q5001_recovery_10core_v1/fits/accdm_logm17p1428571428571_logfm0p475.json,runs/accdm/accdm_scan_highf_q5001_recovery_10core_v1/fits/accdm_logm17p1428571428571_logfm0p475.json
17.1428571429|-0.4750000000,upper_grid,theory,high_q5001_recovery_10core,/home/2/ks405818/Master/lyalpha_one_loop/runs/accdm/accdm_scan_highf_q5001_recovery_10core_v1/theory/accdm_logm17p1428571428571_logfm0p475.npz,runs/accdm/accdm_scan_highf_q5001_recovery_10core_v1/theory/accdm_logm17p1428571428571_logfm0p475.npz
17.2857142857|-0.4750000000,upper_grid,fit,high_q5001_recovery_10core,/home/2/ks405818/Master/lyalpha_one_loop/runs/accdm/accdm_scan_highf_q5001_recovery_10core_v1/fits/accdm_logm17p2857142857143_logfm0p475.json,runs/accdm/accdm_scan_highf_q5001_recovery_10core_v1/fits/accdm_logm17p2857142857143_logfm0p475.json
17.2857142857|-0.4750000000,upper_grid,theory,high_q5001_recovery_10core,/home/2/ks405818/Master/lyalpha_one_loop/runs/accdm/accdm_scan_highf_q5001_recovery_10core_v1/theory/accdm_logm17p2857142857143_logfm0p475.npz,runs/accdm/accdm_scan_highf_q5001_recovery_10core_v1/theory/accdm_logm17p2857142857143_logfm0p475.npz
17.4285714286|-0.4750000000,upper_grid,fit,high_q5001_original,/home/2/ks405818/Master/lyalpha_one_loop/runs/accdm/accdm_scan_highf_q5001_v1/fits/accdm_logm17p4285714285714_logfm0p475.json,runs/accdm/accdm_scan_highf_q5001_v1/fits/accdm_logm17p4285714285714_logfm0p475.json
17.4285714286|-0.4750000000,upper_grid,theory,high_q5001_original,/home/2/ks405818/Master/lyalpha_one_loop/runs/accdm/accdm_scan_highf_q5001_v1/theory/accdm_logm17p4285714285714_logfm0p475.npz,runs/accdm/accdm_scan_highf_q5001_v1/theory/accdm_logm17p4285714285714_logfm0p475.npz
17.5714285714|-0.4750000000,upper_grid,fit,high_q5001_original,/home/2/ks405818/Master/lyalpha_one_loop/runs/accdm/accdm_scan_highf_q5001_v1/fits/accdm_logm17p5714285714286_logfm0p475.json,runs/accdm/accdm_scan_highf_q5001_v1/fits/accdm_logm17p5714285714286_logfm0p475.json
17.5714285714|-0.4750000000,upper_grid,theory,high_q5001_original,/home/2/ks405818/Master/lyalpha_one_loop/runs/accdm/accdm_scan_highf_q5001_v1/theory/accdm_logm17p5714285714286_logfm0p475.npz,runs/accdm/accdm_scan_highf_q5001_v1/theory/accdm_logm17p5714285714286_logfm0p475.npz
17.7142857143|-0.4750000000,upper_grid,fit,high_q5001_original,/home/2/ks405818/Master/lyalpha_one_loop/runs/accdm/accdm_scan_highf_q5001_v1/fits/accdm_logm17p7142857142857_logfm0p475.json,runs/accdm/accdm_scan_highf_q5001_v1/fits/accdm_logm17p7142857142857_logfm0p475.json
17.7142857143|-0.4750000000,upper_grid,theory,high_q5001_original,/home/2/ks405818/Master/lyalpha_one_loop/runs/accdm/accdm_scan_highf_q5001_v1/theory/accdm_logm17p7142857142857_logfm0p475.npz,runs/accdm/accdm_scan_highf_q5001_v1/theory/accdm_logm17p7142857142857_logfm0p475.npz
17.8571428571|-0.4750000000,upper_grid,fit,high_q5001_original,/home/2/ks405818/Master/lyalpha_one_loop/runs/accdm/accdm_scan_highf_q5001_v1/fits/accdm_logm17p8571428571429_logfm0p475.json,runs/accdm/accdm_scan_highf_q5001_v1/fits/accdm_logm17p8571428571429_logfm0p475.json
17.8571428571|-0.4750000000,upper_grid,theory,high_q5001_original,/home/2/ks405818/Master/lyalpha_one_loop/runs/accdm/accdm_scan_highf_q5001_v1/theory/accdm_logm17p8571428571429_logfm0p475.npz,runs/accdm/accdm_scan_highf_q5001_v1/theory/accdm_logm17p8571428571429_logfm0p475.npz
18.0000000000|-0.4750000000,upper_grid,fit,high_q5001_original,/home/2/ks405818/Master/lyalpha_one_loop/runs/accdm/accdm_scan_highf_q5001_v1/fits/accdm_logm18_logfm0p475.json,runs/accdm/accdm_scan_highf_q5001_v1/fits/accdm_logm18_logfm0p475.json
18.0000000000|-0.4750000000,upper_grid,theory,high_q5001_original,/home/2/ks405818/Master/lyalpha_one_loop/runs/accdm/accdm_scan_highf_q5001_v1/theory/accdm_logm18_logfm0p475.npz,runs/accdm/accdm_scan_highf_q5001_v1/theory/accdm_logm18_logfm0p475.npz
19.4285714286|-0.4750000000,upper_grid,fit,loweps_high_q5001,/home/2/ks405818/Master/lyalpha_one_loop/runs/accdm/accdm_scan_loweps_highf_q5001_v1/fits/accdm_logm19p4285714285714_logfm0p475.json,runs/accdm/accdm_scan_loweps_highf_q5001_v1/fits/accdm_logm19p4285714285714_logfm0p475.json
19.4285714286|-0.4750000000,upper_grid,theory,loweps_high_q5001,/home/2/ks405818/Master/lyalpha_one_loop/runs/accdm/accdm_scan_loweps_highf_q5001_v1/theory/accdm_logm19p4285714285714_logfm0p475.npz,runs/accdm/accdm_scan_loweps_highf_q5001_v1/theory/accdm_logm19p4285714285714_logfm0p475.npz
11.2857142857|-0.4000000000,upper_grid,fit,high_q5001_original,/home/2/ks405818/Master/lyalpha_one_loop/runs/accdm/accdm_scan_highf_q5001_v1/fits/accdm_logm11p2857142857143_logfm0p4.json,runs/accdm/accdm_scan_highf_q5001_v1/fits/accdm_logm11p2857142857143_logfm0p4.json
11.2857142857|-0.4000000000,upper_grid,theory,high_q5001_original,/home/2/ks405818/Master/lyalpha_one_loop/runs/accdm/accdm_scan_highf_q5001_v1/theory/accdm_logm11p2857142857143_logfm0p4.npz,runs/accdm/accdm_scan_highf_q5001_v1/theory/accdm_logm11p2857142857143_logfm0p4.npz
11.4285714286|-0.4000000000,upper_grid,fit,high_q5001_original,/home/2/ks405818/Master/lyalpha_one_loop/runs/accdm/accdm_scan_highf_q5001_v1/fits/accdm_logm11p4285714285714_logfm0p4.json,runs/accdm/accdm_scan_highf_q5001_v1/fits/accdm_logm11p4285714285714_logfm0p4.json
11.4285714286|-0.4000000000,upper_grid,theory,high_q5001_original,/home/2/ks405818/Master/lyalpha_one_loop/runs/accdm/accdm_scan_highf_q5001_v1/theory/accdm_logm11p4285714285714_logfm0p4.npz,runs/accdm/accdm_scan_highf_q5001_v1/theory/accdm_logm11p4285714285714_logfm0p4.npz
11.5714285714|-0.4000000000,upper_grid,fit,high_q5001_recovery_10core,/home/2/ks405818/Master/lyalpha_one_loop/runs/accdm/accdm_scan_highf_q5001_recovery_10core_v1/fits/accdm_logm11p5714285714286_logfm0p4.json,runs/accdm/accdm_scan_highf_q5001_recovery_10core_v1/fits/accdm_logm11p5714285714286_logfm0p4.json
11.5714285714|-0.4000000000,upper_grid,theory,high_q5001_recovery_10core,/home/2/ks405818/Master/lyalpha_one_loop/runs/accdm/accdm_scan_highf_q5001_recovery_10core_v1/theory/accdm_logm11p5714285714286_logfm0p4.npz,runs/accdm/accdm_scan_highf_q5001_recovery_10core_v1/theory/accdm_logm11p5714285714286_logfm0p4.npz
11.7142857143|-0.4000000000,upper_grid,fit,high_q5001_recovery_10core,/home/2/ks405818/Master/lyalpha_one_loop/runs/accdm/accdm_scan_highf_q5001_recovery_10core_v1/fits/accdm_logm11p7142857142857_logfm0p4.json,runs/accdm/accdm_scan_highf_q5001_recovery_10core_v1/fits/accdm_logm11p7142857142857_logfm0p4.json
11.7142857143|-0.4000000000,upper_grid,theory,high_q5001_recovery_10core,/home/2/ks405818/Master/lyalpha_one_loop/runs/accdm/accdm_scan_highf_q5001_recovery_10core_v1/theory/accdm_logm11p7142857142857_logfm0p4.npz,runs/accdm/accdm_scan_highf_q5001_recovery_10core_v1/theory/accdm_logm11p7142857142857_logfm0p4.npz
11.8571428571|-0.4000000000,upper_grid,fit,high_q5001_recovery_10core,/home/2/ks405818/Master/lyalpha_one_loop/runs/accdm/accdm_scan_highf_q5001_recovery_10core_v1/fits/accdm_logm11p8571428571429_logfm0p4.json,runs/accdm/accdm_scan_highf_q5001_recovery_10core_v1/fits/accdm_logm11p8571428571429_logfm0p4.json
11.8571428571|-0.4000000000,upper_grid,theory,high_q5001_recovery_10core,/home/2/ks405818/Master/lyalpha_one_loop/runs/accdm/accdm_scan_highf_q5001_recovery_10core_v1/theory/accdm_logm11p8571428571429_logfm0p4.npz,runs/accdm/accdm_scan_highf_q5001_recovery_10core_v1/theory/accdm_logm11p8571428571429_logfm0p4.npz
12.0000000000|-0.4000000000,upper_grid,fit,high_q5001_recovery_10core,/home/2/ks405818/Master/lyalpha_one_loop/runs/accdm/accdm_scan_highf_q5001_recovery_10core_v1/fits/accdm_logm12_logfm0p4.json,runs/accdm/accdm_scan_highf_q5001_recovery_10core_v1/fits/accdm_logm12_logfm0p4.json
12.0000000000|-0.4000000000,upper_grid,theory,high_q5001_recovery_10core,/home/2/ks405818/Master/lyalpha_one_loop/runs/accdm/accdm_scan_highf_q5001_recovery_10core_v1/theory/accdm_logm12_logfm0p4.npz,runs/accdm/accdm_scan_highf_q5001_recovery_10core_v1/theory/accdm_logm12_logfm0p4.npz
12.1428571429|-0.4000000000,upper_grid,fit,high_q5001_recovery_10core,/home/2/ks405818/Master/lyalpha_one_loop/runs/accdm/accdm_scan_highf_q5001_recovery_10core_v1/fits/accdm_logm12p1428571428571_logfm0p4.json,runs/accdm/accdm_scan_highf_q5001_recovery_10core_v1/fits/accdm_logm12p1428571428571_logfm0p4.json
12.1428571429|-0.4000000000,upper_grid,theory,high_q5001_recovery_10core,/home/2/ks405818/Master/lyalpha_one_loop/runs/accdm/accdm_scan_highf_q5001_recovery_10core_v1/theory/accdm_logm12p1428571428571_logfm0p4.npz,runs/accdm/accdm_scan_highf_q5001_recovery_10core_v1/theory/accdm_logm12p1428571428571_logfm0p4.npz
12.2857142857|-0.4000000000,upper_grid,fit,high_q5001_recovery_10core,/home/2/ks405818/Master/lyalpha_one_loop/runs/accdm/accdm_scan_highf_q5001_recovery_10core_v1/fits/accdm_logm12p2857142857143_logfm0p4.json,runs/accdm/accdm_scan_highf_q5001_recovery_10core_v1/fits/accdm_logm12p2857142857143_logfm0p4.json
12.2857142857|-0.4000000000,upper_grid,theory,high_q5001_recovery_10core,/home/2/ks405818/Master/lyalpha_one_loop/runs/accdm/accdm_scan_highf_q5001_recovery_10core_v1/theory/accdm_logm12p2857142857143_logfm0p4.npz,runs/accdm/accdm_scan_highf_q5001_recovery_10core_v1/theory/accdm_logm12p2857142857143_logfm0p4.npz
12.4285714286|-0.4000000000,upper_grid,fit,high_q5001_recovery_10core,/home/2/ks405818/Master/lyalpha_one_loop/runs/accdm/accdm_scan_highf_q5001_recovery_10core_v1/fits/accdm_logm12p4285714285714_logfm0p4.json,runs/accdm/accdm_scan_highf_q5001_recovery_10core_v1/fits/accdm_logm12p4285714285714_logfm0p4.json
12.4285714286|-0.4000000000,upper_grid,theory,high_q5001_recovery_10core,/home/2/ks405818/Master/lyalpha_one_loop/runs/accdm/accdm_scan_highf_q5001_recovery_10core_v1/theory/accdm_logm12p4285714285714_logfm0p4.npz,runs/accdm/accdm_scan_highf_q5001_recovery_10core_v1/theory/accdm_logm12p4285714285714_logfm0p4.npz
12.5714285714|-0.4000000000,upper_grid,fit,high_q5001_recovery_10core,/home/2/ks405818/Master/lyalpha_one_loop/runs/accdm/accdm_scan_highf_q5001_recovery_10core_v1/fits/accdm_logm12p5714285714286_logfm0p4.json,runs/accdm/accdm_scan_highf_q5001_recovery_10core_v1/fits/accdm_logm12p5714285714286_logfm0p4.json
12.5714285714|-0.4000000000,upper_grid,theory,high_q5001_recovery_10core,/home/2/ks405818/Master/lyalpha_one_loop/runs/accdm/accdm_scan_highf_q5001_recovery_10core_v1/theory/accdm_logm12p5714285714286_logfm0p4.npz,runs/accdm/accdm_scan_highf_q5001_recovery_10core_v1/theory/accdm_logm12p5714285714286_logfm0p4.npz
12.7142857143|-0.4000000000,upper_grid,fit,high_q5001_recovery_10core,/home/2/ks405818/Master/lyalpha_one_loop/runs/accdm/accdm_scan_highf_q5001_recovery_10core_v1/fits/accdm_logm12p7142857142857_logfm0p4.json,runs/accdm/accdm_scan_highf_q5001_recovery_10core_v1/fits/accdm_logm12p7142857142857_logfm0p4.json
12.7142857143|-0.4000000000,upper_grid,theory,high_q5001_recovery_10core,/home/2/ks405818/Master/lyalpha_one_loop/runs/accdm/accdm_scan_highf_q5001_recovery_10core_v1/theory/accdm_logm12p7142857142857_logfm0p4.npz,runs/accdm/accdm_scan_highf_q5001_recovery_10core_v1/theory/accdm_logm12p7142857142857_logfm0p4.npz
12.8571428571|-0.4000000000,upper_grid,fit,high_q5001_recovery_10core,/home/2/ks405818/Master/lyalpha_one_loop/runs/accdm/accdm_scan_highf_q5001_recovery_10core_v1/fits/accdm_logm12p8571428571429_logfm0p4.json,runs/accdm/accdm_scan_highf_q5001_recovery_10core_v1/fits/accdm_logm12p8571428571429_logfm0p4.json
12.8571428571|-0.4000000000,upper_grid,theory,high_q5001_recovery_10core,/home/2/ks405818/Master/lyalpha_one_loop/runs/accdm/accdm_scan_highf_q5001_recovery_10core_v1/theory/accdm_logm12p8571428571429_logfm0p4.npz,runs/accdm/accdm_scan_highf_q5001_recovery_10core_v1/theory/accdm_logm12p8571428571429_logfm0p4.npz
13.0000000000|-0.4000000000,upper_grid,fit,high_q5001_recovery_10core,/home/2/ks405818/Master/lyalpha_one_loop/runs/accdm/accdm_scan_highf_q5001_recovery_10core_v1/fits/accdm_logm13_logfm0p4.json,runs/accdm/accdm_scan_highf_q5001_recovery_10core_v1/fits/accdm_logm13_logfm0p4.json
13.0000000000|-0.4000000000,upper_grid,theory,high_q5001_recovery_10core,/home/2/ks405818/Master/lyalpha_one_loop/runs/accdm/accdm_scan_highf_q5001_recovery_10core_v1/theory/accdm_logm13_logfm0p4.npz,runs/accdm/accdm_scan_highf_q5001_recovery_10core_v1/theory/accdm_logm13_logfm0p4.npz
13.1428571429|-0.4000000000,upper_grid,fit,high_q5001_recovery_10core,/home/2/ks405818/Master/lyalpha_one_loop/runs/accdm/accdm_scan_highf_q5001_recovery_10core_v1/fits/accdm_logm13p1428571428571_logfm0p4.json,runs/accdm/accdm_scan_highf_q5001_recovery_10core_v1/fits/accdm_logm13p1428571428571_logfm0p4.json
13.1428571429|-0.4000000000,upper_grid,theory,high_q5001_recovery_10core,/home/2/ks405818/Master/lyalpha_one_loop/runs/accdm/accdm_scan_highf_q5001_recovery_10core_v1/theory/accdm_logm13p1428571428571_logfm0p4.npz,runs/accdm/accdm_scan_highf_q5001_recovery_10core_v1/theory/accdm_logm13p1428571428571_logfm0p4.npz
13.2857142857|-0.4000000000,upper_grid,fit,high_q5001_recovery_10core,/home/2/ks405818/Master/lyalpha_one_loop/runs/accdm/accdm_scan_highf_q5001_recovery_10core_v1/fits/accdm_logm13p2857142857143_logfm0p4.json,runs/accdm/accdm_scan_highf_q5001_recovery_10core_v1/fits/accdm_logm13p2857142857143_logfm0p4.json
13.2857142857|-0.4000000000,upper_grid,theory,high_q5001_recovery_10core,/home/2/ks405818/Master/lyalpha_one_loop/runs/accdm/accdm_scan_highf_q5001_recovery_10core_v1/theory/accdm_logm13p2857142857143_logfm0p4.npz,runs/accdm/accdm_scan_highf_q5001_recovery_10core_v1/theory/accdm_logm13p2857142857143_logfm0p4.npz
13.5714285714|-0.4000000000,upper_grid,fit,high_q5001_recovery_10core,/home/2/ks405818/Master/lyalpha_one_loop/runs/accdm/accdm_scan_highf_q5001_recovery_10core_v1/fits/accdm_logm13p5714285714286_logfm0p4.json,runs/accdm/accdm_scan_highf_q5001_recovery_10core_v1/fits/accdm_logm13p5714285714286_logfm0p4.json
13.5714285714|-0.4000000000,upper_grid,theory,high_q5001_recovery_10core,/home/2/ks405818/Master/lyalpha_one_loop/runs/accdm/accdm_scan_highf_q5001_recovery_10core_v1/theory/accdm_logm13p5714285714286_logfm0p4.npz,runs/accdm/accdm_scan_highf_q5001_recovery_10core_v1/theory/accdm_logm13p5714285714286_logfm0p4.npz
13.7142857143|-0.4000000000,upper_grid,fit,high_q5001_recovery_10core,/home/2/ks405818/Master/lyalpha_one_loop/runs/accdm/accdm_scan_highf_q5001_recovery_10core_v1/fits/accdm_logm13p7142857142857_logfm0p4.json,runs/accdm/accdm_scan_highf_q5001_recovery_10core_v1/fits/accdm_logm13p7142857142857_logfm0p4.json
13.7142857143|-0.4000000000,upper_grid,theory,high_q5001_recovery_10core,/home/2/ks405818/Master/lyalpha_one_loop/runs/accdm/accdm_scan_highf_q5001_recovery_10core_v1/theory/accdm_logm13p7142857142857_logfm0p4.npz,runs/accdm/accdm_scan_highf_q5001_recovery_10core_v1/theory/accdm_logm13p7142857142857_logfm0p4.npz
13.8571428571|-0.4000000000,upper_grid,fit,high_q5001_recovery_10core,/home/2/ks405818/Master/lyalpha_one_loop/runs/accdm/accdm_scan_highf_q5001_recovery_10core_v1/fits/accdm_logm13p8571428571429_logfm0p4.json,runs/accdm/accdm_scan_highf_q5001_recovery_10core_v1/fits/accdm_logm13p8571428571429_logfm0p4.json
13.8571428571|-0.4000000000,upper_grid,theory,high_q5001_recovery_10core,/home/2/ks405818/Master/lyalpha_one_loop/runs/accdm/accdm_scan_highf_q5001_recovery_10core_v1/theory/accdm_logm13p8571428571429_logfm0p4.npz,runs/accdm/accdm_scan_highf_q5001_recovery_10core_v1/theory/accdm_logm13p8571428571429_logfm0p4.npz
14.0000000000|-0.4000000000,upper_grid,fit,high_q5001_recovery_10core,/home/2/ks405818/Master/lyalpha_one_loop/runs/accdm/accdm_scan_highf_q5001_recovery_10core_v1/fits/accdm_logm14_logfm0p4.json,runs/accdm/accdm_scan_highf_q5001_recovery_10core_v1/fits/accdm_logm14_logfm0p4.json
14.0000000000|-0.4000000000,upper_grid,theory,high_q5001_recovery_10core,/home/2/ks405818/Master/lyalpha_one_loop/runs/accdm/accdm_scan_highf_q5001_recovery_10core_v1/theory/accdm_logm14_logfm0p4.npz,runs/accdm/accdm_scan_highf_q5001_recovery_10core_v1/theory/accdm_logm14_logfm0p4.npz
14.1428571429|-0.4000000000,upper_grid,fit,high_q5001_recovery_10core,/home/2/ks405818/Master/lyalpha_one_loop/runs/accdm/accdm_scan_highf_q5001_recovery_10core_v1/fits/accdm_logm14p1428571428571_logfm0p4.json,runs/accdm/accdm_scan_highf_q5001_recovery_10core_v1/fits/accdm_logm14p1428571428571_logfm0p4.json
14.1428571429|-0.4000000000,upper_grid,theory,high_q5001_recovery_10core,/home/2/ks405818/Master/lyalpha_one_loop/runs/accdm/accdm_scan_highf_q5001_recovery_10core_v1/theory/accdm_logm14p1428571428571_logfm0p4.npz,runs/accdm/accdm_scan_highf_q5001_recovery_10core_v1/theory/accdm_logm14p1428571428571_logfm0p4.npz
14.2857142857|-0.4000000000,upper_grid,fit,high_q5001_recovery_10core,/home/2/ks405818/Master/lyalpha_one_loop/runs/accdm/accdm_scan_highf_q5001_recovery_10core_v1/fits/accdm_logm14p2857142857143_logfm0p4.json,runs/accdm/accdm_scan_highf_q5001_recovery_10core_v1/fits/accdm_logm14p2857142857143_logfm0p4.json
14.2857142857|-0.4000000000,upper_grid,theory,high_q5001_recovery_10core,/home/2/ks405818/Master/lyalpha_one_loop/runs/accdm/accdm_scan_highf_q5001_recovery_10core_v1/theory/accdm_logm14p2857142857143_logfm0p4.npz,runs/accdm/accdm_scan_highf_q5001_recovery_10core_v1/theory/accdm_logm14p2857142857143_logfm0p4.npz
14.4285714286|-0.4000000000,upper_grid,fit,high_q5001_recovery_10core,/home/2/ks405818/Master/lyalpha_one_loop/runs/accdm/accdm_scan_highf_q5001_recovery_10core_v1/fits/accdm_logm14p4285714285714_logfm0p4.json,runs/accdm/accdm_scan_highf_q5001_recovery_10core_v1/fits/accdm_logm14p4285714285714_logfm0p4.json
14.4285714286|-0.4000000000,upper_grid,theory,high_q5001_recovery_10core,/home/2/ks405818/Master/lyalpha_one_loop/runs/accdm/accdm_scan_highf_q5001_recovery_10core_v1/theory/accdm_logm14p4285714285714_logfm0p4.npz,runs/accdm/accdm_scan_highf_q5001_recovery_10core_v1/theory/accdm_logm14p4285714285714_logfm0p4.npz
14.5714285714|-0.4000000000,upper_grid,fit,high_q5001_recovery_10core,/home/2/ks405818/Master/lyalpha_one_loop/runs/accdm/accdm_scan_highf_q5001_recovery_10core_v1/fits/accdm_logm14p5714285714286_logfm0p4.json,runs/accdm/accdm_scan_highf_q5001_recovery_10core_v1/fits/accdm_logm14p5714285714286_logfm0p4.json
14.5714285714|-0.4000000000,upper_grid,theory,high_q5001_recovery_10core,/home/2/ks405818/Master/lyalpha_one_loop/runs/accdm/accdm_scan_highf_q5001_recovery_10core_v1/theory/accdm_logm14p5714285714286_logfm0p4.npz,runs/accdm/accdm_scan_highf_q5001_recovery_10core_v1/theory/accdm_logm14p5714285714286_logfm0p4.npz
14.7142857143|-0.4000000000,upper_grid,fit,high_q5001_recovery_10core,/home/2/ks405818/Master/lyalpha_one_loop/runs/accdm/accdm_scan_highf_q5001_recovery_10core_v1/fits/accdm_logm14p7142857142857_logfm0p4.json,runs/accdm/accdm_scan_highf_q5001_recovery_10core_v1/fits/accdm_logm14p7142857142857_logfm0p4.json
14.7142857143|-0.4000000000,upper_grid,theory,high_q5001_recovery_10core,/home/2/ks405818/Master/lyalpha_one_loop/runs/accdm/accdm_scan_highf_q5001_recovery_10core_v1/theory/accdm_logm14p7142857142857_logfm0p4.npz,runs/accdm/accdm_scan_highf_q5001_recovery_10core_v1/theory/accdm_logm14p7142857142857_logfm0p4.npz
14.8571428571|-0.4000000000,upper_grid,fit,high_q5001_recovery_10core,/home/2/ks405818/Master/lyalpha_one_loop/runs/accdm/accdm_scan_highf_q5001_recovery_10core_v1/fits/accdm_logm14p8571428571429_logfm0p4.json,runs/accdm/accdm_scan_highf_q5001_recovery_10core_v1/fits/accdm_logm14p8571428571429_logfm0p4.json
14.8571428571|-0.4000000000,upper_grid,theory,high_q5001_recovery_10core,/home/2/ks405818/Master/lyalpha_one_loop/runs/accdm/accdm_scan_highf_q5001_recovery_10core_v1/theory/accdm_logm14p8571428571429_logfm0p4.npz,runs/accdm/accdm_scan_highf_q5001_recovery_10core_v1/theory/accdm_logm14p8571428571429_logfm0p4.npz
15.0000000000|-0.4000000000,upper_grid,fit,high_q5001_recovery_10core,/home/2/ks405818/Master/lyalpha_one_loop/runs/accdm/accdm_scan_highf_q5001_recovery_10core_v1/fits/accdm_logm15_logfm0p4.json,runs/accdm/accdm_scan_highf_q5001_recovery_10core_v1/fits/accdm_logm15_logfm0p4.json
15.0000000000|-0.4000000000,upper_grid,theory,high_q5001_recovery_10core,/home/2/ks405818/Master/lyalpha_one_loop/runs/accdm/accdm_scan_highf_q5001_recovery_10core_v1/theory/accdm_logm15_logfm0p4.npz,runs/accdm/accdm_scan_highf_q5001_recovery_10core_v1/theory/accdm_logm15_logfm0p4.npz
15.1428571429|-0.4000000000,upper_grid,fit,high_q5001_recovery_10core,/home/2/ks405818/Master/lyalpha_one_loop/runs/accdm/accdm_scan_highf_q5001_recovery_10core_v1/fits/accdm_logm15p1428571428571_logfm0p4.json,runs/accdm/accdm_scan_highf_q5001_recovery_10core_v1/fits/accdm_logm15p1428571428571_logfm0p4.json
15.1428571429|-0.4000000000,upper_grid,theory,high_q5001_recovery_10core,/home/2/ks405818/Master/lyalpha_one_loop/runs/accdm/accdm_scan_highf_q5001_recovery_10core_v1/theory/accdm_logm15p1428571428571_logfm0p4.npz,runs/accdm/accdm_scan_highf_q5001_recovery_10core_v1/theory/accdm_logm15p1428571428571_logfm0p4.npz
15.2857142857|-0.4000000000,upper_grid,fit,high_q5001_recovery_10core,/home/2/ks405818/Master/lyalpha_one_loop/runs/accdm/accdm_scan_highf_q5001_recovery_10core_v1/fits/accdm_logm15p2857142857143_logfm0p4.json,runs/accdm/accdm_scan_highf_q5001_recovery_10core_v1/fits/accdm_logm15p2857142857143_logfm0p4.json
15.2857142857|-0.4000000000,upper_grid,theory,high_q5001_recovery_10core,/home/2/ks405818/Master/lyalpha_one_loop/runs/accdm/accdm_scan_highf_q5001_recovery_10core_v1/theory/accdm_logm15p2857142857143_logfm0p4.npz,runs/accdm/accdm_scan_highf_q5001_recovery_10core_v1/theory/accdm_logm15p2857142857143_logfm0p4.npz
15.4285714286|-0.4000000000,upper_grid,fit,high_q5001_recovery_10core,/home/2/ks405818/Master/lyalpha_one_loop/runs/accdm/accdm_scan_highf_q5001_recovery_10core_v1/fits/accdm_logm15p4285714285714_logfm0p4.json,runs/accdm/accdm_scan_highf_q5001_recovery_10core_v1/fits/accdm_logm15p4285714285714_logfm0p4.json
15.4285714286|-0.4000000000,upper_grid,theory,high_q5001_recovery_10core,/home/2/ks405818/Master/lyalpha_one_loop/runs/accdm/accdm_scan_highf_q5001_recovery_10core_v1/theory/accdm_logm15p4285714285714_logfm0p4.npz,runs/accdm/accdm_scan_highf_q5001_recovery_10core_v1/theory/accdm_logm15p4285714285714_logfm0p4.npz
15.5714285714|-0.4000000000,upper_grid,fit,high_q5001_recovery_10core,/home/2/ks405818/Master/lyalpha_one_loop/runs/accdm/accdm_scan_highf_q5001_recovery_10core_v1/fits/accdm_logm15p5714285714286_logfm0p4.json,runs/accdm/accdm_scan_highf_q5001_recovery_10core_v1/fits/accdm_logm15p5714285714286_logfm0p4.json
15.5714285714|-0.4000000000,upper_grid,theory,high_q5001_recovery_10core,/home/2/ks405818/Master/lyalpha_one_loop/runs/accdm/accdm_scan_highf_q5001_recovery_10core_v1/theory/accdm_logm15p5714285714286_logfm0p4.npz,runs/accdm/accdm_scan_highf_q5001_recovery_10core_v1/theory/accdm_logm15p5714285714286_logfm0p4.npz
15.7142857143|-0.4000000000,upper_grid,fit,high_q5001_recovery_10core,/home/2/ks405818/Master/lyalpha_one_loop/runs/accdm/accdm_scan_highf_q5001_recovery_10core_v1/fits/accdm_logm15p7142857142857_logfm0p4.json,runs/accdm/accdm_scan_highf_q5001_recovery_10core_v1/fits/accdm_logm15p7142857142857_logfm0p4.json
15.7142857143|-0.4000000000,upper_grid,theory,high_q5001_recovery_10core,/home/2/ks405818/Master/lyalpha_one_loop/runs/accdm/accdm_scan_highf_q5001_recovery_10core_v1/theory/accdm_logm15p7142857142857_logfm0p4.npz,runs/accdm/accdm_scan_highf_q5001_recovery_10core_v1/theory/accdm_logm15p7142857142857_logfm0p4.npz
15.8571428571|-0.4000000000,upper_grid,fit,high_q5001_recovery_10core,/home/2/ks405818/Master/lyalpha_one_loop/runs/accdm/accdm_scan_highf_q5001_recovery_10core_v1/fits/accdm_logm15p8571428571429_logfm0p4.json,runs/accdm/accdm_scan_highf_q5001_recovery_10core_v1/fits/accdm_logm15p8571428571429_logfm0p4.json
15.8571428571|-0.4000000000,upper_grid,theory,high_q5001_recovery_10core,/home/2/ks405818/Master/lyalpha_one_loop/runs/accdm/accdm_scan_highf_q5001_recovery_10core_v1/theory/accdm_logm15p8571428571429_logfm0p4.npz,runs/accdm/accdm_scan_highf_q5001_recovery_10core_v1/theory/accdm_logm15p8571428571429_logfm0p4.npz
16.0000000000|-0.4000000000,upper_grid,fit,high_q5001_recovery_10core,/home/2/ks405818/Master/lyalpha_one_loop/runs/accdm/accdm_scan_highf_q5001_recovery_10core_v1/fits/accdm_logm16_logfm0p4.json,runs/accdm/accdm_scan_highf_q5001_recovery_10core_v1/fits/accdm_logm16_logfm0p4.json
16.0000000000|-0.4000000000,upper_grid,theory,high_q5001_recovery_10core,/home/2/ks405818/Master/lyalpha_one_loop/runs/accdm/accdm_scan_highf_q5001_recovery_10core_v1/theory/accdm_logm16_logfm0p4.npz,runs/accdm/accdm_scan_highf_q5001_recovery_10core_v1/theory/accdm_logm16_logfm0p4.npz
16.1428571429|-0.4000000000,upper_grid,fit,high_q5001_recovery_10core,/home/2/ks405818/Master/lyalpha_one_loop/runs/accdm/accdm_scan_highf_q5001_recovery_10core_v1/fits/accdm_logm16p1428571428571_logfm0p4.json,runs/accdm/accdm_scan_highf_q5001_recovery_10core_v1/fits/accdm_logm16p1428571428571_logfm0p4.json
16.1428571429|-0.4000000000,upper_grid,theory,high_q5001_recovery_10core,/home/2/ks405818/Master/lyalpha_one_loop/runs/accdm/accdm_scan_highf_q5001_recovery_10core_v1/theory/accdm_logm16p1428571428571_logfm0p4.npz,runs/accdm/accdm_scan_highf_q5001_recovery_10core_v1/theory/accdm_logm16p1428571428571_logfm0p4.npz
16.2857142857|-0.4000000000,upper_grid,fit,high_q5001_recovery_10core,/home/2/ks405818/Master/lyalpha_one_loop/runs/accdm/accdm_scan_highf_q5001_recovery_10core_v1/fits/accdm_logm16p2857142857143_logfm0p4.json,runs/accdm/accdm_scan_highf_q5001_recovery_10core_v1/fits/accdm_logm16p2857142857143_logfm0p4.json
16.2857142857|-0.4000000000,upper_grid,theory,high_q5001_recovery_10core,/home/2/ks405818/Master/lyalpha_one_loop/runs/accdm/accdm_scan_highf_q5001_recovery_10core_v1/theory/accdm_logm16p2857142857143_logfm0p4.npz,runs/accdm/accdm_scan_highf_q5001_recovery_10core_v1/theory/accdm_logm16p2857142857143_logfm0p4.npz
16.4285714286|-0.4000000000,upper_grid,fit,high_q5001_recovery_10core,/home/2/ks405818/Master/lyalpha_one_loop/runs/accdm/accdm_scan_highf_q5001_recovery_10core_v1/fits/accdm_logm16p4285714285714_logfm0p4.json,runs/accdm/accdm_scan_highf_q5001_recovery_10core_v1/fits/accdm_logm16p4285714285714_logfm0p4.json
16.4285714286|-0.4000000000,upper_grid,theory,high_q5001_recovery_10core,/home/2/ks405818/Master/lyalpha_one_loop/runs/accdm/accdm_scan_highf_q5001_recovery_10core_v1/theory/accdm_logm16p4285714285714_logfm0p4.npz,runs/accdm/accdm_scan_highf_q5001_recovery_10core_v1/theory/accdm_logm16p4285714285714_logfm0p4.npz
16.5714285714|-0.4000000000,upper_grid,fit,high_q5001_recovery_10core,/home/2/ks405818/Master/lyalpha_one_loop/runs/accdm/accdm_scan_highf_q5001_recovery_10core_v1/fits/accdm_logm16p5714285714286_logfm0p4.json,runs/accdm/accdm_scan_highf_q5001_recovery_10core_v1/fits/accdm_logm16p5714285714286_logfm0p4.json
16.5714285714|-0.4000000000,upper_grid,theory,high_q5001_recovery_10core,/home/2/ks405818/Master/lyalpha_one_loop/runs/accdm/accdm_scan_highf_q5001_recovery_10core_v1/theory/accdm_logm16p5714285714286_logfm0p4.npz,runs/accdm/accdm_scan_highf_q5001_recovery_10core_v1/theory/accdm_logm16p5714285714286_logfm0p4.npz
16.7142857143|-0.4000000000,upper_grid,fit,high_q5001_recovery_10core,/home/2/ks405818/Master/lyalpha_one_loop/runs/accdm/accdm_scan_highf_q5001_recovery_10core_v1/fits/accdm_logm16p7142857142857_logfm0p4.json,runs/accdm/accdm_scan_highf_q5001_recovery_10core_v1/fits/accdm_logm16p7142857142857_logfm0p4.json
16.7142857143|-0.4000000000,upper_grid,theory,high_q5001_recovery_10core,/home/2/ks405818/Master/lyalpha_one_loop/runs/accdm/accdm_scan_highf_q5001_recovery_10core_v1/theory/accdm_logm16p7142857142857_logfm0p4.npz,runs/accdm/accdm_scan_highf_q5001_recovery_10core_v1/theory/accdm_logm16p7142857142857_logfm0p4.npz
16.8571428571|-0.4000000000,upper_grid,fit,high_q5001_recovery_10core,/home/2/ks405818/Master/lyalpha_one_loop/runs/accdm/accdm_scan_highf_q5001_recovery_10core_v1/fits/accdm_logm16p8571428571429_logfm0p4.json,runs/accdm/accdm_scan_highf_q5001_recovery_10core_v1/fits/accdm_logm16p8571428571429_logfm0p4.json
16.8571428571|-0.4000000000,upper_grid,theory,high_q5001_recovery_10core,/home/2/ks405818/Master/lyalpha_one_loop/runs/accdm/accdm_scan_highf_q5001_recovery_10core_v1/theory/accdm_logm16p8571428571429_logfm0p4.npz,runs/accdm/accdm_scan_highf_q5001_recovery_10core_v1/theory/accdm_logm16p8571428571429_logfm0p4.npz
17.0000000000|-0.4000000000,upper_grid,fit,high_q5001_recovery_10core,/home/2/ks405818/Master/lyalpha_one_loop/runs/accdm/accdm_scan_highf_q5001_recovery_10core_v1/fits/accdm_logm17_logfm0p4.json,runs/accdm/accdm_scan_highf_q5001_recovery_10core_v1/fits/accdm_logm17_logfm0p4.json
17.0000000000|-0.4000000000,upper_grid,theory,high_q5001_recovery_10core,/home/2/ks405818/Master/lyalpha_one_loop/runs/accdm/accdm_scan_highf_q5001_recovery_10core_v1/theory/accdm_logm17_logfm0p4.npz,runs/accdm/accdm_scan_highf_q5001_recovery_10core_v1/theory/accdm_logm17_logfm0p4.npz
17.1428571429|-0.4000000000,upper_grid,fit,high_q5001_recovery_10core,/home/2/ks405818/Master/lyalpha_one_loop/runs/accdm/accdm_scan_highf_q5001_recovery_10core_v1/fits/accdm_logm17p1428571428571_logfm0p4.json,runs/accdm/accdm_scan_highf_q5001_recovery_10core_v1/fits/accdm_logm17p1428571428571_logfm0p4.json
17.1428571429|-0.4000000000,upper_grid,theory,high_q5001_recovery_10core,/home/2/ks405818/Master/lyalpha_one_loop/runs/accdm/accdm_scan_highf_q5001_recovery_10core_v1/theory/accdm_logm17p1428571428571_logfm0p4.npz,runs/accdm/accdm_scan_highf_q5001_recovery_10core_v1/theory/accdm_logm17p1428571428571_logfm0p4.npz
17.2857142857|-0.4000000000,upper_grid,fit,high_q5001_recovery_10core,/home/2/ks405818/Master/lyalpha_one_loop/runs/accdm/accdm_scan_highf_q5001_recovery_10core_v1/fits/accdm_logm17p2857142857143_logfm0p4.json,runs/accdm/accdm_scan_highf_q5001_recovery_10core_v1/fits/accdm_logm17p2857142857143_logfm0p4.json
17.2857142857|-0.4000000000,upper_grid,theory,high_q5001_recovery_10core,/home/2/ks405818/Master/lyalpha_one_loop/runs/accdm/accdm_scan_highf_q5001_recovery_10core_v1/theory/accdm_logm17p2857142857143_logfm0p4.npz,runs/accdm/accdm_scan_highf_q5001_recovery_10core_v1/theory/accdm_logm17p2857142857143_logfm0p4.npz
17.4285714286|-0.4000000000,upper_grid,fit,high_q5001_original,/home/2/ks405818/Master/lyalpha_one_loop/runs/accdm/accdm_scan_highf_q5001_v1/fits/accdm_logm17p4285714285714_logfm0p4.json,runs/accdm/accdm_scan_highf_q5001_v1/fits/accdm_logm17p4285714285714_logfm0p4.json
17.4285714286|-0.4000000000,upper_grid,theory,high_q5001_original,/home/2/ks405818/Master/lyalpha_one_loop/runs/accdm/accdm_scan_highf_q5001_v1/theory/accdm_logm17p4285714285714_logfm0p4.npz,runs/accdm/accdm_scan_highf_q5001_v1/theory/accdm_logm17p4285714285714_logfm0p4.npz
17.5714285714|-0.4000000000,upper_grid,fit,high_q5001_original,/home/2/ks405818/Master/lyalpha_one_loop/runs/accdm/accdm_scan_highf_q5001_v1/fits/accdm_logm17p5714285714286_logfm0p4.json,runs/accdm/accdm_scan_highf_q5001_v1/fits/accdm_logm17p5714285714286_logfm0p4.json
17.5714285714|-0.4000000000,upper_grid,theory,high_q5001_original,/home/2/ks405818/Master/lyalpha_one_loop/runs/accdm/accdm_scan_highf_q5001_v1/theory/accdm_logm17p5714285714286_logfm0p4.npz,runs/accdm/accdm_scan_highf_q5001_v1/theory/accdm_logm17p5714285714286_logfm0p4.npz
17.7142857143|-0.4000000000,upper_grid,fit,high_q5001_original,/home/2/ks405818/Master/lyalpha_one_loop/runs/accdm/accdm_scan_highf_q5001_v1/fits/accdm_logm17p7142857142857_logfm0p4.json,runs/accdm/accdm_scan_highf_q5001_v1/fits/accdm_logm17p7142857142857_logfm0p4.json
17.7142857143|-0.4000000000,upper_grid,theory,high_q5001_original,/home/2/ks405818/Master/lyalpha_one_loop/runs/accdm/accdm_scan_highf_q5001_v1/theory/accdm_logm17p7142857142857_logfm0p4.npz,runs/accdm/accdm_scan_highf_q5001_v1/theory/accdm_logm17p7142857142857_logfm0p4.npz
17.8571428571|-0.4000000000,upper_grid,fit,high_q5001_original,/home/2/ks405818/Master/lyalpha_one_loop/runs/accdm/accdm_scan_highf_q5001_v1/fits/accdm_logm17p8571428571429_logfm0p4.json,runs/accdm/accdm_scan_highf_q5001_v1/fits/accdm_logm17p8571428571429_logfm0p4.json
17.8571428571|-0.4000000000,upper_grid,theory,high_q5001_original,/home/2/ks405818/Master/lyalpha_one_loop/runs/accdm/accdm_scan_highf_q5001_v1/theory/accdm_logm17p8571428571429_logfm0p4.npz,runs/accdm/accdm_scan_highf_q5001_v1/theory/accdm_logm17p8571428571429_logfm0p4.npz
18.0000000000|-0.4000000000,upper_grid,fit,high_q5001_original,/home/2/ks405818/Master/lyalpha_one_loop/runs/accdm/accdm_scan_highf_q5001_v1/fits/accdm_logm18_logfm0p4.json,runs/accdm/accdm_scan_highf_q5001_v1/fits/accdm_logm18_logfm0p4.json
18.0000000000|-0.4000000000,upper_grid,theory,high_q5001_original,/home/2/ks405818/Master/lyalpha_one_loop/runs/accdm/accdm_scan_highf_q5001_v1/theory/accdm_logm18_logfm0p4.npz,runs/accdm/accdm_scan_highf_q5001_v1/theory/accdm_logm18_logfm0p4.npz
19.4285714286|-0.4000000000,upper_grid,fit,loweps_high_q5001,/home/2/ks405818/Master/lyalpha_one_loop/runs/accdm/accdm_scan_loweps_highf_q5001_v1/fits/accdm_logm19p4285714285714_logfm0p4.json,runs/accdm/accdm_scan_loweps_highf_q5001_v1/fits/accdm_logm19p4285714285714_logfm0p4.json
19.4285714286|-0.4000000000,upper_grid,theory,loweps_high_q5001,/home/2/ks405818/Master/lyalpha_one_loop/runs/accdm/accdm_scan_loweps_highf_q5001_v1/theory/accdm_logm19p4285714285714_logfm0p4.npz,runs/accdm/accdm_scan_loweps_highf_q5001_v1/theory/accdm_logm19p4285714285714_logfm0p4.npz
11.0000000000|-0.3000000000,upper_grid,fit,high_q5001_original,/home/2/ks405818/Master/lyalpha_one_loop/runs/accdm/accdm_scan_highf_q5001_v1/fits/accdm_logm11_logfm0p3.json,runs/accdm/accdm_scan_highf_q5001_v1/fits/accdm_logm11_logfm0p3.json
11.0000000000|-0.3000000000,upper_grid,theory,high_q5001_original,/home/2/ks405818/Master/lyalpha_one_loop/runs/accdm/accdm_scan_highf_q5001_v1/theory/accdm_logm11_logfm0p3.npz,runs/accdm/accdm_scan_highf_q5001_v1/theory/accdm_logm11_logfm0p3.npz
11.1428571429|-0.3000000000,upper_grid,fit,high_q5001_original,/home/2/ks405818/Master/lyalpha_one_loop/runs/accdm/accdm_scan_highf_q5001_v1/fits/accdm_logm11p1428571428571_logfm0p3.json,runs/accdm/accdm_scan_highf_q5001_v1/fits/accdm_logm11p1428571428571_logfm0p3.json
11.1428571429|-0.3000000000,upper_grid,theory,high_q5001_original,/home/2/ks405818/Master/lyalpha_one_loop/runs/accdm/accdm_scan_highf_q5001_v1/theory/accdm_logm11p1428571428571_logfm0p3.npz,runs/accdm/accdm_scan_highf_q5001_v1/theory/accdm_logm11p1428571428571_logfm0p3.npz
11.2857142857|-0.3000000000,upper_grid,fit,high_q5001_original,/home/2/ks405818/Master/lyalpha_one_loop/runs/accdm/accdm_scan_highf_q5001_v1/fits/accdm_logm11p2857142857143_logfm0p3.json,runs/accdm/accdm_scan_highf_q5001_v1/fits/accdm_logm11p2857142857143_logfm0p3.json
11.2857142857|-0.3000000000,upper_grid,theory,high_q5001_original,/home/2/ks405818/Master/lyalpha_one_loop/runs/accdm/accdm_scan_highf_q5001_v1/theory/accdm_logm11p2857142857143_logfm0p3.npz,runs/accdm/accdm_scan_highf_q5001_v1/theory/accdm_logm11p2857142857143_logfm0p3.npz
11.4285714286|-0.3000000000,upper_grid,fit,high_q5001_original,/home/2/ks405818/Master/lyalpha_one_loop/runs/accdm/accdm_scan_highf_q5001_v1/fits/accdm_logm11p4285714285714_logfm0p3.json,runs/accdm/accdm_scan_highf_q5001_v1/fits/accdm_logm11p4285714285714_logfm0p3.json
11.4285714286|-0.3000000000,upper_grid,theory,high_q5001_original,/home/2/ks405818/Master/lyalpha_one_loop/runs/accdm/accdm_scan_highf_q5001_v1/theory/accdm_logm11p4285714285714_logfm0p3.npz,runs/accdm/accdm_scan_highf_q5001_v1/theory/accdm_logm11p4285714285714_logfm0p3.npz
11.5714285714|-0.3000000000,upper_grid,fit,high_q5001_recovery_10core,/home/2/ks405818/Master/lyalpha_one_loop/runs/accdm/accdm_scan_highf_q5001_recovery_10core_v1/fits/accdm_logm11p5714285714286_logfm0p3.json,runs/accdm/accdm_scan_highf_q5001_recovery_10core_v1/fits/accdm_logm11p5714285714286_logfm0p3.json
11.5714285714|-0.3000000000,upper_grid,theory,high_q5001_recovery_10core,/home/2/ks405818/Master/lyalpha_one_loop/runs/accdm/accdm_scan_highf_q5001_recovery_10core_v1/theory/accdm_logm11p5714285714286_logfm0p3.npz,runs/accdm/accdm_scan_highf_q5001_recovery_10core_v1/theory/accdm_logm11p5714285714286_logfm0p3.npz
11.7142857143|-0.3000000000,upper_grid,fit,high_q5001_recovery_10core,/home/2/ks405818/Master/lyalpha_one_loop/runs/accdm/accdm_scan_highf_q5001_recovery_10core_v1/fits/accdm_logm11p7142857142857_logfm0p3.json,runs/accdm/accdm_scan_highf_q5001_recovery_10core_v1/fits/accdm_logm11p7142857142857_logfm0p3.json
11.7142857143|-0.3000000000,upper_grid,theory,high_q5001_recovery_10core,/home/2/ks405818/Master/lyalpha_one_loop/runs/accdm/accdm_scan_highf_q5001_recovery_10core_v1/theory/accdm_logm11p7142857142857_logfm0p3.npz,runs/accdm/accdm_scan_highf_q5001_recovery_10core_v1/theory/accdm_logm11p7142857142857_logfm0p3.npz
11.8571428571|-0.3000000000,upper_grid,fit,high_q5001_recovery_10core,/home/2/ks405818/Master/lyalpha_one_loop/runs/accdm/accdm_scan_highf_q5001_recovery_10core_v1/fits/accdm_logm11p8571428571429_logfm0p3.json,runs/accdm/accdm_scan_highf_q5001_recovery_10core_v1/fits/accdm_logm11p8571428571429_logfm0p3.json
11.8571428571|-0.3000000000,upper_grid,theory,high_q5001_recovery_10core,/home/2/ks405818/Master/lyalpha_one_loop/runs/accdm/accdm_scan_highf_q5001_recovery_10core_v1/theory/accdm_logm11p8571428571429_logfm0p3.npz,runs/accdm/accdm_scan_highf_q5001_recovery_10core_v1/theory/accdm_logm11p8571428571429_logfm0p3.npz
12.0000000000|-0.3000000000,upper_grid,fit,high_q5001_recovery_10core,/home/2/ks405818/Master/lyalpha_one_loop/runs/accdm/accdm_scan_highf_q5001_recovery_10core_v1/fits/accdm_logm12_logfm0p3.json,runs/accdm/accdm_scan_highf_q5001_recovery_10core_v1/fits/accdm_logm12_logfm0p3.json
12.0000000000|-0.3000000000,upper_grid,theory,high_q5001_recovery_10core,/home/2/ks405818/Master/lyalpha_one_loop/runs/accdm/accdm_scan_highf_q5001_recovery_10core_v1/theory/accdm_logm12_logfm0p3.npz,runs/accdm/accdm_scan_highf_q5001_recovery_10core_v1/theory/accdm_logm12_logfm0p3.npz
12.1428571429|-0.3000000000,upper_grid,fit,high_q5001_recovery_10core,/home/2/ks405818/Master/lyalpha_one_loop/runs/accdm/accdm_scan_highf_q5001_recovery_10core_v1/fits/accdm_logm12p1428571428571_logfm0p3.json,runs/accdm/accdm_scan_highf_q5001_recovery_10core_v1/fits/accdm_logm12p1428571428571_logfm0p3.json
12.1428571429|-0.3000000000,upper_grid,theory,high_q5001_recovery_10core,/home/2/ks405818/Master/lyalpha_one_loop/runs/accdm/accdm_scan_highf_q5001_recovery_10core_v1/theory/accdm_logm12p1428571428571_logfm0p3.npz,runs/accdm/accdm_scan_highf_q5001_recovery_10core_v1/theory/accdm_logm12p1428571428571_logfm0p3.npz
12.2857142857|-0.3000000000,upper_grid,fit,high_q5001_recovery_10core,/home/2/ks405818/Master/lyalpha_one_loop/runs/accdm/accdm_scan_highf_q5001_recovery_10core_v1/fits/accdm_logm12p2857142857143_logfm0p3.json,runs/accdm/accdm_scan_highf_q5001_recovery_10core_v1/fits/accdm_logm12p2857142857143_logfm0p3.json
12.2857142857|-0.3000000000,upper_grid,theory,high_q5001_recovery_10core,/home/2/ks405818/Master/lyalpha_one_loop/runs/accdm/accdm_scan_highf_q5001_recovery_10core_v1/theory/accdm_logm12p2857142857143_logfm0p3.npz,runs/accdm/accdm_scan_highf_q5001_recovery_10core_v1/theory/accdm_logm12p2857142857143_logfm0p3.npz
12.4285714286|-0.3000000000,upper_grid,fit,high_q5001_recovery_10core,/home/2/ks405818/Master/lyalpha_one_loop/runs/accdm/accdm_scan_highf_q5001_recovery_10core_v1/fits/accdm_logm12p4285714285714_logfm0p3.json,runs/accdm/accdm_scan_highf_q5001_recovery_10core_v1/fits/accdm_logm12p4285714285714_logfm0p3.json
12.4285714286|-0.3000000000,upper_grid,theory,high_q5001_recovery_10core,/home/2/ks405818/Master/lyalpha_one_loop/runs/accdm/accdm_scan_highf_q5001_recovery_10core_v1/theory/accdm_logm12p4285714285714_logfm0p3.npz,runs/accdm/accdm_scan_highf_q5001_recovery_10core_v1/theory/accdm_logm12p4285714285714_logfm0p3.npz
12.5714285714|-0.3000000000,upper_grid,fit,high_q5001_recovery_10core,/home/2/ks405818/Master/lyalpha_one_loop/runs/accdm/accdm_scan_highf_q5001_recovery_10core_v1/fits/accdm_logm12p5714285714286_logfm0p3.json,runs/accdm/accdm_scan_highf_q5001_recovery_10core_v1/fits/accdm_logm12p5714285714286_logfm0p3.json
12.5714285714|-0.3000000000,upper_grid,theory,high_q5001_recovery_10core,/home/2/ks405818/Master/lyalpha_one_loop/runs/accdm/accdm_scan_highf_q5001_recovery_10core_v1/theory/accdm_logm12p5714285714286_logfm0p3.npz,runs/accdm/accdm_scan_highf_q5001_recovery_10core_v1/theory/accdm_logm12p5714285714286_logfm0p3.npz
12.7142857143|-0.3000000000,upper_grid,fit,high_q5001_recovery_10core,/home/2/ks405818/Master/lyalpha_one_loop/runs/accdm/accdm_scan_highf_q5001_recovery_10core_v1/fits/accdm_logm12p7142857142857_logfm0p3.json,runs/accdm/accdm_scan_highf_q5001_recovery_10core_v1/fits/accdm_logm12p7142857142857_logfm0p3.json
12.7142857143|-0.3000000000,upper_grid,theory,high_q5001_recovery_10core,/home/2/ks405818/Master/lyalpha_one_loop/runs/accdm/accdm_scan_highf_q5001_recovery_10core_v1/theory/accdm_logm12p7142857142857_logfm0p3.npz,runs/accdm/accdm_scan_highf_q5001_recovery_10core_v1/theory/accdm_logm12p7142857142857_logfm0p3.npz
12.8571428571|-0.3000000000,upper_grid,fit,high_q5001_recovery_10core,/home/2/ks405818/Master/lyalpha_one_loop/runs/accdm/accdm_scan_highf_q5001_recovery_10core_v1/fits/accdm_logm12p8571428571429_logfm0p3.json,runs/accdm/accdm_scan_highf_q5001_recovery_10core_v1/fits/accdm_logm12p8571428571429_logfm0p3.json
12.8571428571|-0.3000000000,upper_grid,theory,high_q5001_recovery_10core,/home/2/ks405818/Master/lyalpha_one_loop/runs/accdm/accdm_scan_highf_q5001_recovery_10core_v1/theory/accdm_logm12p8571428571429_logfm0p3.npz,runs/accdm/accdm_scan_highf_q5001_recovery_10core_v1/theory/accdm_logm12p8571428571429_logfm0p3.npz
13.0000000000|-0.3000000000,upper_grid,fit,high_q5001_recovery_10core,/home/2/ks405818/Master/lyalpha_one_loop/runs/accdm/accdm_scan_highf_q5001_recovery_10core_v1/fits/accdm_logm13_logfm0p3.json,runs/accdm/accdm_scan_highf_q5001_recovery_10core_v1/fits/accdm_logm13_logfm0p3.json
13.0000000000|-0.3000000000,upper_grid,theory,high_q5001_recovery_10core,/home/2/ks405818/Master/lyalpha_one_loop/runs/accdm/accdm_scan_highf_q5001_recovery_10core_v1/theory/accdm_logm13_logfm0p3.npz,runs/accdm/accdm_scan_highf_q5001_recovery_10core_v1/theory/accdm_logm13_logfm0p3.npz
13.1428571429|-0.3000000000,upper_grid,fit,high_q5001_recovery_10core,/home/2/ks405818/Master/lyalpha_one_loop/runs/accdm/accdm_scan_highf_q5001_recovery_10core_v1/fits/accdm_logm13p1428571428571_logfm0p3.json,runs/accdm/accdm_scan_highf_q5001_recovery_10core_v1/fits/accdm_logm13p1428571428571_logfm0p3.json
13.1428571429|-0.3000000000,upper_grid,theory,high_q5001_recovery_10core,/home/2/ks405818/Master/lyalpha_one_loop/runs/accdm/accdm_scan_highf_q5001_recovery_10core_v1/theory/accdm_logm13p1428571428571_logfm0p3.npz,runs/accdm/accdm_scan_highf_q5001_recovery_10core_v1/theory/accdm_logm13p1428571428571_logfm0p3.npz
13.2857142857|-0.3000000000,upper_grid,fit,high_q5001_recovery_10core,/home/2/ks405818/Master/lyalpha_one_loop/runs/accdm/accdm_scan_highf_q5001_recovery_10core_v1/fits/accdm_logm13p2857142857143_logfm0p3.json,runs/accdm/accdm_scan_highf_q5001_recovery_10core_v1/fits/accdm_logm13p2857142857143_logfm0p3.json
13.2857142857|-0.3000000000,upper_grid,theory,high_q5001_recovery_10core,/home/2/ks405818/Master/lyalpha_one_loop/runs/accdm/accdm_scan_highf_q5001_recovery_10core_v1/theory/accdm_logm13p2857142857143_logfm0p3.npz,runs/accdm/accdm_scan_highf_q5001_recovery_10core_v1/theory/accdm_logm13p2857142857143_logfm0p3.npz
13.4285714286|-0.3000000000,upper_grid,fit,high_q5001_recovery_10core,/home/2/ks405818/Master/lyalpha_one_loop/runs/accdm/accdm_scan_highf_q5001_recovery_10core_v1/fits/accdm_logm13p4285714285714_logfm0p3.json,runs/accdm/accdm_scan_highf_q5001_recovery_10core_v1/fits/accdm_logm13p4285714285714_logfm0p3.json
13.4285714286|-0.3000000000,upper_grid,theory,high_q5001_recovery_10core,/home/2/ks405818/Master/lyalpha_one_loop/runs/accdm/accdm_scan_highf_q5001_recovery_10core_v1/theory/accdm_logm13p4285714285714_logfm0p3.npz,runs/accdm/accdm_scan_highf_q5001_recovery_10core_v1/theory/accdm_logm13p4285714285714_logfm0p3.npz
13.5714285714|-0.3000000000,upper_grid,fit,high_q5001_recovery_10core,/home/2/ks405818/Master/lyalpha_one_loop/runs/accdm/accdm_scan_highf_q5001_recovery_10core_v1/fits/accdm_logm13p5714285714286_logfm0p3.json,runs/accdm/accdm_scan_highf_q5001_recovery_10core_v1/fits/accdm_logm13p5714285714286_logfm0p3.json
13.5714285714|-0.3000000000,upper_grid,theory,high_q5001_recovery_10core,/home/2/ks405818/Master/lyalpha_one_loop/runs/accdm/accdm_scan_highf_q5001_recovery_10core_v1/theory/accdm_logm13p5714285714286_logfm0p3.npz,runs/accdm/accdm_scan_highf_q5001_recovery_10core_v1/theory/accdm_logm13p5714285714286_logfm0p3.npz
13.7142857143|-0.3000000000,upper_grid,fit,high_q5001_recovery_10core,/home/2/ks405818/Master/lyalpha_one_loop/runs/accdm/accdm_scan_highf_q5001_recovery_10core_v1/fits/accdm_logm13p7142857142857_logfm0p3.json,runs/accdm/accdm_scan_highf_q5001_recovery_10core_v1/fits/accdm_logm13p7142857142857_logfm0p3.json
13.7142857143|-0.3000000000,upper_grid,theory,high_q5001_recovery_10core,/home/2/ks405818/Master/lyalpha_one_loop/runs/accdm/accdm_scan_highf_q5001_recovery_10core_v1/theory/accdm_logm13p7142857142857_logfm0p3.npz,runs/accdm/accdm_scan_highf_q5001_recovery_10core_v1/theory/accdm_logm13p7142857142857_logfm0p3.npz
13.8571428571|-0.3000000000,upper_grid,fit,high_q5001_recovery_10core,/home/2/ks405818/Master/lyalpha_one_loop/runs/accdm/accdm_scan_highf_q5001_recovery_10core_v1/fits/accdm_logm13p8571428571429_logfm0p3.json,runs/accdm/accdm_scan_highf_q5001_recovery_10core_v1/fits/accdm_logm13p8571428571429_logfm0p3.json
13.8571428571|-0.3000000000,upper_grid,theory,high_q5001_recovery_10core,/home/2/ks405818/Master/lyalpha_one_loop/runs/accdm/accdm_scan_highf_q5001_recovery_10core_v1/theory/accdm_logm13p8571428571429_logfm0p3.npz,runs/accdm/accdm_scan_highf_q5001_recovery_10core_v1/theory/accdm_logm13p8571428571429_logfm0p3.npz
14.0000000000|-0.3000000000,upper_grid,fit,high_q5001_recovery_10core,/home/2/ks405818/Master/lyalpha_one_loop/runs/accdm/accdm_scan_highf_q5001_recovery_10core_v1/fits/accdm_logm14_logfm0p3.json,runs/accdm/accdm_scan_highf_q5001_recovery_10core_v1/fits/accdm_logm14_logfm0p3.json
14.0000000000|-0.3000000000,upper_grid,theory,high_q5001_recovery_10core,/home/2/ks405818/Master/lyalpha_one_loop/runs/accdm/accdm_scan_highf_q5001_recovery_10core_v1/theory/accdm_logm14_logfm0p3.npz,runs/accdm/accdm_scan_highf_q5001_recovery_10core_v1/theory/accdm_logm14_logfm0p3.npz
14.1428571429|-0.3000000000,upper_grid,fit,high_q5001_recovery_10core,/home/2/ks405818/Master/lyalpha_one_loop/runs/accdm/accdm_scan_highf_q5001_recovery_10core_v1/fits/accdm_logm14p1428571428571_logfm0p3.json,runs/accdm/accdm_scan_highf_q5001_recovery_10core_v1/fits/accdm_logm14p1428571428571_logfm0p3.json
14.1428571429|-0.3000000000,upper_grid,theory,high_q5001_recovery_10core,/home/2/ks405818/Master/lyalpha_one_loop/runs/accdm/accdm_scan_highf_q5001_recovery_10core_v1/theory/accdm_logm14p1428571428571_logfm0p3.npz,runs/accdm/accdm_scan_highf_q5001_recovery_10core_v1/theory/accdm_logm14p1428571428571_logfm0p3.npz
14.2857142857|-0.3000000000,upper_grid,fit,high_q5001_recovery_10core,/home/2/ks405818/Master/lyalpha_one_loop/runs/accdm/accdm_scan_highf_q5001_recovery_10core_v1/fits/accdm_logm14p2857142857143_logfm0p3.json,runs/accdm/accdm_scan_highf_q5001_recovery_10core_v1/fits/accdm_logm14p2857142857143_logfm0p3.json
14.2857142857|-0.3000000000,upper_grid,theory,high_q5001_recovery_10core,/home/2/ks405818/Master/lyalpha_one_loop/runs/accdm/accdm_scan_highf_q5001_recovery_10core_v1/theory/accdm_logm14p2857142857143_logfm0p3.npz,runs/accdm/accdm_scan_highf_q5001_recovery_10core_v1/theory/accdm_logm14p2857142857143_logfm0p3.npz
14.4285714286|-0.3000000000,upper_grid,fit,high_q5001_recovery_10core,/home/2/ks405818/Master/lyalpha_one_loop/runs/accdm/accdm_scan_highf_q5001_recovery_10core_v1/fits/accdm_logm14p4285714285714_logfm0p3.json,runs/accdm/accdm_scan_highf_q5001_recovery_10core_v1/fits/accdm_logm14p4285714285714_logfm0p3.json
14.4285714286|-0.3000000000,upper_grid,theory,high_q5001_recovery_10core,/home/2/ks405818/Master/lyalpha_one_loop/runs/accdm/accdm_scan_highf_q5001_recovery_10core_v1/theory/accdm_logm14p4285714285714_logfm0p3.npz,runs/accdm/accdm_scan_highf_q5001_recovery_10core_v1/theory/accdm_logm14p4285714285714_logfm0p3.npz
14.5714285714|-0.3000000000,upper_grid,fit,high_q5001_recovery_10core,/home/2/ks405818/Master/lyalpha_one_loop/runs/accdm/accdm_scan_highf_q5001_recovery_10core_v1/fits/accdm_logm14p5714285714286_logfm0p3.json,runs/accdm/accdm_scan_highf_q5001_recovery_10core_v1/fits/accdm_logm14p5714285714286_logfm0p3.json
14.5714285714|-0.3000000000,upper_grid,theory,high_q5001_recovery_10core,/home/2/ks405818/Master/lyalpha_one_loop/runs/accdm/accdm_scan_highf_q5001_recovery_10core_v1/theory/accdm_logm14p5714285714286_logfm0p3.npz,runs/accdm/accdm_scan_highf_q5001_recovery_10core_v1/theory/accdm_logm14p5714285714286_logfm0p3.npz
14.8571428571|-0.3000000000,upper_grid,fit,high_q5001_recovery_10core,/home/2/ks405818/Master/lyalpha_one_loop/runs/accdm/accdm_scan_highf_q5001_recovery_10core_v1/fits/accdm_logm14p8571428571429_logfm0p3.json,runs/accdm/accdm_scan_highf_q5001_recovery_10core_v1/fits/accdm_logm14p8571428571429_logfm0p3.json
14.8571428571|-0.3000000000,upper_grid,theory,high_q5001_recovery_10core,/home/2/ks405818/Master/lyalpha_one_loop/runs/accdm/accdm_scan_highf_q5001_recovery_10core_v1/theory/accdm_logm14p8571428571429_logfm0p3.npz,runs/accdm/accdm_scan_highf_q5001_recovery_10core_v1/theory/accdm_logm14p8571428571429_logfm0p3.npz
15.0000000000|-0.3000000000,upper_grid,fit,high_q5001_recovery_10core,/home/2/ks405818/Master/lyalpha_one_loop/runs/accdm/accdm_scan_highf_q5001_recovery_10core_v1/fits/accdm_logm15_logfm0p3.json,runs/accdm/accdm_scan_highf_q5001_recovery_10core_v1/fits/accdm_logm15_logfm0p3.json
15.0000000000|-0.3000000000,upper_grid,theory,high_q5001_recovery_10core,/home/2/ks405818/Master/lyalpha_one_loop/runs/accdm/accdm_scan_highf_q5001_recovery_10core_v1/theory/accdm_logm15_logfm0p3.npz,runs/accdm/accdm_scan_highf_q5001_recovery_10core_v1/theory/accdm_logm15_logfm0p3.npz
15.1428571429|-0.3000000000,upper_grid,fit,high_q5001_recovery_10core,/home/2/ks405818/Master/lyalpha_one_loop/runs/accdm/accdm_scan_highf_q5001_recovery_10core_v1/fits/accdm_logm15p1428571428571_logfm0p3.json,runs/accdm/accdm_scan_highf_q5001_recovery_10core_v1/fits/accdm_logm15p1428571428571_logfm0p3.json
15.1428571429|-0.3000000000,upper_grid,theory,high_q5001_recovery_10core,/home/2/ks405818/Master/lyalpha_one_loop/runs/accdm/accdm_scan_highf_q5001_recovery_10core_v1/theory/accdm_logm15p1428571428571_logfm0p3.npz,runs/accdm/accdm_scan_highf_q5001_recovery_10core_v1/theory/accdm_logm15p1428571428571_logfm0p3.npz
15.2857142857|-0.3000000000,upper_grid,fit,high_q5001_recovery_10core,/home/2/ks405818/Master/lyalpha_one_loop/runs/accdm/accdm_scan_highf_q5001_recovery_10core_v1/fits/accdm_logm15p2857142857143_logfm0p3.json,runs/accdm/accdm_scan_highf_q5001_recovery_10core_v1/fits/accdm_logm15p2857142857143_logfm0p3.json
15.2857142857|-0.3000000000,upper_grid,theory,high_q5001_recovery_10core,/home/2/ks405818/Master/lyalpha_one_loop/runs/accdm/accdm_scan_highf_q5001_recovery_10core_v1/theory/accdm_logm15p2857142857143_logfm0p3.npz,runs/accdm/accdm_scan_highf_q5001_recovery_10core_v1/theory/accdm_logm15p2857142857143_logfm0p3.npz
15.4285714286|-0.3000000000,upper_grid,fit,high_q5001_recovery_10core,/home/2/ks405818/Master/lyalpha_one_loop/runs/accdm/accdm_scan_highf_q5001_recovery_10core_v1/fits/accdm_logm15p4285714285714_logfm0p3.json,runs/accdm/accdm_scan_highf_q5001_recovery_10core_v1/fits/accdm_logm15p4285714285714_logfm0p3.json
15.4285714286|-0.3000000000,upper_grid,theory,high_q5001_recovery_10core,/home/2/ks405818/Master/lyalpha_one_loop/runs/accdm/accdm_scan_highf_q5001_recovery_10core_v1/theory/accdm_logm15p4285714285714_logfm0p3.npz,runs/accdm/accdm_scan_highf_q5001_recovery_10core_v1/theory/accdm_logm15p4285714285714_logfm0p3.npz
15.5714285714|-0.3000000000,upper_grid,fit,high_q5001_recovery_10core,/home/2/ks405818/Master/lyalpha_one_loop/runs/accdm/accdm_scan_highf_q5001_recovery_10core_v1/fits/accdm_logm15p5714285714286_logfm0p3.json,runs/accdm/accdm_scan_highf_q5001_recovery_10core_v1/fits/accdm_logm15p5714285714286_logfm0p3.json
15.5714285714|-0.3000000000,upper_grid,theory,high_q5001_recovery_10core,/home/2/ks405818/Master/lyalpha_one_loop/runs/accdm/accdm_scan_highf_q5001_recovery_10core_v1/theory/accdm_logm15p5714285714286_logfm0p3.npz,runs/accdm/accdm_scan_highf_q5001_recovery_10core_v1/theory/accdm_logm15p5714285714286_logfm0p3.npz
15.7142857143|-0.3000000000,upper_grid,fit,high_q5001_recovery_10core,/home/2/ks405818/Master/lyalpha_one_loop/runs/accdm/accdm_scan_highf_q5001_recovery_10core_v1/fits/accdm_logm15p7142857142857_logfm0p3.json,runs/accdm/accdm_scan_highf_q5001_recovery_10core_v1/fits/accdm_logm15p7142857142857_logfm0p3.json
15.7142857143|-0.3000000000,upper_grid,theory,high_q5001_recovery_10core,/home/2/ks405818/Master/lyalpha_one_loop/runs/accdm/accdm_scan_highf_q5001_recovery_10core_v1/theory/accdm_logm15p7142857142857_logfm0p3.npz,runs/accdm/accdm_scan_highf_q5001_recovery_10core_v1/theory/accdm_logm15p7142857142857_logfm0p3.npz
15.8571428571|-0.3000000000,upper_grid,fit,high_q5001_recovery_10core,/home/2/ks405818/Master/lyalpha_one_loop/runs/accdm/accdm_scan_highf_q5001_recovery_10core_v1/fits/accdm_logm15p8571428571429_logfm0p3.json,runs/accdm/accdm_scan_highf_q5001_recovery_10core_v1/fits/accdm_logm15p8571428571429_logfm0p3.json
15.8571428571|-0.3000000000,upper_grid,theory,high_q5001_recovery_10core,/home/2/ks405818/Master/lyalpha_one_loop/runs/accdm/accdm_scan_highf_q5001_recovery_10core_v1/theory/accdm_logm15p8571428571429_logfm0p3.npz,runs/accdm/accdm_scan_highf_q5001_recovery_10core_v1/theory/accdm_logm15p8571428571429_logfm0p3.npz
16.0000000000|-0.3000000000,upper_grid,fit,high_q5001_recovery_10core,/home/2/ks405818/Master/lyalpha_one_loop/runs/accdm/accdm_scan_highf_q5001_recovery_10core_v1/fits/accdm_logm16_logfm0p3.json,runs/accdm/accdm_scan_highf_q5001_recovery_10core_v1/fits/accdm_logm16_logfm0p3.json
16.0000000000|-0.3000000000,upper_grid,theory,high_q5001_recovery_10core,/home/2/ks405818/Master/lyalpha_one_loop/runs/accdm/accdm_scan_highf_q5001_recovery_10core_v1/theory/accdm_logm16_logfm0p3.npz,runs/accdm/accdm_scan_highf_q5001_recovery_10core_v1/theory/accdm_logm16_logfm0p3.npz
16.1428571429|-0.3000000000,upper_grid,fit,high_q5001_recovery_10core,/home/2/ks405818/Master/lyalpha_one_loop/runs/accdm/accdm_scan_highf_q5001_recovery_10core_v1/fits/accdm_logm16p1428571428571_logfm0p3.json,runs/accdm/accdm_scan_highf_q5001_recovery_10core_v1/fits/accdm_logm16p1428571428571_logfm0p3.json
16.1428571429|-0.3000000000,upper_grid,theory,high_q5001_recovery_10core,/home/2/ks405818/Master/lyalpha_one_loop/runs/accdm/accdm_scan_highf_q5001_recovery_10core_v1/theory/accdm_logm16p1428571428571_logfm0p3.npz,runs/accdm/accdm_scan_highf_q5001_recovery_10core_v1/theory/accdm_logm16p1428571428571_logfm0p3.npz
16.2857142857|-0.3000000000,upper_grid,fit,high_q5001_recovery_10core,/home/2/ks405818/Master/lyalpha_one_loop/runs/accdm/accdm_scan_highf_q5001_recovery_10core_v1/fits/accdm_logm16p2857142857143_logfm0p3.json,runs/accdm/accdm_scan_highf_q5001_recovery_10core_v1/fits/accdm_logm16p2857142857143_logfm0p3.json
16.2857142857|-0.3000000000,upper_grid,theory,high_q5001_recovery_10core,/home/2/ks405818/Master/lyalpha_one_loop/runs/accdm/accdm_scan_highf_q5001_recovery_10core_v1/theory/accdm_logm16p2857142857143_logfm0p3.npz,runs/accdm/accdm_scan_highf_q5001_recovery_10core_v1/theory/accdm_logm16p2857142857143_logfm0p3.npz
16.4285714286|-0.3000000000,upper_grid,fit,high_q5001_recovery_10core,/home/2/ks405818/Master/lyalpha_one_loop/runs/accdm/accdm_scan_highf_q5001_recovery_10core_v1/fits/accdm_logm16p4285714285714_logfm0p3.json,runs/accdm/accdm_scan_highf_q5001_recovery_10core_v1/fits/accdm_logm16p4285714285714_logfm0p3.json
16.4285714286|-0.3000000000,upper_grid,theory,high_q5001_recovery_10core,/home/2/ks405818/Master/lyalpha_one_loop/runs/accdm/accdm_scan_highf_q5001_recovery_10core_v1/theory/accdm_logm16p4285714285714_logfm0p3.npz,runs/accdm/accdm_scan_highf_q5001_recovery_10core_v1/theory/accdm_logm16p4285714285714_logfm0p3.npz
16.5714285714|-0.3000000000,upper_grid,fit,high_q5001_recovery_10core,/home/2/ks405818/Master/lyalpha_one_loop/runs/accdm/accdm_scan_highf_q5001_recovery_10core_v1/fits/accdm_logm16p5714285714286_logfm0p3.json,runs/accdm/accdm_scan_highf_q5001_recovery_10core_v1/fits/accdm_logm16p5714285714286_logfm0p3.json
16.5714285714|-0.3000000000,upper_grid,theory,high_q5001_recovery_10core,/home/2/ks405818/Master/lyalpha_one_loop/runs/accdm/accdm_scan_highf_q5001_recovery_10core_v1/theory/accdm_logm16p5714285714286_logfm0p3.npz,runs/accdm/accdm_scan_highf_q5001_recovery_10core_v1/theory/accdm_logm16p5714285714286_logfm0p3.npz
16.7142857143|-0.3000000000,upper_grid,fit,high_q5001_recovery_10core,/home/2/ks405818/Master/lyalpha_one_loop/runs/accdm/accdm_scan_highf_q5001_recovery_10core_v1/fits/accdm_logm16p7142857142857_logfm0p3.json,runs/accdm/accdm_scan_highf_q5001_recovery_10core_v1/fits/accdm_logm16p7142857142857_logfm0p3.json
16.7142857143|-0.3000000000,upper_grid,theory,high_q5001_recovery_10core,/home/2/ks405818/Master/lyalpha_one_loop/runs/accdm/accdm_scan_highf_q5001_recovery_10core_v1/theory/accdm_logm16p7142857142857_logfm0p3.npz,runs/accdm/accdm_scan_highf_q5001_recovery_10core_v1/theory/accdm_logm16p7142857142857_logfm0p3.npz
16.8571428571|-0.3000000000,upper_grid,fit,high_q5001_recovery_10core,/home/2/ks405818/Master/lyalpha_one_loop/runs/accdm/accdm_scan_highf_q5001_recovery_10core_v1/fits/accdm_logm16p8571428571429_logfm0p3.json,runs/accdm/accdm_scan_highf_q5001_recovery_10core_v1/fits/accdm_logm16p8571428571429_logfm0p3.json
16.8571428571|-0.3000000000,upper_grid,theory,high_q5001_recovery_10core,/home/2/ks405818/Master/lyalpha_one_loop/runs/accdm/accdm_scan_highf_q5001_recovery_10core_v1/theory/accdm_logm16p8571428571429_logfm0p3.npz,runs/accdm/accdm_scan_highf_q5001_recovery_10core_v1/theory/accdm_logm16p8571428571429_logfm0p3.npz
17.0000000000|-0.3000000000,upper_grid,fit,high_q5001_recovery_10core,/home/2/ks405818/Master/lyalpha_one_loop/runs/accdm/accdm_scan_highf_q5001_recovery_10core_v1/fits/accdm_logm17_logfm0p3.json,runs/accdm/accdm_scan_highf_q5001_recovery_10core_v1/fits/accdm_logm17_logfm0p3.json
17.0000000000|-0.3000000000,upper_grid,theory,high_q5001_recovery_10core,/home/2/ks405818/Master/lyalpha_one_loop/runs/accdm/accdm_scan_highf_q5001_recovery_10core_v1/theory/accdm_logm17_logfm0p3.npz,runs/accdm/accdm_scan_highf_q5001_recovery_10core_v1/theory/accdm_logm17_logfm0p3.npz
17.1428571429|-0.3000000000,upper_grid,fit,high_q5001_recovery_10core,/home/2/ks405818/Master/lyalpha_one_loop/runs/accdm/accdm_scan_highf_q5001_recovery_10core_v1/fits/accdm_logm17p1428571428571_logfm0p3.json,runs/accdm/accdm_scan_highf_q5001_recovery_10core_v1/fits/accdm_logm17p1428571428571_logfm0p3.json
17.1428571429|-0.3000000000,upper_grid,theory,high_q5001_recovery_10core,/home/2/ks405818/Master/lyalpha_one_loop/runs/accdm/accdm_scan_highf_q5001_recovery_10core_v1/theory/accdm_logm17p1428571428571_logfm0p3.npz,runs/accdm/accdm_scan_highf_q5001_recovery_10core_v1/theory/accdm_logm17p1428571428571_logfm0p3.npz
17.2857142857|-0.3000000000,upper_grid,fit,high_q5001_recovery_10core,/home/2/ks405818/Master/lyalpha_one_loop/runs/accdm/accdm_scan_highf_q5001_recovery_10core_v1/fits/accdm_logm17p2857142857143_logfm0p3.json,runs/accdm/accdm_scan_highf_q5001_recovery_10core_v1/fits/accdm_logm17p2857142857143_logfm0p3.json
17.2857142857|-0.3000000000,upper_grid,theory,high_q5001_recovery_10core,/home/2/ks405818/Master/lyalpha_one_loop/runs/accdm/accdm_scan_highf_q5001_recovery_10core_v1/theory/accdm_logm17p2857142857143_logfm0p3.npz,runs/accdm/accdm_scan_highf_q5001_recovery_10core_v1/theory/accdm_logm17p2857142857143_logfm0p3.npz
17.4285714286|-0.3000000000,upper_grid,fit,high_q5001_original,/home/2/ks405818/Master/lyalpha_one_loop/runs/accdm/accdm_scan_highf_q5001_v1/fits/accdm_logm17p4285714285714_logfm0p3.json,runs/accdm/accdm_scan_highf_q5001_v1/fits/accdm_logm17p4285714285714_logfm0p3.json
17.4285714286|-0.3000000000,upper_grid,theory,high_q5001_original,/home/2/ks405818/Master/lyalpha_one_loop/runs/accdm/accdm_scan_highf_q5001_v1/theory/accdm_logm17p4285714285714_logfm0p3.npz,runs/accdm/accdm_scan_highf_q5001_v1/theory/accdm_logm17p4285714285714_logfm0p3.npz
17.5714285714|-0.3000000000,upper_grid,fit,high_q5001_original,/home/2/ks405818/Master/lyalpha_one_loop/runs/accdm/accdm_scan_highf_q5001_v1/fits/accdm_logm17p5714285714286_logfm0p3.json,runs/accdm/accdm_scan_highf_q5001_v1/fits/accdm_logm17p5714285714286_logfm0p3.json
17.5714285714|-0.3000000000,upper_grid,theory,high_q5001_original,/home/2/ks405818/Master/lyalpha_one_loop/runs/accdm/accdm_scan_highf_q5001_v1/theory/accdm_logm17p5714285714286_logfm0p3.npz,runs/accdm/accdm_scan_highf_q5001_v1/theory/accdm_logm17p5714285714286_logfm0p3.npz
17.7142857143|-0.3000000000,upper_grid,fit,high_q5001_original,/home/2/ks405818/Master/lyalpha_one_loop/runs/accdm/accdm_scan_highf_q5001_v1/fits/accdm_logm17p7142857142857_logfm0p3.json,runs/accdm/accdm_scan_highf_q5001_v1/fits/accdm_logm17p7142857142857_logfm0p3.json
17.7142857143|-0.3000000000,upper_grid,theory,high_q5001_original,/home/2/ks405818/Master/lyalpha_one_loop/runs/accdm/accdm_scan_highf_q5001_v1/theory/accdm_logm17p7142857142857_logfm0p3.npz,runs/accdm/accdm_scan_highf_q5001_v1/theory/accdm_logm17p7142857142857_logfm0p3.npz
17.8571428571|-0.3000000000,upper_grid,fit,high_q5001_original,/home/2/ks405818/Master/lyalpha_one_loop/runs/accdm/accdm_scan_highf_q5001_v1/fits/accdm_logm17p8571428571429_logfm0p3.json,runs/accdm/accdm_scan_highf_q5001_v1/fits/accdm_logm17p8571428571429_logfm0p3.json
17.8571428571|-0.3000000000,upper_grid,theory,high_q5001_original,/home/2/ks405818/Master/lyalpha_one_loop/runs/accdm/accdm_scan_highf_q5001_v1/theory/accdm_logm17p8571428571429_logfm0p3.npz,runs/accdm/accdm_scan_highf_q5001_v1/theory/accdm_logm17p8571428571429_logfm0p3.npz
18.0000000000|-0.3000000000,upper_grid,fit,high_q5001_original,/home/2/ks405818/Master/lyalpha_one_loop/runs/accdm/accdm_scan_highf_q5001_v1/fits/accdm_logm18_logfm0p3.json,runs/accdm/accdm_scan_highf_q5001_v1/fits/accdm_logm18_logfm0p3.json
18.0000000000|-0.3000000000,upper_grid,theory,high_q5001_original,/home/2/ks405818/Master/lyalpha_one_loop/runs/accdm/accdm_scan_highf_q5001_v1/theory/accdm_logm18_logfm0p3.npz,runs/accdm/accdm_scan_highf_q5001_v1/theory/accdm_logm18_logfm0p3.npz
11.0000000000|-0.2000000000,upper_grid,fit,high_q5001_original,/home/2/ks405818/Master/lyalpha_one_loop/runs/accdm/accdm_scan_highf_q5001_v1/fits/accdm_logm11_logfm0p2.json,runs/accdm/accdm_scan_highf_q5001_v1/fits/accdm_logm11_logfm0p2.json
11.0000000000|-0.2000000000,upper_grid,theory,high_q5001_original,/home/2/ks405818/Master/lyalpha_one_loop/runs/accdm/accdm_scan_highf_q5001_v1/theory/accdm_logm11_logfm0p2.npz,runs/accdm/accdm_scan_highf_q5001_v1/theory/accdm_logm11_logfm0p2.npz
11.1428571429|-0.2000000000,upper_grid,fit,high_q5001_original,/home/2/ks405818/Master/lyalpha_one_loop/runs/accdm/accdm_scan_highf_q5001_v1/fits/accdm_logm11p1428571428571_logfm0p2.json,runs/accdm/accdm_scan_highf_q5001_v1/fits/accdm_logm11p1428571428571_logfm0p2.json
11.1428571429|-0.2000000000,upper_grid,theory,high_q5001_original,/home/2/ks405818/Master/lyalpha_one_loop/runs/accdm/accdm_scan_highf_q5001_v1/theory/accdm_logm11p1428571428571_logfm0p2.npz,runs/accdm/accdm_scan_highf_q5001_v1/theory/accdm_logm11p1428571428571_logfm0p2.npz
11.2857142857|-0.2000000000,upper_grid,fit,high_q5001_original,/home/2/ks405818/Master/lyalpha_one_loop/runs/accdm/accdm_scan_highf_q5001_v1/fits/accdm_logm11p2857142857143_logfm0p2.json,runs/accdm/accdm_scan_highf_q5001_v1/fits/accdm_logm11p2857142857143_logfm0p2.json
11.2857142857|-0.2000000000,upper_grid,theory,high_q5001_original,/home/2/ks405818/Master/lyalpha_one_loop/runs/accdm/accdm_scan_highf_q5001_v1/theory/accdm_logm11p2857142857143_logfm0p2.npz,runs/accdm/accdm_scan_highf_q5001_v1/theory/accdm_logm11p2857142857143_logfm0p2.npz
11.4285714286|-0.2000000000,upper_grid,fit,high_q5001_original,/home/2/ks405818/Master/lyalpha_one_loop/runs/accdm/accdm_scan_highf_q5001_v1/fits/accdm_logm11p4285714285714_logfm0p2.json,runs/accdm/accdm_scan_highf_q5001_v1/fits/accdm_logm11p4285714285714_logfm0p2.json
11.4285714286|-0.2000000000,upper_grid,theory,high_q5001_original,/home/2/ks405818/Master/lyalpha_one_loop/runs/accdm/accdm_scan_highf_q5001_v1/theory/accdm_logm11p4285714285714_logfm0p2.npz,runs/accdm/accdm_scan_highf_q5001_v1/theory/accdm_logm11p4285714285714_logfm0p2.npz
11.5714285714|-0.2000000000,upper_grid,fit,high_q5001_recovery_10core,/home/2/ks405818/Master/lyalpha_one_loop/runs/accdm/accdm_scan_highf_q5001_recovery_10core_v1/fits/accdm_logm11p5714285714286_logfm0p2.json,runs/accdm/accdm_scan_highf_q5001_recovery_10core_v1/fits/accdm_logm11p5714285714286_logfm0p2.json
11.5714285714|-0.2000000000,upper_grid,theory,high_q5001_recovery_10core,/home/2/ks405818/Master/lyalpha_one_loop/runs/accdm/accdm_scan_highf_q5001_recovery_10core_v1/theory/accdm_logm11p5714285714286_logfm0p2.npz,runs/accdm/accdm_scan_highf_q5001_recovery_10core_v1/theory/accdm_logm11p5714285714286_logfm0p2.npz
11.7142857143|-0.2000000000,upper_grid,fit,high_q5001_recovery_10core,/home/2/ks405818/Master/lyalpha_one_loop/runs/accdm/accdm_scan_highf_q5001_recovery_10core_v1/fits/accdm_logm11p7142857142857_logfm0p2.json,runs/accdm/accdm_scan_highf_q5001_recovery_10core_v1/fits/accdm_logm11p7142857142857_logfm0p2.json
11.7142857143|-0.2000000000,upper_grid,theory,high_q5001_recovery_10core,/home/2/ks405818/Master/lyalpha_one_loop/runs/accdm/accdm_scan_highf_q5001_recovery_10core_v1/theory/accdm_logm11p7142857142857_logfm0p2.npz,runs/accdm/accdm_scan_highf_q5001_recovery_10core_v1/theory/accdm_logm11p7142857142857_logfm0p2.npz
11.8571428571|-0.2000000000,upper_grid,fit,high_q5001_recovery_10core,/home/2/ks405818/Master/lyalpha_one_loop/runs/accdm/accdm_scan_highf_q5001_recovery_10core_v1/fits/accdm_logm11p8571428571429_logfm0p2.json,runs/accdm/accdm_scan_highf_q5001_recovery_10core_v1/fits/accdm_logm11p8571428571429_logfm0p2.json
11.8571428571|-0.2000000000,upper_grid,theory,high_q5001_recovery_10core,/home/2/ks405818/Master/lyalpha_one_loop/runs/accdm/accdm_scan_highf_q5001_recovery_10core_v1/theory/accdm_logm11p8571428571429_logfm0p2.npz,runs/accdm/accdm_scan_highf_q5001_recovery_10core_v1/theory/accdm_logm11p8571428571429_logfm0p2.npz
12.0000000000|-0.2000000000,upper_grid,fit,high_q5001_recovery_10core,/home/2/ks405818/Master/lyalpha_one_loop/runs/accdm/accdm_scan_highf_q5001_recovery_10core_v1/fits/accdm_logm12_logfm0p2.json,runs/accdm/accdm_scan_highf_q5001_recovery_10core_v1/fits/accdm_logm12_logfm0p2.json
12.0000000000|-0.2000000000,upper_grid,theory,high_q5001_recovery_10core,/home/2/ks405818/Master/lyalpha_one_loop/runs/accdm/accdm_scan_highf_q5001_recovery_10core_v1/theory/accdm_logm12_logfm0p2.npz,runs/accdm/accdm_scan_highf_q5001_recovery_10core_v1/theory/accdm_logm12_logfm0p2.npz
12.1428571429|-0.2000000000,upper_grid,fit,high_q5001_recovery_10core,/home/2/ks405818/Master/lyalpha_one_loop/runs/accdm/accdm_scan_highf_q5001_recovery_10core_v1/fits/accdm_logm12p1428571428571_logfm0p2.json,runs/accdm/accdm_scan_highf_q5001_recovery_10core_v1/fits/accdm_logm12p1428571428571_logfm0p2.json
12.1428571429|-0.2000000000,upper_grid,theory,high_q5001_recovery_10core,/home/2/ks405818/Master/lyalpha_one_loop/runs/accdm/accdm_scan_highf_q5001_recovery_10core_v1/theory/accdm_logm12p1428571428571_logfm0p2.npz,runs/accdm/accdm_scan_highf_q5001_recovery_10core_v1/theory/accdm_logm12p1428571428571_logfm0p2.npz
12.2857142857|-0.2000000000,upper_grid,fit,high_q5001_recovery_10core,/home/2/ks405818/Master/lyalpha_one_loop/runs/accdm/accdm_scan_highf_q5001_recovery_10core_v1/fits/accdm_logm12p2857142857143_logfm0p2.json,runs/accdm/accdm_scan_highf_q5001_recovery_10core_v1/fits/accdm_logm12p2857142857143_logfm0p2.json
12.2857142857|-0.2000000000,upper_grid,theory,high_q5001_recovery_10core,/home/2/ks405818/Master/lyalpha_one_loop/runs/accdm/accdm_scan_highf_q5001_recovery_10core_v1/theory/accdm_logm12p2857142857143_logfm0p2.npz,runs/accdm/accdm_scan_highf_q5001_recovery_10core_v1/theory/accdm_logm12p2857142857143_logfm0p2.npz
12.4285714286|-0.2000000000,upper_grid,fit,high_q5001_recovery_10core,/home/2/ks405818/Master/lyalpha_one_loop/runs/accdm/accdm_scan_highf_q5001_recovery_10core_v1/fits/accdm_logm12p4285714285714_logfm0p2.json,runs/accdm/accdm_scan_highf_q5001_recovery_10core_v1/fits/accdm_logm12p4285714285714_logfm0p2.json
12.4285714286|-0.2000000000,upper_grid,theory,high_q5001_recovery_10core,/home/2/ks405818/Master/lyalpha_one_loop/runs/accdm/accdm_scan_highf_q5001_recovery_10core_v1/theory/accdm_logm12p4285714285714_logfm0p2.npz,runs/accdm/accdm_scan_highf_q5001_recovery_10core_v1/theory/accdm_logm12p4285714285714_logfm0p2.npz
12.5714285714|-0.2000000000,upper_grid,fit,high_q5001_recovery_10core,/home/2/ks405818/Master/lyalpha_one_loop/runs/accdm/accdm_scan_highf_q5001_recovery_10core_v1/fits/accdm_logm12p5714285714286_logfm0p2.json,runs/accdm/accdm_scan_highf_q5001_recovery_10core_v1/fits/accdm_logm12p5714285714286_logfm0p2.json
12.5714285714|-0.2000000000,upper_grid,theory,high_q5001_recovery_10core,/home/2/ks405818/Master/lyalpha_one_loop/runs/accdm/accdm_scan_highf_q5001_recovery_10core_v1/theory/accdm_logm12p5714285714286_logfm0p2.npz,runs/accdm/accdm_scan_highf_q5001_recovery_10core_v1/theory/accdm_logm12p5714285714286_logfm0p2.npz
12.7142857143|-0.2000000000,upper_grid,fit,high_q5001_recovery_10core,/home/2/ks405818/Master/lyalpha_one_loop/runs/accdm/accdm_scan_highf_q5001_recovery_10core_v1/fits/accdm_logm12p7142857142857_logfm0p2.json,runs/accdm/accdm_scan_highf_q5001_recovery_10core_v1/fits/accdm_logm12p7142857142857_logfm0p2.json
12.7142857143|-0.2000000000,upper_grid,theory,high_q5001_recovery_10core,/home/2/ks405818/Master/lyalpha_one_loop/runs/accdm/accdm_scan_highf_q5001_recovery_10core_v1/theory/accdm_logm12p7142857142857_logfm0p2.npz,runs/accdm/accdm_scan_highf_q5001_recovery_10core_v1/theory/accdm_logm12p7142857142857_logfm0p2.npz
12.8571428571|-0.2000000000,upper_grid,fit,high_q5001_recovery_10core,/home/2/ks405818/Master/lyalpha_one_loop/runs/accdm/accdm_scan_highf_q5001_recovery_10core_v1/fits/accdm_logm12p8571428571429_logfm0p2.json,runs/accdm/accdm_scan_highf_q5001_recovery_10core_v1/fits/accdm_logm12p8571428571429_logfm0p2.json
12.8571428571|-0.2000000000,upper_grid,theory,high_q5001_recovery_10core,/home/2/ks405818/Master/lyalpha_one_loop/runs/accdm/accdm_scan_highf_q5001_recovery_10core_v1/theory/accdm_logm12p8571428571429_logfm0p2.npz,runs/accdm/accdm_scan_highf_q5001_recovery_10core_v1/theory/accdm_logm12p8571428571429_logfm0p2.npz
13.0000000000|-0.2000000000,upper_grid,fit,high_q5001_recovery_10core,/home/2/ks405818/Master/lyalpha_one_loop/runs/accdm/accdm_scan_highf_q5001_recovery_10core_v1/fits/accdm_logm13_logfm0p2.json,runs/accdm/accdm_scan_highf_q5001_recovery_10core_v1/fits/accdm_logm13_logfm0p2.json
13.0000000000|-0.2000000000,upper_grid,theory,high_q5001_recovery_10core,/home/2/ks405818/Master/lyalpha_one_loop/runs/accdm/accdm_scan_highf_q5001_recovery_10core_v1/theory/accdm_logm13_logfm0p2.npz,runs/accdm/accdm_scan_highf_q5001_recovery_10core_v1/theory/accdm_logm13_logfm0p2.npz
13.1428571429|-0.2000000000,upper_grid,fit,high_q5001_recovery_10core,/home/2/ks405818/Master/lyalpha_one_loop/runs/accdm/accdm_scan_highf_q5001_recovery_10core_v1/fits/accdm_logm13p1428571428571_logfm0p2.json,runs/accdm/accdm_scan_highf_q5001_recovery_10core_v1/fits/accdm_logm13p1428571428571_logfm0p2.json
13.1428571429|-0.2000000000,upper_grid,theory,high_q5001_recovery_10core,/home/2/ks405818/Master/lyalpha_one_loop/runs/accdm/accdm_scan_highf_q5001_recovery_10core_v1/theory/accdm_logm13p1428571428571_logfm0p2.npz,runs/accdm/accdm_scan_highf_q5001_recovery_10core_v1/theory/accdm_logm13p1428571428571_logfm0p2.npz
13.2857142857|-0.2000000000,upper_grid,fit,high_q5001_recovery_10core,/home/2/ks405818/Master/lyalpha_one_loop/runs/accdm/accdm_scan_highf_q5001_recovery_10core_v1/fits/accdm_logm13p2857142857143_logfm0p2.json,runs/accdm/accdm_scan_highf_q5001_recovery_10core_v1/fits/accdm_logm13p2857142857143_logfm0p2.json
13.2857142857|-0.2000000000,upper_grid,theory,high_q5001_recovery_10core,/home/2/ks405818/Master/lyalpha_one_loop/runs/accdm/accdm_scan_highf_q5001_recovery_10core_v1/theory/accdm_logm13p2857142857143_logfm0p2.npz,runs/accdm/accdm_scan_highf_q5001_recovery_10core_v1/theory/accdm_logm13p2857142857143_logfm0p2.npz
13.4285714286|-0.2000000000,upper_grid,fit,high_q5001_recovery_10core,/home/2/ks405818/Master/lyalpha_one_loop/runs/accdm/accdm_scan_highf_q5001_recovery_10core_v1/fits/accdm_logm13p4285714285714_logfm0p2.json,runs/accdm/accdm_scan_highf_q5001_recovery_10core_v1/fits/accdm_logm13p4285714285714_logfm0p2.json
13.4285714286|-0.2000000000,upper_grid,theory,high_q5001_recovery_10core,/home/2/ks405818/Master/lyalpha_one_loop/runs/accdm/accdm_scan_highf_q5001_recovery_10core_v1/theory/accdm_logm13p4285714285714_logfm0p2.npz,runs/accdm/accdm_scan_highf_q5001_recovery_10core_v1/theory/accdm_logm13p4285714285714_logfm0p2.npz
13.7142857143|-0.2000000000,upper_grid,fit,high_q5001_recovery_10core,/home/2/ks405818/Master/lyalpha_one_loop/runs/accdm/accdm_scan_highf_q5001_recovery_10core_v1/fits/accdm_logm13p7142857142857_logfm0p2.json,runs/accdm/accdm_scan_highf_q5001_recovery_10core_v1/fits/accdm_logm13p7142857142857_logfm0p2.json
13.7142857143|-0.2000000000,upper_grid,theory,high_q5001_recovery_10core,/home/2/ks405818/Master/lyalpha_one_loop/runs/accdm/accdm_scan_highf_q5001_recovery_10core_v1/theory/accdm_logm13p7142857142857_logfm0p2.npz,runs/accdm/accdm_scan_highf_q5001_recovery_10core_v1/theory/accdm_logm13p7142857142857_logfm0p2.npz
13.8571428571|-0.2000000000,upper_grid,fit,high_q5001_recovery_10core,/home/2/ks405818/Master/lyalpha_one_loop/runs/accdm/accdm_scan_highf_q5001_recovery_10core_v1/fits/accdm_logm13p8571428571429_logfm0p2.json,runs/accdm/accdm_scan_highf_q5001_recovery_10core_v1/fits/accdm_logm13p8571428571429_logfm0p2.json
13.8571428571|-0.2000000000,upper_grid,theory,high_q5001_recovery_10core,/home/2/ks405818/Master/lyalpha_one_loop/runs/accdm/accdm_scan_highf_q5001_recovery_10core_v1/theory/accdm_logm13p8571428571429_logfm0p2.npz,runs/accdm/accdm_scan_highf_q5001_recovery_10core_v1/theory/accdm_logm13p8571428571429_logfm0p2.npz
14.0000000000|-0.2000000000,upper_grid,fit,high_q5001_recovery_10core,/home/2/ks405818/Master/lyalpha_one_loop/runs/accdm/accdm_scan_highf_q5001_recovery_10core_v1/fits/accdm_logm14_logfm0p2.json,runs/accdm/accdm_scan_highf_q5001_recovery_10core_v1/fits/accdm_logm14_logfm0p2.json
14.0000000000|-0.2000000000,upper_grid,theory,high_q5001_recovery_10core,/home/2/ks405818/Master/lyalpha_one_loop/runs/accdm/accdm_scan_highf_q5001_recovery_10core_v1/theory/accdm_logm14_logfm0p2.npz,runs/accdm/accdm_scan_highf_q5001_recovery_10core_v1/theory/accdm_logm14_logfm0p2.npz
14.1428571429|-0.2000000000,upper_grid,fit,high_q5001_recovery_10core,/home/2/ks405818/Master/lyalpha_one_loop/runs/accdm/accdm_scan_highf_q5001_recovery_10core_v1/fits/accdm_logm14p1428571428571_logfm0p2.json,runs/accdm/accdm_scan_highf_q5001_recovery_10core_v1/fits/accdm_logm14p1428571428571_logfm0p2.json
14.1428571429|-0.2000000000,upper_grid,theory,high_q5001_recovery_10core,/home/2/ks405818/Master/lyalpha_one_loop/runs/accdm/accdm_scan_highf_q5001_recovery_10core_v1/theory/accdm_logm14p1428571428571_logfm0p2.npz,runs/accdm/accdm_scan_highf_q5001_recovery_10core_v1/theory/accdm_logm14p1428571428571_logfm0p2.npz
14.2857142857|-0.2000000000,upper_grid,fit,high_q5001_recovery_10core,/home/2/ks405818/Master/lyalpha_one_loop/runs/accdm/accdm_scan_highf_q5001_recovery_10core_v1/fits/accdm_logm14p2857142857143_logfm0p2.json,runs/accdm/accdm_scan_highf_q5001_recovery_10core_v1/fits/accdm_logm14p2857142857143_logfm0p2.json
14.2857142857|-0.2000000000,upper_grid,theory,high_q5001_recovery_10core,/home/2/ks405818/Master/lyalpha_one_loop/runs/accdm/accdm_scan_highf_q5001_recovery_10core_v1/theory/accdm_logm14p2857142857143_logfm0p2.npz,runs/accdm/accdm_scan_highf_q5001_recovery_10core_v1/theory/accdm_logm14p2857142857143_logfm0p2.npz
14.4285714286|-0.2000000000,upper_grid,fit,high_q5001_recovery_10core,/home/2/ks405818/Master/lyalpha_one_loop/runs/accdm/accdm_scan_highf_q5001_recovery_10core_v1/fits/accdm_logm14p4285714285714_logfm0p2.json,runs/accdm/accdm_scan_highf_q5001_recovery_10core_v1/fits/accdm_logm14p4285714285714_logfm0p2.json
14.4285714286|-0.2000000000,upper_grid,theory,high_q5001_recovery_10core,/home/2/ks405818/Master/lyalpha_one_loop/runs/accdm/accdm_scan_highf_q5001_recovery_10core_v1/theory/accdm_logm14p4285714285714_logfm0p2.npz,runs/accdm/accdm_scan_highf_q5001_recovery_10core_v1/theory/accdm_logm14p4285714285714_logfm0p2.npz
14.5714285714|-0.2000000000,upper_grid,fit,high_q5001_recovery_10core,/home/2/ks405818/Master/lyalpha_one_loop/runs/accdm/accdm_scan_highf_q5001_recovery_10core_v1/fits/accdm_logm14p5714285714286_logfm0p2.json,runs/accdm/accdm_scan_highf_q5001_recovery_10core_v1/fits/accdm_logm14p5714285714286_logfm0p2.json
14.5714285714|-0.2000000000,upper_grid,theory,high_q5001_recovery_10core,/home/2/ks405818/Master/lyalpha_one_loop/runs/accdm/accdm_scan_highf_q5001_recovery_10core_v1/theory/accdm_logm14p5714285714286_logfm0p2.npz,runs/accdm/accdm_scan_highf_q5001_recovery_10core_v1/theory/accdm_logm14p5714285714286_logfm0p2.npz
14.7142857143|-0.2000000000,upper_grid,fit,high_q5001_recovery_10core,/home/2/ks405818/Master/lyalpha_one_loop/runs/accdm/accdm_scan_highf_q5001_recovery_10core_v1/fits/accdm_logm14p7142857142857_logfm0p2.json,runs/accdm/accdm_scan_highf_q5001_recovery_10core_v1/fits/accdm_logm14p7142857142857_logfm0p2.json
14.7142857143|-0.2000000000,upper_grid,theory,high_q5001_recovery_10core,/home/2/ks405818/Master/lyalpha_one_loop/runs/accdm/accdm_scan_highf_q5001_recovery_10core_v1/theory/accdm_logm14p7142857142857_logfm0p2.npz,runs/accdm/accdm_scan_highf_q5001_recovery_10core_v1/theory/accdm_logm14p7142857142857_logfm0p2.npz
14.8571428571|-0.2000000000,upper_grid,fit,high_q5001_recovery_10core,/home/2/ks405818/Master/lyalpha_one_loop/runs/accdm/accdm_scan_highf_q5001_recovery_10core_v1/fits/accdm_logm14p8571428571429_logfm0p2.json,runs/accdm/accdm_scan_highf_q5001_recovery_10core_v1/fits/accdm_logm14p8571428571429_logfm0p2.json
14.8571428571|-0.2000000000,upper_grid,theory,high_q5001_recovery_10core,/home/2/ks405818/Master/lyalpha_one_loop/runs/accdm/accdm_scan_highf_q5001_recovery_10core_v1/theory/accdm_logm14p8571428571429_logfm0p2.npz,runs/accdm/accdm_scan_highf_q5001_recovery_10core_v1/theory/accdm_logm14p8571428571429_logfm0p2.npz
15.0000000000|-0.2000000000,upper_grid,fit,high_q5001_recovery_10core,/home/2/ks405818/Master/lyalpha_one_loop/runs/accdm/accdm_scan_highf_q5001_recovery_10core_v1/fits/accdm_logm15_logfm0p2.json,runs/accdm/accdm_scan_highf_q5001_recovery_10core_v1/fits/accdm_logm15_logfm0p2.json
15.0000000000|-0.2000000000,upper_grid,theory,high_q5001_recovery_10core,/home/2/ks405818/Master/lyalpha_one_loop/runs/accdm/accdm_scan_highf_q5001_recovery_10core_v1/theory/accdm_logm15_logfm0p2.npz,runs/accdm/accdm_scan_highf_q5001_recovery_10core_v1/theory/accdm_logm15_logfm0p2.npz
15.1428571429|-0.2000000000,upper_grid,fit,high_q5001_recovery_10core,/home/2/ks405818/Master/lyalpha_one_loop/runs/accdm/accdm_scan_highf_q5001_recovery_10core_v1/fits/accdm_logm15p1428571428571_logfm0p2.json,runs/accdm/accdm_scan_highf_q5001_recovery_10core_v1/fits/accdm_logm15p1428571428571_logfm0p2.json
15.1428571429|-0.2000000000,upper_grid,theory,high_q5001_recovery_10core,/home/2/ks405818/Master/lyalpha_one_loop/runs/accdm/accdm_scan_highf_q5001_recovery_10core_v1/theory/accdm_logm15p1428571428571_logfm0p2.npz,runs/accdm/accdm_scan_highf_q5001_recovery_10core_v1/theory/accdm_logm15p1428571428571_logfm0p2.npz
15.2857142857|-0.2000000000,upper_grid,fit,high_q5001_recovery_10core,/home/2/ks405818/Master/lyalpha_one_loop/runs/accdm/accdm_scan_highf_q5001_recovery_10core_v1/fits/accdm_logm15p2857142857143_logfm0p2.json,runs/accdm/accdm_scan_highf_q5001_recovery_10core_v1/fits/accdm_logm15p2857142857143_logfm0p2.json
15.2857142857|-0.2000000000,upper_grid,theory,high_q5001_recovery_10core,/home/2/ks405818/Master/lyalpha_one_loop/runs/accdm/accdm_scan_highf_q5001_recovery_10core_v1/theory/accdm_logm15p2857142857143_logfm0p2.npz,runs/accdm/accdm_scan_highf_q5001_recovery_10core_v1/theory/accdm_logm15p2857142857143_logfm0p2.npz
15.4285714286|-0.2000000000,upper_grid,fit,high_q5001_recovery_10core,/home/2/ks405818/Master/lyalpha_one_loop/runs/accdm/accdm_scan_highf_q5001_recovery_10core_v1/fits/accdm_logm15p4285714285714_logfm0p2.json,runs/accdm/accdm_scan_highf_q5001_recovery_10core_v1/fits/accdm_logm15p4285714285714_logfm0p2.json
15.4285714286|-0.2000000000,upper_grid,theory,high_q5001_recovery_10core,/home/2/ks405818/Master/lyalpha_one_loop/runs/accdm/accdm_scan_highf_q5001_recovery_10core_v1/theory/accdm_logm15p4285714285714_logfm0p2.npz,runs/accdm/accdm_scan_highf_q5001_recovery_10core_v1/theory/accdm_logm15p4285714285714_logfm0p2.npz
15.5714285714|-0.2000000000,upper_grid,fit,high_q5001_recovery_10core,/home/2/ks405818/Master/lyalpha_one_loop/runs/accdm/accdm_scan_highf_q5001_recovery_10core_v1/fits/accdm_logm15p5714285714286_logfm0p2.json,runs/accdm/accdm_scan_highf_q5001_recovery_10core_v1/fits/accdm_logm15p5714285714286_logfm0p2.json
15.5714285714|-0.2000000000,upper_grid,theory,high_q5001_recovery_10core,/home/2/ks405818/Master/lyalpha_one_loop/runs/accdm/accdm_scan_highf_q5001_recovery_10core_v1/theory/accdm_logm15p5714285714286_logfm0p2.npz,runs/accdm/accdm_scan_highf_q5001_recovery_10core_v1/theory/accdm_logm15p5714285714286_logfm0p2.npz
15.7142857143|-0.2000000000,upper_grid,fit,high_q5001_recovery_10core,/home/2/ks405818/Master/lyalpha_one_loop/runs/accdm/accdm_scan_highf_q5001_recovery_10core_v1/fits/accdm_logm15p7142857142857_logfm0p2.json,runs/accdm/accdm_scan_highf_q5001_recovery_10core_v1/fits/accdm_logm15p7142857142857_logfm0p2.json
15.7142857143|-0.2000000000,upper_grid,theory,high_q5001_recovery_10core,/home/2/ks405818/Master/lyalpha_one_loop/runs/accdm/accdm_scan_highf_q5001_recovery_10core_v1/theory/accdm_logm15p7142857142857_logfm0p2.npz,runs/accdm/accdm_scan_highf_q5001_recovery_10core_v1/theory/accdm_logm15p7142857142857_logfm0p2.npz
15.8571428571|-0.2000000000,upper_grid,fit,high_q5001_recovery_10core,/home/2/ks405818/Master/lyalpha_one_loop/runs/accdm/accdm_scan_highf_q5001_recovery_10core_v1/fits/accdm_logm15p8571428571429_logfm0p2.json,runs/accdm/accdm_scan_highf_q5001_recovery_10core_v1/fits/accdm_logm15p8571428571429_logfm0p2.json
15.8571428571|-0.2000000000,upper_grid,theory,high_q5001_recovery_10core,/home/2/ks405818/Master/lyalpha_one_loop/runs/accdm/accdm_scan_highf_q5001_recovery_10core_v1/theory/accdm_logm15p8571428571429_logfm0p2.npz,runs/accdm/accdm_scan_highf_q5001_recovery_10core_v1/theory/accdm_logm15p8571428571429_logfm0p2.npz
16.0000000000|-0.2000000000,upper_grid,fit,high_q5001_recovery_10core,/home/2/ks405818/Master/lyalpha_one_loop/runs/accdm/accdm_scan_highf_q5001_recovery_10core_v1/fits/accdm_logm16_logfm0p2.json,runs/accdm/accdm_scan_highf_q5001_recovery_10core_v1/fits/accdm_logm16_logfm0p2.json
16.0000000000|-0.2000000000,upper_grid,theory,high_q5001_recovery_10core,/home/2/ks405818/Master/lyalpha_one_loop/runs/accdm/accdm_scan_highf_q5001_recovery_10core_v1/theory/accdm_logm16_logfm0p2.npz,runs/accdm/accdm_scan_highf_q5001_recovery_10core_v1/theory/accdm_logm16_logfm0p2.npz
16.1428571429|-0.2000000000,upper_grid,fit,high_q5001_recovery_10core,/home/2/ks405818/Master/lyalpha_one_loop/runs/accdm/accdm_scan_highf_q5001_recovery_10core_v1/fits/accdm_logm16p1428571428571_logfm0p2.json,runs/accdm/accdm_scan_highf_q5001_recovery_10core_v1/fits/accdm_logm16p1428571428571_logfm0p2.json
16.1428571429|-0.2000000000,upper_grid,theory,high_q5001_recovery_10core,/home/2/ks405818/Master/lyalpha_one_loop/runs/accdm/accdm_scan_highf_q5001_recovery_10core_v1/theory/accdm_logm16p1428571428571_logfm0p2.npz,runs/accdm/accdm_scan_highf_q5001_recovery_10core_v1/theory/accdm_logm16p1428571428571_logfm0p2.npz
16.2857142857|-0.2000000000,upper_grid,fit,high_q5001_recovery_10core,/home/2/ks405818/Master/lyalpha_one_loop/runs/accdm/accdm_scan_highf_q5001_recovery_10core_v1/fits/accdm_logm16p2857142857143_logfm0p2.json,runs/accdm/accdm_scan_highf_q5001_recovery_10core_v1/fits/accdm_logm16p2857142857143_logfm0p2.json
16.2857142857|-0.2000000000,upper_grid,theory,high_q5001_recovery_10core,/home/2/ks405818/Master/lyalpha_one_loop/runs/accdm/accdm_scan_highf_q5001_recovery_10core_v1/theory/accdm_logm16p2857142857143_logfm0p2.npz,runs/accdm/accdm_scan_highf_q5001_recovery_10core_v1/theory/accdm_logm16p2857142857143_logfm0p2.npz
16.4285714286|-0.2000000000,upper_grid,fit,high_q5001_recovery_10core,/home/2/ks405818/Master/lyalpha_one_loop/runs/accdm/accdm_scan_highf_q5001_recovery_10core_v1/fits/accdm_logm16p4285714285714_logfm0p2.json,runs/accdm/accdm_scan_highf_q5001_recovery_10core_v1/fits/accdm_logm16p4285714285714_logfm0p2.json
16.4285714286|-0.2000000000,upper_grid,theory,high_q5001_recovery_10core,/home/2/ks405818/Master/lyalpha_one_loop/runs/accdm/accdm_scan_highf_q5001_recovery_10core_v1/theory/accdm_logm16p4285714285714_logfm0p2.npz,runs/accdm/accdm_scan_highf_q5001_recovery_10core_v1/theory/accdm_logm16p4285714285714_logfm0p2.npz
16.5714285714|-0.2000000000,upper_grid,fit,high_q5001_recovery_10core,/home/2/ks405818/Master/lyalpha_one_loop/runs/accdm/accdm_scan_highf_q5001_recovery_10core_v1/fits/accdm_logm16p5714285714286_logfm0p2.json,runs/accdm/accdm_scan_highf_q5001_recovery_10core_v1/fits/accdm_logm16p5714285714286_logfm0p2.json
16.5714285714|-0.2000000000,upper_grid,theory,high_q5001_recovery_10core,/home/2/ks405818/Master/lyalpha_one_loop/runs/accdm/accdm_scan_highf_q5001_recovery_10core_v1/theory/accdm_logm16p5714285714286_logfm0p2.npz,runs/accdm/accdm_scan_highf_q5001_recovery_10core_v1/theory/accdm_logm16p5714285714286_logfm0p2.npz
16.7142857143|-0.2000000000,upper_grid,fit,high_q5001_recovery_10core,/home/2/ks405818/Master/lyalpha_one_loop/runs/accdm/accdm_scan_highf_q5001_recovery_10core_v1/fits/accdm_logm16p7142857142857_logfm0p2.json,runs/accdm/accdm_scan_highf_q5001_recovery_10core_v1/fits/accdm_logm16p7142857142857_logfm0p2.json
16.7142857143|-0.2000000000,upper_grid,theory,high_q5001_recovery_10core,/home/2/ks405818/Master/lyalpha_one_loop/runs/accdm/accdm_scan_highf_q5001_recovery_10core_v1/theory/accdm_logm16p7142857142857_logfm0p2.npz,runs/accdm/accdm_scan_highf_q5001_recovery_10core_v1/theory/accdm_logm16p7142857142857_logfm0p2.npz
16.8571428571|-0.2000000000,upper_grid,fit,high_q5001_recovery_10core,/home/2/ks405818/Master/lyalpha_one_loop/runs/accdm/accdm_scan_highf_q5001_recovery_10core_v1/fits/accdm_logm16p8571428571429_logfm0p2.json,runs/accdm/accdm_scan_highf_q5001_recovery_10core_v1/fits/accdm_logm16p8571428571429_logfm0p2.json
16.8571428571|-0.2000000000,upper_grid,theory,high_q5001_recovery_10core,/home/2/ks405818/Master/lyalpha_one_loop/runs/accdm/accdm_scan_highf_q5001_recovery_10core_v1/theory/accdm_logm16p8571428571429_logfm0p2.npz,runs/accdm/accdm_scan_highf_q5001_recovery_10core_v1/theory/accdm_logm16p8571428571429_logfm0p2.npz
17.0000000000|-0.2000000000,upper_grid,fit,high_q5001_recovery_10core,/home/2/ks405818/Master/lyalpha_one_loop/runs/accdm/accdm_scan_highf_q5001_recovery_10core_v1/fits/accdm_logm17_logfm0p2.json,runs/accdm/accdm_scan_highf_q5001_recovery_10core_v1/fits/accdm_logm17_logfm0p2.json
17.0000000000|-0.2000000000,upper_grid,theory,high_q5001_recovery_10core,/home/2/ks405818/Master/lyalpha_one_loop/runs/accdm/accdm_scan_highf_q5001_recovery_10core_v1/theory/accdm_logm17_logfm0p2.npz,runs/accdm/accdm_scan_highf_q5001_recovery_10core_v1/theory/accdm_logm17_logfm0p2.npz
17.1428571429|-0.2000000000,upper_grid,fit,high_q5001_recovery_10core,/home/2/ks405818/Master/lyalpha_one_loop/runs/accdm/accdm_scan_highf_q5001_recovery_10core_v1/fits/accdm_logm17p1428571428571_logfm0p2.json,runs/accdm/accdm_scan_highf_q5001_recovery_10core_v1/fits/accdm_logm17p1428571428571_logfm0p2.json
17.1428571429|-0.2000000000,upper_grid,theory,high_q5001_recovery_10core,/home/2/ks405818/Master/lyalpha_one_loop/runs/accdm/accdm_scan_highf_q5001_recovery_10core_v1/theory/accdm_logm17p1428571428571_logfm0p2.npz,runs/accdm/accdm_scan_highf_q5001_recovery_10core_v1/theory/accdm_logm17p1428571428571_logfm0p2.npz
17.2857142857|-0.2000000000,upper_grid,fit,high_q5001_recovery_10core,/home/2/ks405818/Master/lyalpha_one_loop/runs/accdm/accdm_scan_highf_q5001_recovery_10core_v1/fits/accdm_logm17p2857142857143_logfm0p2.json,runs/accdm/accdm_scan_highf_q5001_recovery_10core_v1/fits/accdm_logm17p2857142857143_logfm0p2.json
17.2857142857|-0.2000000000,upper_grid,theory,high_q5001_recovery_10core,/home/2/ks405818/Master/lyalpha_one_loop/runs/accdm/accdm_scan_highf_q5001_recovery_10core_v1/theory/accdm_logm17p2857142857143_logfm0p2.npz,runs/accdm/accdm_scan_highf_q5001_recovery_10core_v1/theory/accdm_logm17p2857142857143_logfm0p2.npz
17.4285714286|-0.2000000000,upper_grid,fit,high_q5001_original,/home/2/ks405818/Master/lyalpha_one_loop/runs/accdm/accdm_scan_highf_q5001_v1/fits/accdm_logm17p4285714285714_logfm0p2.json,runs/accdm/accdm_scan_highf_q5001_v1/fits/accdm_logm17p4285714285714_logfm0p2.json
17.4285714286|-0.2000000000,upper_grid,theory,high_q5001_original,/home/2/ks405818/Master/lyalpha_one_loop/runs/accdm/accdm_scan_highf_q5001_v1/theory/accdm_logm17p4285714285714_logfm0p2.npz,runs/accdm/accdm_scan_highf_q5001_v1/theory/accdm_logm17p4285714285714_logfm0p2.npz
17.5714285714|-0.2000000000,upper_grid,fit,high_q5001_original,/home/2/ks405818/Master/lyalpha_one_loop/runs/accdm/accdm_scan_highf_q5001_v1/fits/accdm_logm17p5714285714286_logfm0p2.json,runs/accdm/accdm_scan_highf_q5001_v1/fits/accdm_logm17p5714285714286_logfm0p2.json
17.5714285714|-0.2000000000,upper_grid,theory,high_q5001_original,/home/2/ks405818/Master/lyalpha_one_loop/runs/accdm/accdm_scan_highf_q5001_v1/theory/accdm_logm17p5714285714286_logfm0p2.npz,runs/accdm/accdm_scan_highf_q5001_v1/theory/accdm_logm17p5714285714286_logfm0p2.npz
17.7142857143|-0.2000000000,upper_grid,fit,high_q5001_original,/home/2/ks405818/Master/lyalpha_one_loop/runs/accdm/accdm_scan_highf_q5001_v1/fits/accdm_logm17p7142857142857_logfm0p2.json,runs/accdm/accdm_scan_highf_q5001_v1/fits/accdm_logm17p7142857142857_logfm0p2.json
17.7142857143|-0.2000000000,upper_grid,theory,high_q5001_original,/home/2/ks405818/Master/lyalpha_one_loop/runs/accdm/accdm_scan_highf_q5001_v1/theory/accdm_logm17p7142857142857_logfm0p2.npz,runs/accdm/accdm_scan_highf_q5001_v1/theory/accdm_logm17p7142857142857_logfm0p2.npz
17.8571428571|-0.2000000000,upper_grid,fit,high_q5001_original,/home/2/ks405818/Master/lyalpha_one_loop/runs/accdm/accdm_scan_highf_q5001_v1/fits/accdm_logm17p8571428571429_logfm0p2.json,runs/accdm/accdm_scan_highf_q5001_v1/fits/accdm_logm17p8571428571429_logfm0p2.json
17.8571428571|-0.2000000000,upper_grid,theory,high_q5001_original,/home/2/ks405818/Master/lyalpha_one_loop/runs/accdm/accdm_scan_highf_q5001_v1/theory/accdm_logm17p8571428571429_logfm0p2.npz,runs/accdm/accdm_scan_highf_q5001_v1/theory/accdm_logm17p8571428571429_logfm0p2.npz
18.0000000000|-0.2000000000,upper_grid,fit,high_q5001_original,/home/2/ks405818/Master/lyalpha_one_loop/runs/accdm/accdm_scan_highf_q5001_v1/fits/accdm_logm18_logfm0p2.json,runs/accdm/accdm_scan_highf_q5001_v1/fits/accdm_logm18_logfm0p2.json
18.0000000000|-0.2000000000,upper_grid,theory,high_q5001_original,/home/2/ks405818/Master/lyalpha_one_loop/runs/accdm/accdm_scan_highf_q5001_v1/theory/accdm_logm18_logfm0p2.npz,runs/accdm/accdm_scan_highf_q5001_v1/theory/accdm_logm18_logfm0p2.npz
19.4285714286|-0.2000000000,upper_grid,fit,loweps_high_q5001,/home/2/ks405818/Master/lyalpha_one_loop/runs/accdm/accdm_scan_loweps_highf_q5001_v1/fits/accdm_logm19p4285714285714_logfm0p2.json,runs/accdm/accdm_scan_loweps_highf_q5001_v1/fits/accdm_logm19p4285714285714_logfm0p2.json
19.4285714286|-0.2000000000,upper_grid,theory,loweps_high_q5001,/home/2/ks405818/Master/lyalpha_one_loop/runs/accdm/accdm_scan_loweps_highf_q5001_v1/theory/accdm_logm19p4285714285714_logfm0p2.npz,runs/accdm/accdm_scan_loweps_highf_q5001_v1/theory/accdm_logm19p4285714285714_logfm0p2.npz
11.1428571429|-0.1000000000,upper_grid,fit,high_q5001_original,/home/2/ks405818/Master/lyalpha_one_loop/runs/accdm/accdm_scan_highf_q5001_v1/fits/accdm_logm11p1428571428571_logfm0p1.json,runs/accdm/accdm_scan_highf_q5001_v1/fits/accdm_logm11p1428571428571_logfm0p1.json
11.1428571429|-0.1000000000,upper_grid,theory,high_q5001_original,/home/2/ks405818/Master/lyalpha_one_loop/runs/accdm/accdm_scan_highf_q5001_v1/theory/accdm_logm11p1428571428571_logfm0p1.npz,runs/accdm/accdm_scan_highf_q5001_v1/theory/accdm_logm11p1428571428571_logfm0p1.npz
11.2857142857|-0.1000000000,upper_grid,fit,high_q5001_original,/home/2/ks405818/Master/lyalpha_one_loop/runs/accdm/accdm_scan_highf_q5001_v1/fits/accdm_logm11p2857142857143_logfm0p1.json,runs/accdm/accdm_scan_highf_q5001_v1/fits/accdm_logm11p2857142857143_logfm0p1.json
11.2857142857|-0.1000000000,upper_grid,theory,high_q5001_original,/home/2/ks405818/Master/lyalpha_one_loop/runs/accdm/accdm_scan_highf_q5001_v1/theory/accdm_logm11p2857142857143_logfm0p1.npz,runs/accdm/accdm_scan_highf_q5001_v1/theory/accdm_logm11p2857142857143_logfm0p1.npz
11.4285714286|-0.1000000000,upper_grid,fit,high_q5001_original,/home/2/ks405818/Master/lyalpha_one_loop/runs/accdm/accdm_scan_highf_q5001_v1/fits/accdm_logm11p4285714285714_logfm0p1.json,runs/accdm/accdm_scan_highf_q5001_v1/fits/accdm_logm11p4285714285714_logfm0p1.json
11.4285714286|-0.1000000000,upper_grid,theory,high_q5001_original,/home/2/ks405818/Master/lyalpha_one_loop/runs/accdm/accdm_scan_highf_q5001_v1/theory/accdm_logm11p4285714285714_logfm0p1.npz,runs/accdm/accdm_scan_highf_q5001_v1/theory/accdm_logm11p4285714285714_logfm0p1.npz
11.5714285714|-0.1000000000,upper_grid,fit,high_q5001_recovery_10core,/home/2/ks405818/Master/lyalpha_one_loop/runs/accdm/accdm_scan_highf_q5001_recovery_10core_v1/fits/accdm_logm11p5714285714286_logfm0p1.json,runs/accdm/accdm_scan_highf_q5001_recovery_10core_v1/fits/accdm_logm11p5714285714286_logfm0p1.json
11.5714285714|-0.1000000000,upper_grid,theory,high_q5001_recovery_10core,/home/2/ks405818/Master/lyalpha_one_loop/runs/accdm/accdm_scan_highf_q5001_recovery_10core_v1/theory/accdm_logm11p5714285714286_logfm0p1.npz,runs/accdm/accdm_scan_highf_q5001_recovery_10core_v1/theory/accdm_logm11p5714285714286_logfm0p1.npz
11.7142857143|-0.1000000000,upper_grid,fit,high_q5001_recovery_10core,/home/2/ks405818/Master/lyalpha_one_loop/runs/accdm/accdm_scan_highf_q5001_recovery_10core_v1/fits/accdm_logm11p7142857142857_logfm0p1.json,runs/accdm/accdm_scan_highf_q5001_recovery_10core_v1/fits/accdm_logm11p7142857142857_logfm0p1.json
11.7142857143|-0.1000000000,upper_grid,theory,high_q5001_recovery_10core,/home/2/ks405818/Master/lyalpha_one_loop/runs/accdm/accdm_scan_highf_q5001_recovery_10core_v1/theory/accdm_logm11p7142857142857_logfm0p1.npz,runs/accdm/accdm_scan_highf_q5001_recovery_10core_v1/theory/accdm_logm11p7142857142857_logfm0p1.npz
11.8571428571|-0.1000000000,upper_grid,fit,high_q5001_recovery_10core,/home/2/ks405818/Master/lyalpha_one_loop/runs/accdm/accdm_scan_highf_q5001_recovery_10core_v1/fits/accdm_logm11p8571428571429_logfm0p1.json,runs/accdm/accdm_scan_highf_q5001_recovery_10core_v1/fits/accdm_logm11p8571428571429_logfm0p1.json
11.8571428571|-0.1000000000,upper_grid,theory,high_q5001_recovery_10core,/home/2/ks405818/Master/lyalpha_one_loop/runs/accdm/accdm_scan_highf_q5001_recovery_10core_v1/theory/accdm_logm11p8571428571429_logfm0p1.npz,runs/accdm/accdm_scan_highf_q5001_recovery_10core_v1/theory/accdm_logm11p8571428571429_logfm0p1.npz
12.0000000000|-0.1000000000,upper_grid,fit,high_q5001_recovery_10core,/home/2/ks405818/Master/lyalpha_one_loop/runs/accdm/accdm_scan_highf_q5001_recovery_10core_v1/fits/accdm_logm12_logfm0p1.json,runs/accdm/accdm_scan_highf_q5001_recovery_10core_v1/fits/accdm_logm12_logfm0p1.json
12.0000000000|-0.1000000000,upper_grid,theory,high_q5001_recovery_10core,/home/2/ks405818/Master/lyalpha_one_loop/runs/accdm/accdm_scan_highf_q5001_recovery_10core_v1/theory/accdm_logm12_logfm0p1.npz,runs/accdm/accdm_scan_highf_q5001_recovery_10core_v1/theory/accdm_logm12_logfm0p1.npz
12.1428571429|-0.1000000000,upper_grid,fit,high_q5001_recovery_10core,/home/2/ks405818/Master/lyalpha_one_loop/runs/accdm/accdm_scan_highf_q5001_recovery_10core_v1/fits/accdm_logm12p1428571428571_logfm0p1.json,runs/accdm/accdm_scan_highf_q5001_recovery_10core_v1/fits/accdm_logm12p1428571428571_logfm0p1.json
12.1428571429|-0.1000000000,upper_grid,theory,high_q5001_recovery_10core,/home/2/ks405818/Master/lyalpha_one_loop/runs/accdm/accdm_scan_highf_q5001_recovery_10core_v1/theory/accdm_logm12p1428571428571_logfm0p1.npz,runs/accdm/accdm_scan_highf_q5001_recovery_10core_v1/theory/accdm_logm12p1428571428571_logfm0p1.npz
12.2857142857|-0.1000000000,upper_grid,fit,high_q5001_recovery_10core,/home/2/ks405818/Master/lyalpha_one_loop/runs/accdm/accdm_scan_highf_q5001_recovery_10core_v1/fits/accdm_logm12p2857142857143_logfm0p1.json,runs/accdm/accdm_scan_highf_q5001_recovery_10core_v1/fits/accdm_logm12p2857142857143_logfm0p1.json
12.2857142857|-0.1000000000,upper_grid,theory,high_q5001_recovery_10core,/home/2/ks405818/Master/lyalpha_one_loop/runs/accdm/accdm_scan_highf_q5001_recovery_10core_v1/theory/accdm_logm12p2857142857143_logfm0p1.npz,runs/accdm/accdm_scan_highf_q5001_recovery_10core_v1/theory/accdm_logm12p2857142857143_logfm0p1.npz
12.4285714286|-0.1000000000,upper_grid,fit,high_q5001_recovery_10core,/home/2/ks405818/Master/lyalpha_one_loop/runs/accdm/accdm_scan_highf_q5001_recovery_10core_v1/fits/accdm_logm12p4285714285714_logfm0p1.json,runs/accdm/accdm_scan_highf_q5001_recovery_10core_v1/fits/accdm_logm12p4285714285714_logfm0p1.json
12.4285714286|-0.1000000000,upper_grid,theory,high_q5001_recovery_10core,/home/2/ks405818/Master/lyalpha_one_loop/runs/accdm/accdm_scan_highf_q5001_recovery_10core_v1/theory/accdm_logm12p4285714285714_logfm0p1.npz,runs/accdm/accdm_scan_highf_q5001_recovery_10core_v1/theory/accdm_logm12p4285714285714_logfm0p1.npz
12.5714285714|-0.1000000000,upper_grid,fit,high_q5001_recovery_10core,/home/2/ks405818/Master/lyalpha_one_loop/runs/accdm/accdm_scan_highf_q5001_recovery_10core_v1/fits/accdm_logm12p5714285714286_logfm0p1.json,runs/accdm/accdm_scan_highf_q5001_recovery_10core_v1/fits/accdm_logm12p5714285714286_logfm0p1.json
12.5714285714|-0.1000000000,upper_grid,theory,high_q5001_recovery_10core,/home/2/ks405818/Master/lyalpha_one_loop/runs/accdm/accdm_scan_highf_q5001_recovery_10core_v1/theory/accdm_logm12p5714285714286_logfm0p1.npz,runs/accdm/accdm_scan_highf_q5001_recovery_10core_v1/theory/accdm_logm12p5714285714286_logfm0p1.npz
12.7142857143|-0.1000000000,upper_grid,fit,high_q5001_recovery_10core,/home/2/ks405818/Master/lyalpha_one_loop/runs/accdm/accdm_scan_highf_q5001_recovery_10core_v1/fits/accdm_logm12p7142857142857_logfm0p1.json,runs/accdm/accdm_scan_highf_q5001_recovery_10core_v1/fits/accdm_logm12p7142857142857_logfm0p1.json
12.7142857143|-0.1000000000,upper_grid,theory,high_q5001_recovery_10core,/home/2/ks405818/Master/lyalpha_one_loop/runs/accdm/accdm_scan_highf_q5001_recovery_10core_v1/theory/accdm_logm12p7142857142857_logfm0p1.npz,runs/accdm/accdm_scan_highf_q5001_recovery_10core_v1/theory/accdm_logm12p7142857142857_logfm0p1.npz
12.8571428571|-0.1000000000,upper_grid,fit,high_q5001_recovery_10core,/home/2/ks405818/Master/lyalpha_one_loop/runs/accdm/accdm_scan_highf_q5001_recovery_10core_v1/fits/accdm_logm12p8571428571429_logfm0p1.json,runs/accdm/accdm_scan_highf_q5001_recovery_10core_v1/fits/accdm_logm12p8571428571429_logfm0p1.json
12.8571428571|-0.1000000000,upper_grid,theory,high_q5001_recovery_10core,/home/2/ks405818/Master/lyalpha_one_loop/runs/accdm/accdm_scan_highf_q5001_recovery_10core_v1/theory/accdm_logm12p8571428571429_logfm0p1.npz,runs/accdm/accdm_scan_highf_q5001_recovery_10core_v1/theory/accdm_logm12p8571428571429_logfm0p1.npz
13.0000000000|-0.1000000000,upper_grid,fit,high_q5001_recovery_10core,/home/2/ks405818/Master/lyalpha_one_loop/runs/accdm/accdm_scan_highf_q5001_recovery_10core_v1/fits/accdm_logm13_logfm0p1.json,runs/accdm/accdm_scan_highf_q5001_recovery_10core_v1/fits/accdm_logm13_logfm0p1.json
13.0000000000|-0.1000000000,upper_grid,theory,high_q5001_recovery_10core,/home/2/ks405818/Master/lyalpha_one_loop/runs/accdm/accdm_scan_highf_q5001_recovery_10core_v1/theory/accdm_logm13_logfm0p1.npz,runs/accdm/accdm_scan_highf_q5001_recovery_10core_v1/theory/accdm_logm13_logfm0p1.npz
13.1428571429|-0.1000000000,upper_grid,fit,high_q5001_recovery_10core,/home/2/ks405818/Master/lyalpha_one_loop/runs/accdm/accdm_scan_highf_q5001_recovery_10core_v1/fits/accdm_logm13p1428571428571_logfm0p1.json,runs/accdm/accdm_scan_highf_q5001_recovery_10core_v1/fits/accdm_logm13p1428571428571_logfm0p1.json
13.1428571429|-0.1000000000,upper_grid,theory,high_q5001_recovery_10core,/home/2/ks405818/Master/lyalpha_one_loop/runs/accdm/accdm_scan_highf_q5001_recovery_10core_v1/theory/accdm_logm13p1428571428571_logfm0p1.npz,runs/accdm/accdm_scan_highf_q5001_recovery_10core_v1/theory/accdm_logm13p1428571428571_logfm0p1.npz
13.2857142857|-0.1000000000,upper_grid,fit,high_q5001_recovery_10core,/home/2/ks405818/Master/lyalpha_one_loop/runs/accdm/accdm_scan_highf_q5001_recovery_10core_v1/fits/accdm_logm13p2857142857143_logfm0p1.json,runs/accdm/accdm_scan_highf_q5001_recovery_10core_v1/fits/accdm_logm13p2857142857143_logfm0p1.json
13.2857142857|-0.1000000000,upper_grid,theory,high_q5001_recovery_10core,/home/2/ks405818/Master/lyalpha_one_loop/runs/accdm/accdm_scan_highf_q5001_recovery_10core_v1/theory/accdm_logm13p2857142857143_logfm0p1.npz,runs/accdm/accdm_scan_highf_q5001_recovery_10core_v1/theory/accdm_logm13p2857142857143_logfm0p1.npz
13.4285714286|-0.1000000000,upper_grid,fit,high_q5001_recovery_10core,/home/2/ks405818/Master/lyalpha_one_loop/runs/accdm/accdm_scan_highf_q5001_recovery_10core_v1/fits/accdm_logm13p4285714285714_logfm0p1.json,runs/accdm/accdm_scan_highf_q5001_recovery_10core_v1/fits/accdm_logm13p4285714285714_logfm0p1.json
13.4285714286|-0.1000000000,upper_grid,theory,high_q5001_recovery_10core,/home/2/ks405818/Master/lyalpha_one_loop/runs/accdm/accdm_scan_highf_q5001_recovery_10core_v1/theory/accdm_logm13p4285714285714_logfm0p1.npz,runs/accdm/accdm_scan_highf_q5001_recovery_10core_v1/theory/accdm_logm13p4285714285714_logfm0p1.npz
13.5714285714|-0.1000000000,upper_grid,fit,high_q5001_recovery_10core,/home/2/ks405818/Master/lyalpha_one_loop/runs/accdm/accdm_scan_highf_q5001_recovery_10core_v1/fits/accdm_logm13p5714285714286_logfm0p1.json,runs/accdm/accdm_scan_highf_q5001_recovery_10core_v1/fits/accdm_logm13p5714285714286_logfm0p1.json
13.5714285714|-0.1000000000,upper_grid,theory,high_q5001_recovery_10core,/home/2/ks405818/Master/lyalpha_one_loop/runs/accdm/accdm_scan_highf_q5001_recovery_10core_v1/theory/accdm_logm13p5714285714286_logfm0p1.npz,runs/accdm/accdm_scan_highf_q5001_recovery_10core_v1/theory/accdm_logm13p5714285714286_logfm0p1.npz
13.7142857143|-0.1000000000,upper_grid,fit,high_q5001_recovery_10core,/home/2/ks405818/Master/lyalpha_one_loop/runs/accdm/accdm_scan_highf_q5001_recovery_10core_v1/fits/accdm_logm13p7142857142857_logfm0p1.json,runs/accdm/accdm_scan_highf_q5001_recovery_10core_v1/fits/accdm_logm13p7142857142857_logfm0p1.json
13.7142857143|-0.1000000000,upper_grid,theory,high_q5001_recovery_10core,/home/2/ks405818/Master/lyalpha_one_loop/runs/accdm/accdm_scan_highf_q5001_recovery_10core_v1/theory/accdm_logm13p7142857142857_logfm0p1.npz,runs/accdm/accdm_scan_highf_q5001_recovery_10core_v1/theory/accdm_logm13p7142857142857_logfm0p1.npz
13.8571428571|-0.1000000000,upper_grid,fit,high_q5001_recovery_10core,/home/2/ks405818/Master/lyalpha_one_loop/runs/accdm/accdm_scan_highf_q5001_recovery_10core_v1/fits/accdm_logm13p8571428571429_logfm0p1.json,runs/accdm/accdm_scan_highf_q5001_recovery_10core_v1/fits/accdm_logm13p8571428571429_logfm0p1.json
13.8571428571|-0.1000000000,upper_grid,theory,high_q5001_recovery_10core,/home/2/ks405818/Master/lyalpha_one_loop/runs/accdm/accdm_scan_highf_q5001_recovery_10core_v1/theory/accdm_logm13p8571428571429_logfm0p1.npz,runs/accdm/accdm_scan_highf_q5001_recovery_10core_v1/theory/accdm_logm13p8571428571429_logfm0p1.npz
14.0000000000|-0.1000000000,upper_grid,fit,high_q5001_recovery_10core,/home/2/ks405818/Master/lyalpha_one_loop/runs/accdm/accdm_scan_highf_q5001_recovery_10core_v1/fits/accdm_logm14_logfm0p1.json,runs/accdm/accdm_scan_highf_q5001_recovery_10core_v1/fits/accdm_logm14_logfm0p1.json
14.0000000000|-0.1000000000,upper_grid,theory,high_q5001_recovery_10core,/home/2/ks405818/Master/lyalpha_one_loop/runs/accdm/accdm_scan_highf_q5001_recovery_10core_v1/theory/accdm_logm14_logfm0p1.npz,runs/accdm/accdm_scan_highf_q5001_recovery_10core_v1/theory/accdm_logm14_logfm0p1.npz
14.1428571429|-0.1000000000,upper_grid,fit,high_q5001_recovery_10core,/home/2/ks405818/Master/lyalpha_one_loop/runs/accdm/accdm_scan_highf_q5001_recovery_10core_v1/fits/accdm_logm14p1428571428571_logfm0p1.json,runs/accdm/accdm_scan_highf_q5001_recovery_10core_v1/fits/accdm_logm14p1428571428571_logfm0p1.json
14.1428571429|-0.1000000000,upper_grid,theory,high_q5001_recovery_10core,/home/2/ks405818/Master/lyalpha_one_loop/runs/accdm/accdm_scan_highf_q5001_recovery_10core_v1/theory/accdm_logm14p1428571428571_logfm0p1.npz,runs/accdm/accdm_scan_highf_q5001_recovery_10core_v1/theory/accdm_logm14p1428571428571_logfm0p1.npz
14.2857142857|-0.1000000000,upper_grid,fit,high_q5001_recovery_10core,/home/2/ks405818/Master/lyalpha_one_loop/runs/accdm/accdm_scan_highf_q5001_recovery_10core_v1/fits/accdm_logm14p2857142857143_logfm0p1.json,runs/accdm/accdm_scan_highf_q5001_recovery_10core_v1/fits/accdm_logm14p2857142857143_logfm0p1.json
14.2857142857|-0.1000000000,upper_grid,theory,high_q5001_recovery_10core,/home/2/ks405818/Master/lyalpha_one_loop/runs/accdm/accdm_scan_highf_q5001_recovery_10core_v1/theory/accdm_logm14p2857142857143_logfm0p1.npz,runs/accdm/accdm_scan_highf_q5001_recovery_10core_v1/theory/accdm_logm14p2857142857143_logfm0p1.npz
14.4285714286|-0.1000000000,upper_grid,fit,high_q5001_recovery_10core,/home/2/ks405818/Master/lyalpha_one_loop/runs/accdm/accdm_scan_highf_q5001_recovery_10core_v1/fits/accdm_logm14p4285714285714_logfm0p1.json,runs/accdm/accdm_scan_highf_q5001_recovery_10core_v1/fits/accdm_logm14p4285714285714_logfm0p1.json
14.4285714286|-0.1000000000,upper_grid,theory,high_q5001_recovery_10core,/home/2/ks405818/Master/lyalpha_one_loop/runs/accdm/accdm_scan_highf_q5001_recovery_10core_v1/theory/accdm_logm14p4285714285714_logfm0p1.npz,runs/accdm/accdm_scan_highf_q5001_recovery_10core_v1/theory/accdm_logm14p4285714285714_logfm0p1.npz
14.7142857143|-0.1000000000,upper_grid,fit,high_q5001_recovery_10core,/home/2/ks405818/Master/lyalpha_one_loop/runs/accdm/accdm_scan_highf_q5001_recovery_10core_v1/fits/accdm_logm14p7142857142857_logfm0p1.json,runs/accdm/accdm_scan_highf_q5001_recovery_10core_v1/fits/accdm_logm14p7142857142857_logfm0p1.json
14.7142857143|-0.1000000000,upper_grid,theory,high_q5001_recovery_10core,/home/2/ks405818/Master/lyalpha_one_loop/runs/accdm/accdm_scan_highf_q5001_recovery_10core_v1/theory/accdm_logm14p7142857142857_logfm0p1.npz,runs/accdm/accdm_scan_highf_q5001_recovery_10core_v1/theory/accdm_logm14p7142857142857_logfm0p1.npz
14.8571428571|-0.1000000000,upper_grid,fit,high_q5001_recovery_10core,/home/2/ks405818/Master/lyalpha_one_loop/runs/accdm/accdm_scan_highf_q5001_recovery_10core_v1/fits/accdm_logm14p8571428571429_logfm0p1.json,runs/accdm/accdm_scan_highf_q5001_recovery_10core_v1/fits/accdm_logm14p8571428571429_logfm0p1.json
14.8571428571|-0.1000000000,upper_grid,theory,high_q5001_recovery_10core,/home/2/ks405818/Master/lyalpha_one_loop/runs/accdm/accdm_scan_highf_q5001_recovery_10core_v1/theory/accdm_logm14p8571428571429_logfm0p1.npz,runs/accdm/accdm_scan_highf_q5001_recovery_10core_v1/theory/accdm_logm14p8571428571429_logfm0p1.npz
15.0000000000|-0.1000000000,upper_grid,fit,high_q5001_recovery_10core,/home/2/ks405818/Master/lyalpha_one_loop/runs/accdm/accdm_scan_highf_q5001_recovery_10core_v1/fits/accdm_logm15_logfm0p1.json,runs/accdm/accdm_scan_highf_q5001_recovery_10core_v1/fits/accdm_logm15_logfm0p1.json
15.0000000000|-0.1000000000,upper_grid,theory,high_q5001_recovery_10core,/home/2/ks405818/Master/lyalpha_one_loop/runs/accdm/accdm_scan_highf_q5001_recovery_10core_v1/theory/accdm_logm15_logfm0p1.npz,runs/accdm/accdm_scan_highf_q5001_recovery_10core_v1/theory/accdm_logm15_logfm0p1.npz
15.1428571429|-0.1000000000,upper_grid,fit,high_q5001_recovery_10core,/home/2/ks405818/Master/lyalpha_one_loop/runs/accdm/accdm_scan_highf_q5001_recovery_10core_v1/fits/accdm_logm15p1428571428571_logfm0p1.json,runs/accdm/accdm_scan_highf_q5001_recovery_10core_v1/fits/accdm_logm15p1428571428571_logfm0p1.json
15.1428571429|-0.1000000000,upper_grid,theory,high_q5001_recovery_10core,/home/2/ks405818/Master/lyalpha_one_loop/runs/accdm/accdm_scan_highf_q5001_recovery_10core_v1/theory/accdm_logm15p1428571428571_logfm0p1.npz,runs/accdm/accdm_scan_highf_q5001_recovery_10core_v1/theory/accdm_logm15p1428571428571_logfm0p1.npz
15.2857142857|-0.1000000000,upper_grid,fit,high_q5001_recovery_10core,/home/2/ks405818/Master/lyalpha_one_loop/runs/accdm/accdm_scan_highf_q5001_recovery_10core_v1/fits/accdm_logm15p2857142857143_logfm0p1.json,runs/accdm/accdm_scan_highf_q5001_recovery_10core_v1/fits/accdm_logm15p2857142857143_logfm0p1.json
15.2857142857|-0.1000000000,upper_grid,theory,high_q5001_recovery_10core,/home/2/ks405818/Master/lyalpha_one_loop/runs/accdm/accdm_scan_highf_q5001_recovery_10core_v1/theory/accdm_logm15p2857142857143_logfm0p1.npz,runs/accdm/accdm_scan_highf_q5001_recovery_10core_v1/theory/accdm_logm15p2857142857143_logfm0p1.npz
15.4285714286|-0.1000000000,upper_grid,fit,high_q5001_recovery_10core,/home/2/ks405818/Master/lyalpha_one_loop/runs/accdm/accdm_scan_highf_q5001_recovery_10core_v1/fits/accdm_logm15p4285714285714_logfm0p1.json,runs/accdm/accdm_scan_highf_q5001_recovery_10core_v1/fits/accdm_logm15p4285714285714_logfm0p1.json
15.4285714286|-0.1000000000,upper_grid,theory,high_q5001_recovery_10core,/home/2/ks405818/Master/lyalpha_one_loop/runs/accdm/accdm_scan_highf_q5001_recovery_10core_v1/theory/accdm_logm15p4285714285714_logfm0p1.npz,runs/accdm/accdm_scan_highf_q5001_recovery_10core_v1/theory/accdm_logm15p4285714285714_logfm0p1.npz
15.5714285714|-0.1000000000,upper_grid,fit,high_q5001_recovery_10core,/home/2/ks405818/Master/lyalpha_one_loop/runs/accdm/accdm_scan_highf_q5001_recovery_10core_v1/fits/accdm_logm15p5714285714286_logfm0p1.json,runs/accdm/accdm_scan_highf_q5001_recovery_10core_v1/fits/accdm_logm15p5714285714286_logfm0p1.json
15.5714285714|-0.1000000000,upper_grid,theory,high_q5001_recovery_10core,/home/2/ks405818/Master/lyalpha_one_loop/runs/accdm/accdm_scan_highf_q5001_recovery_10core_v1/theory/accdm_logm15p5714285714286_logfm0p1.npz,runs/accdm/accdm_scan_highf_q5001_recovery_10core_v1/theory/accdm_logm15p5714285714286_logfm0p1.npz
15.7142857143|-0.1000000000,upper_grid,fit,high_q5001_recovery_10core,/home/2/ks405818/Master/lyalpha_one_loop/runs/accdm/accdm_scan_highf_q5001_recovery_10core_v1/fits/accdm_logm15p7142857142857_logfm0p1.json,runs/accdm/accdm_scan_highf_q5001_recovery_10core_v1/fits/accdm_logm15p7142857142857_logfm0p1.json
15.7142857143|-0.1000000000,upper_grid,theory,high_q5001_recovery_10core,/home/2/ks405818/Master/lyalpha_one_loop/runs/accdm/accdm_scan_highf_q5001_recovery_10core_v1/theory/accdm_logm15p7142857142857_logfm0p1.npz,runs/accdm/accdm_scan_highf_q5001_recovery_10core_v1/theory/accdm_logm15p7142857142857_logfm0p1.npz
15.8571428571|-0.1000000000,upper_grid,fit,high_q5001_recovery_10core,/home/2/ks405818/Master/lyalpha_one_loop/runs/accdm/accdm_scan_highf_q5001_recovery_10core_v1/fits/accdm_logm15p8571428571429_logfm0p1.json,runs/accdm/accdm_scan_highf_q5001_recovery_10core_v1/fits/accdm_logm15p8571428571429_logfm0p1.json
15.8571428571|-0.1000000000,upper_grid,theory,high_q5001_recovery_10core,/home/2/ks405818/Master/lyalpha_one_loop/runs/accdm/accdm_scan_highf_q5001_recovery_10core_v1/theory/accdm_logm15p8571428571429_logfm0p1.npz,runs/accdm/accdm_scan_highf_q5001_recovery_10core_v1/theory/accdm_logm15p8571428571429_logfm0p1.npz
16.0000000000|-0.1000000000,upper_grid,fit,high_q5001_recovery_10core,/home/2/ks405818/Master/lyalpha_one_loop/runs/accdm/accdm_scan_highf_q5001_recovery_10core_v1/fits/accdm_logm16_logfm0p1.json,runs/accdm/accdm_scan_highf_q5001_recovery_10core_v1/fits/accdm_logm16_logfm0p1.json
16.0000000000|-0.1000000000,upper_grid,theory,high_q5001_recovery_10core,/home/2/ks405818/Master/lyalpha_one_loop/runs/accdm/accdm_scan_highf_q5001_recovery_10core_v1/theory/accdm_logm16_logfm0p1.npz,runs/accdm/accdm_scan_highf_q5001_recovery_10core_v1/theory/accdm_logm16_logfm0p1.npz
16.4285714286|-0.1000000000,upper_grid,fit,high_q5001_recovery_10core,/home/2/ks405818/Master/lyalpha_one_loop/runs/accdm/accdm_scan_highf_q5001_recovery_10core_v1/fits/accdm_logm16p4285714285714_logfm0p1.json,runs/accdm/accdm_scan_highf_q5001_recovery_10core_v1/fits/accdm_logm16p4285714285714_logfm0p1.json
16.4285714286|-0.1000000000,upper_grid,theory,high_q5001_recovery_10core,/home/2/ks405818/Master/lyalpha_one_loop/runs/accdm/accdm_scan_highf_q5001_recovery_10core_v1/theory/accdm_logm16p4285714285714_logfm0p1.npz,runs/accdm/accdm_scan_highf_q5001_recovery_10core_v1/theory/accdm_logm16p4285714285714_logfm0p1.npz
17.0000000000|-0.1000000000,upper_grid,fit,high_q5001_recovery_10core,/home/2/ks405818/Master/lyalpha_one_loop/runs/accdm/accdm_scan_highf_q5001_recovery_10core_v1/fits/accdm_logm17_logfm0p1.json,runs/accdm/accdm_scan_highf_q5001_recovery_10core_v1/fits/accdm_logm17_logfm0p1.json
17.0000000000|-0.1000000000,upper_grid,theory,high_q5001_recovery_10core,/home/2/ks405818/Master/lyalpha_one_loop/runs/accdm/accdm_scan_highf_q5001_recovery_10core_v1/theory/accdm_logm17_logfm0p1.npz,runs/accdm/accdm_scan_highf_q5001_recovery_10core_v1/theory/accdm_logm17_logfm0p1.npz
17.1428571429|-0.1000000000,upper_grid,fit,high_q5001_recovery_10core,/home/2/ks405818/Master/lyalpha_one_loop/runs/accdm/accdm_scan_highf_q5001_recovery_10core_v1/fits/accdm_logm17p1428571428571_logfm0p1.json,runs/accdm/accdm_scan_highf_q5001_recovery_10core_v1/fits/accdm_logm17p1428571428571_logfm0p1.json
17.1428571429|-0.1000000000,upper_grid,theory,high_q5001_recovery_10core,/home/2/ks405818/Master/lyalpha_one_loop/runs/accdm/accdm_scan_highf_q5001_recovery_10core_v1/theory/accdm_logm17p1428571428571_logfm0p1.npz,runs/accdm/accdm_scan_highf_q5001_recovery_10core_v1/theory/accdm_logm17p1428571428571_logfm0p1.npz
17.4285714286|-0.1000000000,upper_grid,fit,high_q5001_original,/home/2/ks405818/Master/lyalpha_one_loop/runs/accdm/accdm_scan_highf_q5001_v1/fits/accdm_logm17p4285714285714_logfm0p1.json,runs/accdm/accdm_scan_highf_q5001_v1/fits/accdm_logm17p4285714285714_logfm0p1.json
17.4285714286|-0.1000000000,upper_grid,theory,high_q5001_original,/home/2/ks405818/Master/lyalpha_one_loop/runs/accdm/accdm_scan_highf_q5001_v1/theory/accdm_logm17p4285714285714_logfm0p1.npz,runs/accdm/accdm_scan_highf_q5001_v1/theory/accdm_logm17p4285714285714_logfm0p1.npz
17.5714285714|-0.1000000000,upper_grid,fit,high_q5001_original,/home/2/ks405818/Master/lyalpha_one_loop/runs/accdm/accdm_scan_highf_q5001_v1/fits/accdm_logm17p5714285714286_logfm0p1.json,runs/accdm/accdm_scan_highf_q5001_v1/fits/accdm_logm17p5714285714286_logfm0p1.json
17.5714285714|-0.1000000000,upper_grid,theory,high_q5001_original,/home/2/ks405818/Master/lyalpha_one_loop/runs/accdm/accdm_scan_highf_q5001_v1/theory/accdm_logm17p5714285714286_logfm0p1.npz,runs/accdm/accdm_scan_highf_q5001_v1/theory/accdm_logm17p5714285714286_logfm0p1.npz
17.7142857143|-0.1000000000,upper_grid,fit,high_q5001_original,/home/2/ks405818/Master/lyalpha_one_loop/runs/accdm/accdm_scan_highf_q5001_v1/fits/accdm_logm17p7142857142857_logfm0p1.json,runs/accdm/accdm_scan_highf_q5001_v1/fits/accdm_logm17p7142857142857_logfm0p1.json
17.7142857143|-0.1000000000,upper_grid,theory,high_q5001_original,/home/2/ks405818/Master/lyalpha_one_loop/runs/accdm/accdm_scan_highf_q5001_v1/theory/accdm_logm17p7142857142857_logfm0p1.npz,runs/accdm/accdm_scan_highf_q5001_v1/theory/accdm_logm17p7142857142857_logfm0p1.npz
17.8571428571|-0.1000000000,upper_grid,fit,high_q5001_original,/home/2/ks405818/Master/lyalpha_one_loop/runs/accdm/accdm_scan_highf_q5001_v1/fits/accdm_logm17p8571428571429_logfm0p1.json,runs/accdm/accdm_scan_highf_q5001_v1/fits/accdm_logm17p8571428571429_logfm0p1.json
17.8571428571|-0.1000000000,upper_grid,theory,high_q5001_original,/home/2/ks405818/Master/lyalpha_one_loop/runs/accdm/accdm_scan_highf_q5001_v1/theory/accdm_logm17p8571428571429_logfm0p1.npz,runs/accdm/accdm_scan_highf_q5001_v1/theory/accdm_logm17p8571428571429_logfm0p1.npz
18.0000000000|-0.1000000000,upper_grid,fit,high_q5001_original,/home/2/ks405818/Master/lyalpha_one_loop/runs/accdm/accdm_scan_highf_q5001_v1/fits/accdm_logm18_logfm0p1.json,runs/accdm/accdm_scan_highf_q5001_v1/fits/accdm_logm18_logfm0p1.json
18.0000000000|-0.1000000000,upper_grid,theory,high_q5001_original,/home/2/ks405818/Master/lyalpha_one_loop/runs/accdm/accdm_scan_highf_q5001_v1/theory/accdm_logm18_logfm0p1.npz,runs/accdm/accdm_scan_highf_q5001_v1/theory/accdm_logm18_logfm0p1.npz
19.4285714286|-0.1000000000,upper_grid,fit,loweps_high_q5001,/home/2/ks405818/Master/lyalpha_one_loop/runs/accdm/accdm_scan_loweps_highf_q5001_v1/fits/accdm_logm19p4285714285714_logfm0p1.json,runs/accdm/accdm_scan_loweps_highf_q5001_v1/fits/accdm_logm19p4285714285714_logfm0p1.json
19.4285714286|-0.1000000000,upper_grid,theory,loweps_high_q5001,/home/2/ks405818/Master/lyalpha_one_loop/runs/accdm/accdm_scan_loweps_highf_q5001_v1/theory/accdm_logm19p4285714285714_logfm0p1.npz,runs/accdm/accdm_scan_loweps_highf_q5001_v1/theory/accdm_logm19p4285714285714_logfm0p1.npz
11.0000000000|0.0000000000,upper_grid,fit,high_q5001_original,/home/2/ks405818/Master/lyalpha_one_loop/runs/accdm/accdm_scan_highf_q5001_v1/fits/accdm_logm11_logf0.json,runs/accdm/accdm_scan_highf_q5001_v1/fits/accdm_logm11_logf0.json
11.0000000000|0.0000000000,upper_grid,theory,high_q5001_original,/home/2/ks405818/Master/lyalpha_one_loop/runs/accdm/accdm_scan_highf_q5001_v1/theory/accdm_logm11_logf0.npz,runs/accdm/accdm_scan_highf_q5001_v1/theory/accdm_logm11_logf0.npz
11.1428571429|0.0000000000,upper_grid,fit,high_q5001_original,/home/2/ks405818/Master/lyalpha_one_loop/runs/accdm/accdm_scan_highf_q5001_v1/fits/accdm_logm11p1428571428571_logf0.json,runs/accdm/accdm_scan_highf_q5001_v1/fits/accdm_logm11p1428571428571_logf0.json
11.1428571429|0.0000000000,upper_grid,theory,high_q5001_original,/home/2/ks405818/Master/lyalpha_one_loop/runs/accdm/accdm_scan_highf_q5001_v1/theory/accdm_logm11p1428571428571_logf0.npz,runs/accdm/accdm_scan_highf_q5001_v1/theory/accdm_logm11p1428571428571_logf0.npz
11.2857142857|0.0000000000,upper_grid,fit,high_q5001_original,/home/2/ks405818/Master/lyalpha_one_loop/runs/accdm/accdm_scan_highf_q5001_v1/fits/accdm_logm11p2857142857143_logf0.json,runs/accdm/accdm_scan_highf_q5001_v1/fits/accdm_logm11p2857142857143_logf0.json
11.2857142857|0.0000000000,upper_grid,theory,high_q5001_original,/home/2/ks405818/Master/lyalpha_one_loop/runs/accdm/accdm_scan_highf_q5001_v1/theory/accdm_logm11p2857142857143_logf0.npz,runs/accdm/accdm_scan_highf_q5001_v1/theory/accdm_logm11p2857142857143_logf0.npz
11.4285714286|0.0000000000,upper_grid,fit,high_q5001_original,/home/2/ks405818/Master/lyalpha_one_loop/runs/accdm/accdm_scan_highf_q5001_v1/fits/accdm_logm11p4285714285714_logf0.json,runs/accdm/accdm_scan_highf_q5001_v1/fits/accdm_logm11p4285714285714_logf0.json
11.4285714286|0.0000000000,upper_grid,theory,high_q5001_original,/home/2/ks405818/Master/lyalpha_one_loop/runs/accdm/accdm_scan_highf_q5001_v1/theory/accdm_logm11p4285714285714_logf0.npz,runs/accdm/accdm_scan_highf_q5001_v1/theory/accdm_logm11p4285714285714_logf0.npz
11.5714285714|0.0000000000,upper_grid,fit,high_q5001_recovery_10core,/home/2/ks405818/Master/lyalpha_one_loop/runs/accdm/accdm_scan_highf_q5001_recovery_10core_v1/fits/accdm_logm11p5714285714286_logf0.json,runs/accdm/accdm_scan_highf_q5001_recovery_10core_v1/fits/accdm_logm11p5714285714286_logf0.json
11.5714285714|0.0000000000,upper_grid,theory,high_q5001_recovery_10core,/home/2/ks405818/Master/lyalpha_one_loop/runs/accdm/accdm_scan_highf_q5001_recovery_10core_v1/theory/accdm_logm11p5714285714286_logf0.npz,runs/accdm/accdm_scan_highf_q5001_recovery_10core_v1/theory/accdm_logm11p5714285714286_logf0.npz
11.8571428571|0.0000000000,upper_grid,fit,high_q5001_recovery_10core,/home/2/ks405818/Master/lyalpha_one_loop/runs/accdm/accdm_scan_highf_q5001_recovery_10core_v1/fits/accdm_logm11p8571428571429_logf0.json,runs/accdm/accdm_scan_highf_q5001_recovery_10core_v1/fits/accdm_logm11p8571428571429_logf0.json
11.8571428571|0.0000000000,upper_grid,theory,high_q5001_recovery_10core,/home/2/ks405818/Master/lyalpha_one_loop/runs/accdm/accdm_scan_highf_q5001_recovery_10core_v1/theory/accdm_logm11p8571428571429_logf0.npz,runs/accdm/accdm_scan_highf_q5001_recovery_10core_v1/theory/accdm_logm11p8571428571429_logf0.npz
12.0000000000|0.0000000000,upper_grid,fit,high_q5001_recovery_10core,/home/2/ks405818/Master/lyalpha_one_loop/runs/accdm/accdm_scan_highf_q5001_recovery_10core_v1/fits/accdm_logm12_logf0.json,runs/accdm/accdm_scan_highf_q5001_recovery_10core_v1/fits/accdm_logm12_logf0.json
12.0000000000|0.0000000000,upper_grid,theory,high_q5001_recovery_10core,/home/2/ks405818/Master/lyalpha_one_loop/runs/accdm/accdm_scan_highf_q5001_recovery_10core_v1/theory/accdm_logm12_logf0.npz,runs/accdm/accdm_scan_highf_q5001_recovery_10core_v1/theory/accdm_logm12_logf0.npz
12.1428571429|0.0000000000,upper_grid,fit,high_q5001_recovery_10core,/home/2/ks405818/Master/lyalpha_one_loop/runs/accdm/accdm_scan_highf_q5001_recovery_10core_v1/fits/accdm_logm12p1428571428571_logf0.json,runs/accdm/accdm_scan_highf_q5001_recovery_10core_v1/fits/accdm_logm12p1428571428571_logf0.json
12.1428571429|0.0000000000,upper_grid,theory,high_q5001_recovery_10core,/home/2/ks405818/Master/lyalpha_one_loop/runs/accdm/accdm_scan_highf_q5001_recovery_10core_v1/theory/accdm_logm12p1428571428571_logf0.npz,runs/accdm/accdm_scan_highf_q5001_recovery_10core_v1/theory/accdm_logm12p1428571428571_logf0.npz
12.2857142857|0.0000000000,upper_grid,fit,high_q5001_recovery_10core,/home/2/ks405818/Master/lyalpha_one_loop/runs/accdm/accdm_scan_highf_q5001_recovery_10core_v1/fits/accdm_logm12p2857142857143_logf0.json,runs/accdm/accdm_scan_highf_q5001_recovery_10core_v1/fits/accdm_logm12p2857142857143_logf0.json
12.2857142857|0.0000000000,upper_grid,theory,high_q5001_recovery_10core,/home/2/ks405818/Master/lyalpha_one_loop/runs/accdm/accdm_scan_highf_q5001_recovery_10core_v1/theory/accdm_logm12p2857142857143_logf0.npz,runs/accdm/accdm_scan_highf_q5001_recovery_10core_v1/theory/accdm_logm12p2857142857143_logf0.npz
12.4285714286|0.0000000000,upper_grid,fit,high_q5001_recovery_10core,/home/2/ks405818/Master/lyalpha_one_loop/runs/accdm/accdm_scan_highf_q5001_recovery_10core_v1/fits/accdm_logm12p4285714285714_logf0.json,runs/accdm/accdm_scan_highf_q5001_recovery_10core_v1/fits/accdm_logm12p4285714285714_logf0.json
12.4285714286|0.0000000000,upper_grid,theory,high_q5001_recovery_10core,/home/2/ks405818/Master/lyalpha_one_loop/runs/accdm/accdm_scan_highf_q5001_recovery_10core_v1/theory/accdm_logm12p4285714285714_logf0.npz,runs/accdm/accdm_scan_highf_q5001_recovery_10core_v1/theory/accdm_logm12p4285714285714_logf0.npz
12.5714285714|0.0000000000,upper_grid,fit,high_q5001_recovery_10core,/home/2/ks405818/Master/lyalpha_one_loop/runs/accdm/accdm_scan_highf_q5001_recovery_10core_v1/fits/accdm_logm12p5714285714286_logf0.json,runs/accdm/accdm_scan_highf_q5001_recovery_10core_v1/fits/accdm_logm12p5714285714286_logf0.json
12.5714285714|0.0000000000,upper_grid,theory,high_q5001_recovery_10core,/home/2/ks405818/Master/lyalpha_one_loop/runs/accdm/accdm_scan_highf_q5001_recovery_10core_v1/theory/accdm_logm12p5714285714286_logf0.npz,runs/accdm/accdm_scan_highf_q5001_recovery_10core_v1/theory/accdm_logm12p5714285714286_logf0.npz
12.8571428571|0.0000000000,upper_grid,fit,high_q5001_recovery_10core,/home/2/ks405818/Master/lyalpha_one_loop/runs/accdm/accdm_scan_highf_q5001_recovery_10core_v1/fits/accdm_logm12p8571428571429_logf0.json,runs/accdm/accdm_scan_highf_q5001_recovery_10core_v1/fits/accdm_logm12p8571428571429_logf0.json
12.8571428571|0.0000000000,upper_grid,theory,high_q5001_recovery_10core,/home/2/ks405818/Master/lyalpha_one_loop/runs/accdm/accdm_scan_highf_q5001_recovery_10core_v1/theory/accdm_logm12p8571428571429_logf0.npz,runs/accdm/accdm_scan_highf_q5001_recovery_10core_v1/theory/accdm_logm12p8571428571429_logf0.npz
13.0000000000|0.0000000000,upper_grid,fit,high_q5001_recovery_10core,/home/2/ks405818/Master/lyalpha_one_loop/runs/accdm/accdm_scan_highf_q5001_recovery_10core_v1/fits/accdm_logm13_logf0.json,runs/accdm/accdm_scan_highf_q5001_recovery_10core_v1/fits/accdm_logm13_logf0.json
13.0000000000|0.0000000000,upper_grid,theory,high_q5001_recovery_10core,/home/2/ks405818/Master/lyalpha_one_loop/runs/accdm/accdm_scan_highf_q5001_recovery_10core_v1/theory/accdm_logm13_logf0.npz,runs/accdm/accdm_scan_highf_q5001_recovery_10core_v1/theory/accdm_logm13_logf0.npz
13.1428571429|0.0000000000,upper_grid,fit,high_q5001_recovery_10core,/home/2/ks405818/Master/lyalpha_one_loop/runs/accdm/accdm_scan_highf_q5001_recovery_10core_v1/fits/accdm_logm13p1428571428571_logf0.json,runs/accdm/accdm_scan_highf_q5001_recovery_10core_v1/fits/accdm_logm13p1428571428571_logf0.json
13.1428571429|0.0000000000,upper_grid,theory,high_q5001_recovery_10core,/home/2/ks405818/Master/lyalpha_one_loop/runs/accdm/accdm_scan_highf_q5001_recovery_10core_v1/theory/accdm_logm13p1428571428571_logf0.npz,runs/accdm/accdm_scan_highf_q5001_recovery_10core_v1/theory/accdm_logm13p1428571428571_logf0.npz
13.2857142857|0.0000000000,upper_grid,fit,high_q5001_recovery_10core,/home/2/ks405818/Master/lyalpha_one_loop/runs/accdm/accdm_scan_highf_q5001_recovery_10core_v1/fits/accdm_logm13p2857142857143_logf0.json,runs/accdm/accdm_scan_highf_q5001_recovery_10core_v1/fits/accdm_logm13p2857142857143_logf0.json
13.2857142857|0.0000000000,upper_grid,theory,high_q5001_recovery_10core,/home/2/ks405818/Master/lyalpha_one_loop/runs/accdm/accdm_scan_highf_q5001_recovery_10core_v1/theory/accdm_logm13p2857142857143_logf0.npz,runs/accdm/accdm_scan_highf_q5001_recovery_10core_v1/theory/accdm_logm13p2857142857143_logf0.npz
13.4285714286|0.0000000000,upper_grid,fit,high_q5001_recovery_10core,/home/2/ks405818/Master/lyalpha_one_loop/runs/accdm/accdm_scan_highf_q5001_recovery_10core_v1/fits/accdm_logm13p4285714285714_logf0.json,runs/accdm/accdm_scan_highf_q5001_recovery_10core_v1/fits/accdm_logm13p4285714285714_logf0.json
13.4285714286|0.0000000000,upper_grid,theory,high_q5001_recovery_10core,/home/2/ks405818/Master/lyalpha_one_loop/runs/accdm/accdm_scan_highf_q5001_recovery_10core_v1/theory/accdm_logm13p4285714285714_logf0.npz,runs/accdm/accdm_scan_highf_q5001_recovery_10core_v1/theory/accdm_logm13p4285714285714_logf0.npz
13.5714285714|0.0000000000,upper_grid,fit,high_q5001_recovery_10core,/home/2/ks405818/Master/lyalpha_one_loop/runs/accdm/accdm_scan_highf_q5001_recovery_10core_v1/fits/accdm_logm13p5714285714286_logf0.json,runs/accdm/accdm_scan_highf_q5001_recovery_10core_v1/fits/accdm_logm13p5714285714286_logf0.json
13.5714285714|0.0000000000,upper_grid,theory,high_q5001_recovery_10core,/home/2/ks405818/Master/lyalpha_one_loop/runs/accdm/accdm_scan_highf_q5001_recovery_10core_v1/theory/accdm_logm13p5714285714286_logf0.npz,runs/accdm/accdm_scan_highf_q5001_recovery_10core_v1/theory/accdm_logm13p5714285714286_logf0.npz
13.7142857143|0.0000000000,upper_grid,fit,high_q5001_recovery_10core,/home/2/ks405818/Master/lyalpha_one_loop/runs/accdm/accdm_scan_highf_q5001_recovery_10core_v1/fits/accdm_logm13p7142857142857_logf0.json,runs/accdm/accdm_scan_highf_q5001_recovery_10core_v1/fits/accdm_logm13p7142857142857_logf0.json
13.7142857143|0.0000000000,upper_grid,theory,high_q5001_recovery_10core,/home/2/ks405818/Master/lyalpha_one_loop/runs/accdm/accdm_scan_highf_q5001_recovery_10core_v1/theory/accdm_logm13p7142857142857_logf0.npz,runs/accdm/accdm_scan_highf_q5001_recovery_10core_v1/theory/accdm_logm13p7142857142857_logf0.npz
13.8571428571|0.0000000000,upper_grid,fit,high_q5001_recovery_10core,/home/2/ks405818/Master/lyalpha_one_loop/runs/accdm/accdm_scan_highf_q5001_recovery_10core_v1/fits/accdm_logm13p8571428571429_logf0.json,runs/accdm/accdm_scan_highf_q5001_recovery_10core_v1/fits/accdm_logm13p8571428571429_logf0.json
13.8571428571|0.0000000000,upper_grid,theory,high_q5001_recovery_10core,/home/2/ks405818/Master/lyalpha_one_loop/runs/accdm/accdm_scan_highf_q5001_recovery_10core_v1/theory/accdm_logm13p8571428571429_logf0.npz,runs/accdm/accdm_scan_highf_q5001_recovery_10core_v1/theory/accdm_logm13p8571428571429_logf0.npz
14.0000000000|0.0000000000,upper_grid,fit,high_q5001_recovery_10core,/home/2/ks405818/Master/lyalpha_one_loop/runs/accdm/accdm_scan_highf_q5001_recovery_10core_v1/fits/accdm_logm14_logf0.json,runs/accdm/accdm_scan_highf_q5001_recovery_10core_v1/fits/accdm_logm14_logf0.json
14.0000000000|0.0000000000,upper_grid,theory,high_q5001_recovery_10core,/home/2/ks405818/Master/lyalpha_one_loop/runs/accdm/accdm_scan_highf_q5001_recovery_10core_v1/theory/accdm_logm14_logf0.npz,runs/accdm/accdm_scan_highf_q5001_recovery_10core_v1/theory/accdm_logm14_logf0.npz
14.2857142857|0.0000000000,upper_grid,fit,high_q5001_recovery_10core,/home/2/ks405818/Master/lyalpha_one_loop/runs/accdm/accdm_scan_highf_q5001_recovery_10core_v1/fits/accdm_logm14p2857142857143_logf0.json,runs/accdm/accdm_scan_highf_q5001_recovery_10core_v1/fits/accdm_logm14p2857142857143_logf0.json
14.2857142857|0.0000000000,upper_grid,theory,high_q5001_recovery_10core,/home/2/ks405818/Master/lyalpha_one_loop/runs/accdm/accdm_scan_highf_q5001_recovery_10core_v1/theory/accdm_logm14p2857142857143_logf0.npz,runs/accdm/accdm_scan_highf_q5001_recovery_10core_v1/theory/accdm_logm14p2857142857143_logf0.npz
14.4285714286|0.0000000000,upper_grid,fit,high_q5001_recovery_10core,/home/2/ks405818/Master/lyalpha_one_loop/runs/accdm/accdm_scan_highf_q5001_recovery_10core_v1/fits/accdm_logm14p4285714285714_logf0.json,runs/accdm/accdm_scan_highf_q5001_recovery_10core_v1/fits/accdm_logm14p4285714285714_logf0.json
14.4285714286|0.0000000000,upper_grid,theory,high_q5001_recovery_10core,/home/2/ks405818/Master/lyalpha_one_loop/runs/accdm/accdm_scan_highf_q5001_recovery_10core_v1/theory/accdm_logm14p4285714285714_logf0.npz,runs/accdm/accdm_scan_highf_q5001_recovery_10core_v1/theory/accdm_logm14p4285714285714_logf0.npz
14.5714285714|0.0000000000,upper_grid,fit,high_q5001_recovery_10core,/home/2/ks405818/Master/lyalpha_one_loop/runs/accdm/accdm_scan_highf_q5001_recovery_10core_v1/fits/accdm_logm14p5714285714286_logf0.json,runs/accdm/accdm_scan_highf_q5001_recovery_10core_v1/fits/accdm_logm14p5714285714286_logf0.json
14.5714285714|0.0000000000,upper_grid,theory,high_q5001_recovery_10core,/home/2/ks405818/Master/lyalpha_one_loop/runs/accdm/accdm_scan_highf_q5001_recovery_10core_v1/theory/accdm_logm14p5714285714286_logf0.npz,runs/accdm/accdm_scan_highf_q5001_recovery_10core_v1/theory/accdm_logm14p5714285714286_logf0.npz
14.7142857143|0.0000000000,upper_grid,fit,high_q5001_recovery_10core,/home/2/ks405818/Master/lyalpha_one_loop/runs/accdm/accdm_scan_highf_q5001_recovery_10core_v1/fits/accdm_logm14p7142857142857_logf0.json,runs/accdm/accdm_scan_highf_q5001_recovery_10core_v1/fits/accdm_logm14p7142857142857_logf0.json
14.7142857143|0.0000000000,upper_grid,theory,high_q5001_recovery_10core,/home/2/ks405818/Master/lyalpha_one_loop/runs/accdm/accdm_scan_highf_q5001_recovery_10core_v1/theory/accdm_logm14p7142857142857_logf0.npz,runs/accdm/accdm_scan_highf_q5001_recovery_10core_v1/theory/accdm_logm14p7142857142857_logf0.npz
14.8571428571|0.0000000000,upper_grid,fit,high_q5001_recovery_10core,/home/2/ks405818/Master/lyalpha_one_loop/runs/accdm/accdm_scan_highf_q5001_recovery_10core_v1/fits/accdm_logm14p8571428571429_logf0.json,runs/accdm/accdm_scan_highf_q5001_recovery_10core_v1/fits/accdm_logm14p8571428571429_logf0.json
14.8571428571|0.0000000000,upper_grid,theory,high_q5001_recovery_10core,/home/2/ks405818/Master/lyalpha_one_loop/runs/accdm/accdm_scan_highf_q5001_recovery_10core_v1/theory/accdm_logm14p8571428571429_logf0.npz,runs/accdm/accdm_scan_highf_q5001_recovery_10core_v1/theory/accdm_logm14p8571428571429_logf0.npz
15.0000000000|0.0000000000,upper_grid,fit,high_q5001_recovery_10core,/home/2/ks405818/Master/lyalpha_one_loop/runs/accdm/accdm_scan_highf_q5001_recovery_10core_v1/fits/accdm_logm15_logf0.json,runs/accdm/accdm_scan_highf_q5001_recovery_10core_v1/fits/accdm_logm15_logf0.json
15.0000000000|0.0000000000,upper_grid,theory,high_q5001_recovery_10core,/home/2/ks405818/Master/lyalpha_one_loop/runs/accdm/accdm_scan_highf_q5001_recovery_10core_v1/theory/accdm_logm15_logf0.npz,runs/accdm/accdm_scan_highf_q5001_recovery_10core_v1/theory/accdm_logm15_logf0.npz
15.1428571429|0.0000000000,upper_grid,fit,high_q5001_recovery_10core,/home/2/ks405818/Master/lyalpha_one_loop/runs/accdm/accdm_scan_highf_q5001_recovery_10core_v1/fits/accdm_logm15p1428571428571_logf0.json,runs/accdm/accdm_scan_highf_q5001_recovery_10core_v1/fits/accdm_logm15p1428571428571_logf0.json
15.1428571429|0.0000000000,upper_grid,theory,high_q5001_recovery_10core,/home/2/ks405818/Master/lyalpha_one_loop/runs/accdm/accdm_scan_highf_q5001_recovery_10core_v1/theory/accdm_logm15p1428571428571_logf0.npz,runs/accdm/accdm_scan_highf_q5001_recovery_10core_v1/theory/accdm_logm15p1428571428571_logf0.npz
15.2857142857|0.0000000000,upper_grid,fit,high_q5001_recovery_10core,/home/2/ks405818/Master/lyalpha_one_loop/runs/accdm/accdm_scan_highf_q5001_recovery_10core_v1/fits/accdm_logm15p2857142857143_logf0.json,runs/accdm/accdm_scan_highf_q5001_recovery_10core_v1/fits/accdm_logm15p2857142857143_logf0.json
15.2857142857|0.0000000000,upper_grid,theory,high_q5001_recovery_10core,/home/2/ks405818/Master/lyalpha_one_loop/runs/accdm/accdm_scan_highf_q5001_recovery_10core_v1/theory/accdm_logm15p2857142857143_logf0.npz,runs/accdm/accdm_scan_highf_q5001_recovery_10core_v1/theory/accdm_logm15p2857142857143_logf0.npz
15.4285714286|0.0000000000,upper_grid,fit,high_q5001_recovery_10core,/home/2/ks405818/Master/lyalpha_one_loop/runs/accdm/accdm_scan_highf_q5001_recovery_10core_v1/fits/accdm_logm15p4285714285714_logf0.json,runs/accdm/accdm_scan_highf_q5001_recovery_10core_v1/fits/accdm_logm15p4285714285714_logf0.json
15.4285714286|0.0000000000,upper_grid,theory,high_q5001_recovery_10core,/home/2/ks405818/Master/lyalpha_one_loop/runs/accdm/accdm_scan_highf_q5001_recovery_10core_v1/theory/accdm_logm15p4285714285714_logf0.npz,runs/accdm/accdm_scan_highf_q5001_recovery_10core_v1/theory/accdm_logm15p4285714285714_logf0.npz
15.5714285714|0.0000000000,upper_grid,fit,high_q5001_recovery_10core,/home/2/ks405818/Master/lyalpha_one_loop/runs/accdm/accdm_scan_highf_q5001_recovery_10core_v1/fits/accdm_logm15p5714285714286_logf0.json,runs/accdm/accdm_scan_highf_q5001_recovery_10core_v1/fits/accdm_logm15p5714285714286_logf0.json
15.5714285714|0.0000000000,upper_grid,theory,high_q5001_recovery_10core,/home/2/ks405818/Master/lyalpha_one_loop/runs/accdm/accdm_scan_highf_q5001_recovery_10core_v1/theory/accdm_logm15p5714285714286_logf0.npz,runs/accdm/accdm_scan_highf_q5001_recovery_10core_v1/theory/accdm_logm15p5714285714286_logf0.npz
15.7142857143|0.0000000000,upper_grid,fit,high_q5001_recovery_10core,/home/2/ks405818/Master/lyalpha_one_loop/runs/accdm/accdm_scan_highf_q5001_recovery_10core_v1/fits/accdm_logm15p7142857142857_logf0.json,runs/accdm/accdm_scan_highf_q5001_recovery_10core_v1/fits/accdm_logm15p7142857142857_logf0.json
15.7142857143|0.0000000000,upper_grid,theory,high_q5001_recovery_10core,/home/2/ks405818/Master/lyalpha_one_loop/runs/accdm/accdm_scan_highf_q5001_recovery_10core_v1/theory/accdm_logm15p7142857142857_logf0.npz,runs/accdm/accdm_scan_highf_q5001_recovery_10core_v1/theory/accdm_logm15p7142857142857_logf0.npz
15.8571428571|0.0000000000,upper_grid,fit,high_q5001_recovery_10core,/home/2/ks405818/Master/lyalpha_one_loop/runs/accdm/accdm_scan_highf_q5001_recovery_10core_v1/fits/accdm_logm15p8571428571429_logf0.json,runs/accdm/accdm_scan_highf_q5001_recovery_10core_v1/fits/accdm_logm15p8571428571429_logf0.json
15.8571428571|0.0000000000,upper_grid,theory,high_q5001_recovery_10core,/home/2/ks405818/Master/lyalpha_one_loop/runs/accdm/accdm_scan_highf_q5001_recovery_10core_v1/theory/accdm_logm15p8571428571429_logf0.npz,runs/accdm/accdm_scan_highf_q5001_recovery_10core_v1/theory/accdm_logm15p8571428571429_logf0.npz
16.0000000000|0.0000000000,upper_grid,fit,high_q5001_recovery_10core,/home/2/ks405818/Master/lyalpha_one_loop/runs/accdm/accdm_scan_highf_q5001_recovery_10core_v1/fits/accdm_logm16_logf0.json,runs/accdm/accdm_scan_highf_q5001_recovery_10core_v1/fits/accdm_logm16_logf0.json
16.0000000000|0.0000000000,upper_grid,theory,high_q5001_recovery_10core,/home/2/ks405818/Master/lyalpha_one_loop/runs/accdm/accdm_scan_highf_q5001_recovery_10core_v1/theory/accdm_logm16_logf0.npz,runs/accdm/accdm_scan_highf_q5001_recovery_10core_v1/theory/accdm_logm16_logf0.npz
16.1428571429|0.0000000000,upper_grid,fit,high_q5001_recovery_10core,/home/2/ks405818/Master/lyalpha_one_loop/runs/accdm/accdm_scan_highf_q5001_recovery_10core_v1/fits/accdm_logm16p1428571428571_logf0.json,runs/accdm/accdm_scan_highf_q5001_recovery_10core_v1/fits/accdm_logm16p1428571428571_logf0.json
16.1428571429|0.0000000000,upper_grid,theory,high_q5001_recovery_10core,/home/2/ks405818/Master/lyalpha_one_loop/runs/accdm/accdm_scan_highf_q5001_recovery_10core_v1/theory/accdm_logm16p1428571428571_logf0.npz,runs/accdm/accdm_scan_highf_q5001_recovery_10core_v1/theory/accdm_logm16p1428571428571_logf0.npz
16.2857142857|0.0000000000,upper_grid,fit,high_q5001_recovery_10core,/home/2/ks405818/Master/lyalpha_one_loop/runs/accdm/accdm_scan_highf_q5001_recovery_10core_v1/fits/accdm_logm16p2857142857143_logf0.json,runs/accdm/accdm_scan_highf_q5001_recovery_10core_v1/fits/accdm_logm16p2857142857143_logf0.json
16.2857142857|0.0000000000,upper_grid,theory,high_q5001_recovery_10core,/home/2/ks405818/Master/lyalpha_one_loop/runs/accdm/accdm_scan_highf_q5001_recovery_10core_v1/theory/accdm_logm16p2857142857143_logf0.npz,runs/accdm/accdm_scan_highf_q5001_recovery_10core_v1/theory/accdm_logm16p2857142857143_logf0.npz
16.4285714286|0.0000000000,upper_grid,fit,high_q5001_recovery_10core,/home/2/ks405818/Master/lyalpha_one_loop/runs/accdm/accdm_scan_highf_q5001_recovery_10core_v1/fits/accdm_logm16p4285714285714_logf0.json,runs/accdm/accdm_scan_highf_q5001_recovery_10core_v1/fits/accdm_logm16p4285714285714_logf0.json
16.4285714286|0.0000000000,upper_grid,theory,high_q5001_recovery_10core,/home/2/ks405818/Master/lyalpha_one_loop/runs/accdm/accdm_scan_highf_q5001_recovery_10core_v1/theory/accdm_logm16p4285714285714_logf0.npz,runs/accdm/accdm_scan_highf_q5001_recovery_10core_v1/theory/accdm_logm16p4285714285714_logf0.npz
16.5714285714|0.0000000000,upper_grid,fit,high_q5001_recovery_10core,/home/2/ks405818/Master/lyalpha_one_loop/runs/accdm/accdm_scan_highf_q5001_recovery_10core_v1/fits/accdm_logm16p5714285714286_logf0.json,runs/accdm/accdm_scan_highf_q5001_recovery_10core_v1/fits/accdm_logm16p5714285714286_logf0.json
16.5714285714|0.0000000000,upper_grid,theory,high_q5001_recovery_10core,/home/2/ks405818/Master/lyalpha_one_loop/runs/accdm/accdm_scan_highf_q5001_recovery_10core_v1/theory/accdm_logm16p5714285714286_logf0.npz,runs/accdm/accdm_scan_highf_q5001_recovery_10core_v1/theory/accdm_logm16p5714285714286_logf0.npz
16.7142857143|0.0000000000,upper_grid,fit,high_q5001_recovery_10core,/home/2/ks405818/Master/lyalpha_one_loop/runs/accdm/accdm_scan_highf_q5001_recovery_10core_v1/fits/accdm_logm16p7142857142857_logf0.json,runs/accdm/accdm_scan_highf_q5001_recovery_10core_v1/fits/accdm_logm16p7142857142857_logf0.json
16.7142857143|0.0000000000,upper_grid,theory,high_q5001_recovery_10core,/home/2/ks405818/Master/lyalpha_one_loop/runs/accdm/accdm_scan_highf_q5001_recovery_10core_v1/theory/accdm_logm16p7142857142857_logf0.npz,runs/accdm/accdm_scan_highf_q5001_recovery_10core_v1/theory/accdm_logm16p7142857142857_logf0.npz
16.8571428571|0.0000000000,upper_grid,fit,high_q5001_recovery_10core,/home/2/ks405818/Master/lyalpha_one_loop/runs/accdm/accdm_scan_highf_q5001_recovery_10core_v1/fits/accdm_logm16p8571428571429_logf0.json,runs/accdm/accdm_scan_highf_q5001_recovery_10core_v1/fits/accdm_logm16p8571428571429_logf0.json
16.8571428571|0.0000000000,upper_grid,theory,high_q5001_recovery_10core,/home/2/ks405818/Master/lyalpha_one_loop/runs/accdm/accdm_scan_highf_q5001_recovery_10core_v1/theory/accdm_logm16p8571428571429_logf0.npz,runs/accdm/accdm_scan_highf_q5001_recovery_10core_v1/theory/accdm_logm16p8571428571429_logf0.npz
17.0000000000|0.0000000000,upper_grid,fit,high_q5001_recovery_10core,/home/2/ks405818/Master/lyalpha_one_loop/runs/accdm/accdm_scan_highf_q5001_recovery_10core_v1/fits/accdm_logm17_logf0.json,runs/accdm/accdm_scan_highf_q5001_recovery_10core_v1/fits/accdm_logm17_logf0.json
17.0000000000|0.0000000000,upper_grid,theory,high_q5001_recovery_10core,/home/2/ks405818/Master/lyalpha_one_loop/runs/accdm/accdm_scan_highf_q5001_recovery_10core_v1/theory/accdm_logm17_logf0.npz,runs/accdm/accdm_scan_highf_q5001_recovery_10core_v1/theory/accdm_logm17_logf0.npz
17.1428571429|0.0000000000,upper_grid,fit,high_q5001_recovery_10core,/home/2/ks405818/Master/lyalpha_one_loop/runs/accdm/accdm_scan_highf_q5001_recovery_10core_v1/fits/accdm_logm17p1428571428571_logf0.json,runs/accdm/accdm_scan_highf_q5001_recovery_10core_v1/fits/accdm_logm17p1428571428571_logf0.json
17.1428571429|0.0000000000,upper_grid,theory,high_q5001_recovery_10core,/home/2/ks405818/Master/lyalpha_one_loop/runs/accdm/accdm_scan_highf_q5001_recovery_10core_v1/theory/accdm_logm17p1428571428571_logf0.npz,runs/accdm/accdm_scan_highf_q5001_recovery_10core_v1/theory/accdm_logm17p1428571428571_logf0.npz
17.2857142857|0.0000000000,upper_grid,fit,high_q5001_recovery_10core,/home/2/ks405818/Master/lyalpha_one_loop/runs/accdm/accdm_scan_highf_q5001_recovery_10core_v1/fits/accdm_logm17p2857142857143_logf0.json,runs/accdm/accdm_scan_highf_q5001_recovery_10core_v1/fits/accdm_logm17p2857142857143_logf0.json
17.2857142857|0.0000000000,upper_grid,theory,high_q5001_recovery_10core,/home/2/ks405818/Master/lyalpha_one_loop/runs/accdm/accdm_scan_highf_q5001_recovery_10core_v1/theory/accdm_logm17p2857142857143_logf0.npz,runs/accdm/accdm_scan_highf_q5001_recovery_10core_v1/theory/accdm_logm17p2857142857143_logf0.npz
17.4285714286|0.0000000000,upper_grid,fit,high_q5001_original,/home/2/ks405818/Master/lyalpha_one_loop/runs/accdm/accdm_scan_highf_q5001_v1/fits/accdm_logm17p4285714285714_logf0.json,runs/accdm/accdm_scan_highf_q5001_v1/fits/accdm_logm17p4285714285714_logf0.json
17.4285714286|0.0000000000,upper_grid,theory,high_q5001_original,/home/2/ks405818/Master/lyalpha_one_loop/runs/accdm/accdm_scan_highf_q5001_v1/theory/accdm_logm17p4285714285714_logf0.npz,runs/accdm/accdm_scan_highf_q5001_v1/theory/accdm_logm17p4285714285714_logf0.npz
17.5714285714|0.0000000000,upper_grid,fit,high_q5001_original,/home/2/ks405818/Master/lyalpha_one_loop/runs/accdm/accdm_scan_highf_q5001_v1/fits/accdm_logm17p5714285714286_logf0.json,runs/accdm/accdm_scan_highf_q5001_v1/fits/accdm_logm17p5714285714286_logf0.json
17.5714285714|0.0000000000,upper_grid,theory,high_q5001_original,/home/2/ks405818/Master/lyalpha_one_loop/runs/accdm/accdm_scan_highf_q5001_v1/theory/accdm_logm17p5714285714286_logf0.npz,runs/accdm/accdm_scan_highf_q5001_v1/theory/accdm_logm17p5714285714286_logf0.npz
17.7142857143|0.0000000000,upper_grid,fit,high_q5001_original,/home/2/ks405818/Master/lyalpha_one_loop/runs/accdm/accdm_scan_highf_q5001_v1/fits/accdm_logm17p7142857142857_logf0.json,runs/accdm/accdm_scan_highf_q5001_v1/fits/accdm_logm17p7142857142857_logf0.json
17.7142857143|0.0000000000,upper_grid,theory,high_q5001_original,/home/2/ks405818/Master/lyalpha_one_loop/runs/accdm/accdm_scan_highf_q5001_v1/theory/accdm_logm17p7142857142857_logf0.npz,runs/accdm/accdm_scan_highf_q5001_v1/theory/accdm_logm17p7142857142857_logf0.npz
17.8571428571|0.0000000000,upper_grid,fit,high_q5001_original,/home/2/ks405818/Master/lyalpha_one_loop/runs/accdm/accdm_scan_highf_q5001_v1/fits/accdm_logm17p8571428571429_logf0.json,runs/accdm/accdm_scan_highf_q5001_v1/fits/accdm_logm17p8571428571429_logf0.json
17.8571428571|0.0000000000,upper_grid,theory,high_q5001_original,/home/2/ks405818/Master/lyalpha_one_loop/runs/accdm/accdm_scan_highf_q5001_v1/theory/accdm_logm17p8571428571429_logf0.npz,runs/accdm/accdm_scan_highf_q5001_v1/theory/accdm_logm17p8571428571429_logf0.npz
18.0000000000|0.0000000000,upper_grid,fit,high_q5001_original,/home/2/ks405818/Master/lyalpha_one_loop/runs/accdm/accdm_scan_highf_q5001_v1/fits/accdm_logm18_logf0.json,runs/accdm/accdm_scan_highf_q5001_v1/fits/accdm_logm18_logf0.json
18.0000000000|0.0000000000,upper_grid,theory,high_q5001_original,/home/2/ks405818/Master/lyalpha_one_loop/runs/accdm/accdm_scan_highf_q5001_v1/theory/accdm_logm18_logf0.npz,runs/accdm/accdm_scan_highf_q5001_v1/theory/accdm_logm18_logf0.npz
19.4285714286|0.0000000000,upper_grid,fit,loweps_high_q5001,/home/2/ks405818/Master/lyalpha_one_loop/runs/accdm/accdm_scan_loweps_highf_q5001_v1/fits/accdm_logm19p4285714285714_logf0.json,runs/accdm/accdm_scan_loweps_highf_q5001_v1/fits/accdm_logm19p4285714285714_logf0.json
19.4285714286|0.0000000000,upper_grid,theory,loweps_high_q5001,/home/2/ks405818/Master/lyalpha_one_loop/runs/accdm/accdm_scan_loweps_highf_q5001_v1/theory/accdm_logm19p4285714285714_logf0.npz,runs/accdm/accdm_scan_loweps_highf_q5001_v1/theory/accdm_logm19p4285714285714_logf0.npz
11.0000000000|-4.0000000000,lower_control,fit,low_q1001,/home/2/ks405818/Master/lyalpha_one_loop/runs/accdm/accdm_scan_lowf_q1001_v2/fits/accdm_logm11_logfm4.json,runs/accdm/accdm_scan_lowf_q1001_v2/fits/accdm_logm11_logfm4.json
11.0000000000|-4.0000000000,lower_control,theory,low_q1001,/home/2/ks405818/Master/lyalpha_one_loop/runs/accdm/accdm_scan_lowf_q1001_v2/theory/accdm_logm11_logfm4.npz,runs/accdm/accdm_scan_lowf_q1001_v2/theory/accdm_logm11_logfm4.npz
14.0000000000|-4.0000000000,lower_control,fit,low_q1001,/home/2/ks405818/Master/lyalpha_one_loop/runs/accdm/accdm_scan_lowf_q1001_v2/fits/accdm_logm14_logfm4.json,runs/accdm/accdm_scan_lowf_q1001_v2/fits/accdm_logm14_logfm4.json
14.0000000000|-4.0000000000,lower_control,theory,low_q1001,/home/2/ks405818/Master/lyalpha_one_loop/runs/accdm/accdm_scan_lowf_q1001_v2/theory/accdm_logm14_logfm4.npz,runs/accdm/accdm_scan_lowf_q1001_v2/theory/accdm_logm14_logfm4.npz
17.0000000000|-4.0000000000,lower_control,fit,low_q1001,/home/2/ks405818/Master/lyalpha_one_loop/runs/accdm/accdm_scan_lowf_q1001_v2/fits/accdm_logm17_logfm4.json,runs/accdm/accdm_scan_lowf_q1001_v2/fits/accdm_logm17_logfm4.json
17.0000000000|-4.0000000000,lower_control,theory,low_q1001,/home/2/ks405818/Master/lyalpha_one_loop/runs/accdm/accdm_scan_lowf_q1001_v2/theory/accdm_logm17_logfm4.npz,runs/accdm/accdm_scan_lowf_q1001_v2/theory/accdm_logm17_logfm4.npz
19.2857142857|-4.0000000000,lower_control,fit,loweps_low_q1001,/home/2/ks405818/Master/lyalpha_one_loop/runs/accdm/accdm_scan_loweps_lowf_q1001_v1/fits/accdm_logm19p2857142857143_logfm4.json,runs/accdm/accdm_scan_loweps_lowf_q1001_v1/fits/accdm_logm19p2857142857143_logfm4.json
19.2857142857|-4.0000000000,lower_control,theory,loweps_low_q1001,/home/2/ks405818/Master/lyalpha_one_loop/runs/accdm/accdm_scan_loweps_lowf_q1001_v1/theory/accdm_logm19p2857142857143_logfm4.npz,runs/accdm/accdm_scan_loweps_lowf_q1001_v1/theory/accdm_logm19p2857142857143_logfm4.npz
