trial_id,target,stage,direction,method,seed,start_label,chi2_old,chi2_start,chi2_profiled_start,chi2_optimizer_final,chi2_best_visited,chi2_selected,gain,selected_origin,optimizer_success,termination,message,n_calls,n_jac_calls,n_invalid,budget,elapsed_seconds,has_new_vector,theta_old,theta_start,theta_profiled_start,theta_optimizer_final,theta_best_visited,theta_selected,parameter_log_alpha_F,parameter_beta_F,parameter_alpha_bias,parameter_beta_bias,parameter_alpha_ct,parameter_beta_ct
pilot/14.7142857143|-1.3750000000/local/0,14.7142857143|-1.3750000000,pilot,none,L-BFGS-B_profile4,,14.8571428571|-1.3750000000,228.83333813646553,192.0535450842944,192.0170449245975,191.94269538245413,191.94269538239732,191.94269538239732,36.89064275406821,optimizer_visited,True,completed,CONVERGENCE: RELATIVE REDUCTION OF F <= FACTR*EPSMCH,145,0,0,5000,0.1712389998137951,True,"[-4.563828310305018, 5.733874266743918, -3.355252088491348, 1.0323365100760864, 2.9995565990109114e-87, -742.3265813581268]","[-4.51074240090978, 5.022823263144752, -3.297540873233513, 1.414745317939921, -0.0437373574998312, 44.89399720359739]","[-4.510293402420452, 5.022823263144752, -3.297540873233513, 1.414745317939921, -0.04448170326992811, 44.89399720359739]","[-4.510966373215977, 5.034256957255815, -3.2978492012650116, 1.4128362285017846, -0.04395285747511287, 42.653946138034975]","[-4.510966326636206, 5.034256957299998, -3.2978490412176167, 1.4128362285473473, -0.0439528721370775, 42.65394614113838]","[-4.510966326636206, 5.034256957299998, -3.2978490412176167, 1.4128362285473473, -0.0439528721370775, 42.65394614113838]",-4.510966326636206,5.034256957299998,-3.2978490412176167,1.4128362285473473,-0.0439528721370775,42.65394614113838
pilot/14.7142857143|-1.3750000000/local/1,14.7142857143|-1.3750000000,pilot,none,L-BFGS-B_profile4,,14.5714285714|-1.3750000000,228.83333813646553,192.0681916437156,191.94657469403236,191.94269538276248,191.9426953827618,191.9426953827618,36.89064275370373,optimizer_visited,True,completed,CONVERGENCE: RELATIVE REDUCTION OF F <= FACTR*EPSMCH,70,0,0,5000,0.07163713872432709,True,"[-4.563828310305018, 5.733874266743918, -3.355252088491348, 1.0323365100760864, 2.9995565990109114e-87, -742.3265813581268]","[-4.510772184570933, 5.038488614010567, -3.3010851871132307, 1.40799513344546, -0.0443163099332411, 42.63956582450604]","[-4.511775716162521, 5.038488614010567, -3.3010851871132307, 1.40799513344546, -0.043768748489080044, 42.63956582450604]","[-4.510966419334665, 5.034256385784161, -3.2978498583097093, 1.4128355676644853, -0.043952911158180216, 42.65389154022173]","[-4.510966450156149, 5.034256685784161, -3.2978498583097093, 1.4128355676644853, -0.04395288691955047, 42.65389154022173]","[-4.510966450156149, 5.034256685784161, -3.2978498583097093, 1.4128355676644853, -0.04395288691955047, 42.65389154022173]",-4.510966450156149,5.034256685784161,-3.2978498583097093,1.4128355676644853,-0.04395288691955047,42.65389154022173
pilot/14.7142857143|-1.3750000000/full6,14.7142857143|-1.3750000000,pilot,none,least_squares_full6,,best_candidate,228.83333813646553,191.94269538239732,,191.94269538209073,191.94269538209073,191.94269538209073,36.890642754374795,optimizer_visited,True,completed,`ftol` termination condition is satisfied.,4,2,0,5000,0.05146751180291176,True,"[-4.563828310305018, 5.733874266743918, -3.355252088491348, 1.0323365100760864, 2.9995565990109114e-87, -742.3265813581268]","[-4.510966326636206, 5.034256957299998, -3.2978490412176167, 1.4128362285473473, -0.0439528721370775, 42.65394614113838]",,"[-4.510966194240932, 5.034255368845494, -3.297848318657153, 1.4128379747177364, -0.04395287953021297, 42.654164978956544]","[-4.510966194240932, 5.034255368845494, -3.297848318657153, 1.4128379747177364, -0.04395287953021297, 42.654164978956544]","[-4.510966194240932, 5.034255368845494, -3.297848318657153, 1.4128379747177364, -0.04395287953021297, 42.654164978956544]",-4.510966194240932,5.034255368845494,-3.297848318657153,1.4128379747177364,-0.04395287953021297,42.654164978956544
pilot/15.0000000000|-1.3750000000/local/0,15.0000000000|-1.3750000000,pilot,none,L-BFGS-B_profile4,,14.8571428571|-1.3750000000,231.24507049835995,193.90459951002737,193.72086921343455,193.70267345102107,193.70267345098168,193.70267345098168,37.54239704737827,optimizer_visited,True,completed,CONVERGENCE: RELATIVE REDUCTION OF F <= FACTR*EPSMCH,170,0,0,5000,0.16847963072359562,True,"[-4.5659313239826655, 5.725793816178692, -3.363926987663784, 1.0244624899616723, 1.0805213742844908e-87, -746.3304440163056]","[-4.51074240090978, 5.022823263144752, -3.297540873233513, 1.414745317939921, -0.0437373574998312, 44.89399720359739]","[-4.51165101213287, 5.022823263144752, -3.297540873233513, 1.414745317939921, -0.04394374704011268, 44.89399720359739]","[-4.51305563382433, 5.0223505251098715, -3.3052261743517155, 1.4087100807369344, -0.04389805496775889, 44.35031225142036]","[-4.513055587223151, 5.022350525109767, -3.3052260143516716, 1.4087100807370618, -0.04389806943409633, 44.350312251433124]","[-4.513055587223151, 5.022350525109767, -3.3052260143516716, 1.4087100807370618, -0.04389806943409633, 44.350312251433124]",-4.513055587223151,5.022350525109767,-3.3052260143516716,1.4087100807370618,-0.04389806943409633,44.350312251433124
pilot/15.0000000000|-1.3750000000/local/1,15.0000000000|-1.3750000000,pilot,none,L-BFGS-B_profile4,,15.1428571429|-1.3750000000,231.24507049835995,194.0391093470922,193.7478621345413,193.7026734512424,193.7026734512424,193.7026734512424,37.54239704711756,optimizer_visited,True,completed,CONVERGENCE: RELATIVE REDUCTION OF F <= FACTR*EPSMCH,95,0,0,5000,0.09413888491690159,True,"[-4.5659313239826655, 5.725793816178692, -3.363926987663784, 1.0244624899616723, 1.0805213742844908e-87, -746.3304440163056]","[-4.51584569347466, 5.011531328097648, -3.316586744756484, 1.4046724681794565, -0.0444942543000559, 44.02615218045275]","[-4.514744905990701, 5.011531328097648, -3.316586744756484, 1.4046724681794565, -0.044150030692441194, 44.02615218045275]","[-4.513055710615042, 5.022351997671192, -3.3052262969207655, 1.4087090942360994, -0.04389801387003119, 44.350348307581946]","[-4.513055710615042, 5.022351997671192, -3.3052262969207655, 1.4087090942360994, -0.04389801387003119, 44.350348307581946]","[-4.513055710615042, 5.022351997671192, -3.3052262969207655, 1.4087090942360994, -0.04389801387003119, 44.350348307581946]",-4.513055710615042,5.022351997671192,-3.3052262969207655,1.4087090942360994,-0.04389801387003119,44.350348307581946
pilot/15.0000000000|-1.3750000000/full6,15.0000000000|-1.3750000000,pilot,none,least_squares_full6,,best_candidate,231.24507049835995,193.70267345098168,,193.70267345060572,193.70267345060572,193.70267345060572,37.542397047754235,optimizer_visited,True,completed,`ftol` termination condition is satisfied.,4,2,0,5000,0.0017558597028255463,True,"[-4.5659313239826655, 5.725793816178692, -3.363926987663784, 1.0244624899616723, 1.0805213742844908e-87, -746.3304440163056]","[-4.513055587223151, 5.022350525109767, -3.3052260143516716, 1.4087100807370618, -0.04389806943409633, 44.350312251433124]",,"[-4.513055480688673, 5.022350682601675, -3.3052248607823334, 1.408711520120327, -0.04389799760437118, 44.35061016901247]","[-4.513055480688673, 5.022350682601675, -3.3052248607823334, 1.408711520120327, -0.04389799760437118, 44.35061016901247]","[-4.513055480688673, 5.022350682601675, -3.3052248607823334, 1.408711520120327, -0.04389799760437118, 44.35061016901247]",-4.513055480688673,5.022350682601675,-3.3052248607823334,1.408711520120327,-0.04389799760437118,44.35061016901247
pilot/19.2857142857|-4.0000000000/local/0,19.2857142857|-4.0000000000,pilot,none,L-BFGS-B_profile4,,own,193.2324971987547,193.2324971987547,193.2324971987548,193.23249719875474,193.2324971987546,193.2324971987546,8.526512829121202e-14,optimizer_visited,True,completed,CONVERGENCE: RELATIVE REDUCTION OF F <= FACTR*EPSMCH,90,0,0,5000,0.08387531153857708,True,"[-4.630899105926061, 5.159921453234549, -3.267726782552085, 1.4363807179415433, -0.04639016584950073, 39.84471337419448]","[-4.630899105926061, 5.159921453234549, -3.267726782552085, 1.4363807179415433, -0.04639016584950073, 39.84471337419448]","[-4.630899105926061, 5.159921453234549, -3.267726782552085, 1.4363807179415433, -0.04639016584950027, 39.84471337419448]","[-4.630899105926056, 5.1599214532345385, -3.2677267825520913, 1.4363807179414911, -0.046390165849504804, 39.84471337419448]","[-4.630899106362937, 5.159921453234549, -3.267726782552085, 1.4363807179415433, -0.046390165578318564, 39.84471537419448]","[-4.630899106362937, 5.159921453234549, -3.267726782552085, 1.4363807179415433, -0.046390165578318564, 39.84471537419448]",-4.630899106362937,5.159921453234549,-3.267726782552085,1.4363807179415433,-0.046390165578318564,39.84471537419448
pilot/19.2857142857|-4.0000000000/local/1,19.2857142857|-4.0000000000,pilot,none,L-BFGS-B_profile4,,19.4285714286|-4.0000000000,193.2324971987547,193.23249779608219,193.2324972229854,193.2324972017445,193.23249720169022,193.2324971987547,0.0,baseline,True,completed,CONVERGENCE: RELATIVE REDUCTION OF F <= FACTR*EPSMCH,80,0,0,5000,0.07815868780016899,False,"[-4.630899105926061, 5.159921453234549, -3.267726782552085, 1.4363807179415433, -0.04639016584950073, 39.84471337419448]","[-4.630899359996165, 5.159921677945048, -3.267720509285449, 1.4363876263783275, -0.0463909534111871, 39.84381539161628]","[-4.630897964590049, 5.159921677945048, -3.267720509285449, 1.4363876263783275, -0.046390237077183795, 39.84381539161628]","[-4.630899092336375, 5.159918542810235, -3.267729435275486, 1.4363784598805356, -0.046390476575939345, 39.8438212213393]","[-4.630899123257866, 5.159918841349773, -3.2677294342627095, 1.4363784609113153, -0.046390452425331775, 39.8438212192904]","[-4.630899105926061, 5.159921453234549, -3.267726782552085, 1.4363807179415433, -0.04639016584950073, 39.84471337419448]",-4.630899105926061,5.159921453234549,-3.267726782552085,1.4363807179415433,-0.04639016584950073,39.84471337419448
pilot/19.2857142857|-4.0000000000/full6,19.2857142857|-4.0000000000,pilot,none,least_squares_full6,,best_candidate,193.2324971987547,193.2324971987546,,193.2324971987546,193.2324971987546,193.2324971987546,8.526512829121202e-14,start,True,completed,`xtol` termination condition is satisfied.,11,1,0,5000,0.004449576139450073,False,"[-4.630899105926061, 5.159921453234549, -3.267726782552085, 1.4363807179415433, -0.04639016584950073, 39.84471337419448]","[-4.630899106362937, 5.159921453234549, -3.267726782552085, 1.4363807179415433, -0.046390165578318564, 39.84471537419448]",,"[-4.630899106362937, 5.159921453234549, -3.267726782552085, 1.4363807179415433, -0.046390165578318564, 39.84471537419448]","[-4.630899106362937, 5.159921453234549, -3.267726782552085, 1.4363807179415433, -0.046390165578318564, 39.84471537419448]","[-4.630899106362937, 5.159921453234549, -3.267726782552085, 1.4363807179415433, -0.046390165578318564, 39.84471537419448]",-4.630899106362937,5.159921453234549,-3.267726782552085,1.4363807179415433,-0.046390165578318564,39.84471537419448
pilot/14.7142857143|-0.1000000000/local/0,14.7142857143|-0.1000000000,pilot,none,L-BFGS-B_profile4,,own,259.8088185554777,259.8088185554777,259.8088185554777,259.8088185554777,259.8088185554777,259.8088185554777,0.0,baseline,True,completed,CONVERGENCE: RELATIVE REDUCTION OF F <= FACTR*EPSMCH,70,0,0,5000,0.06520825810730457,False,"[-3.1563782527039335, 4.241620037707688, -0.7302688084081547, -9.527838783540915, 0.009764841902607138, -12.385887564220052]","[-3.1563782527039335, 4.241620037707688, -0.7302688084081547, -9.527838783540915, 0.009764841902607138, -12.385887564220052]","[-3.1563782527039335, 4.241620037707688, -0.7302688084081547, -9.527838783540915, 0.009764841902607242, -12.385887564220052]","[-3.1563782527039335, 4.241620037707688, -0.7302688084081547, -9.527838783540915, 0.009764841902607242, -12.385887564220052]","[-3.1563782527039335, 4.241620037707688, -0.7302688084081547, -9.527838783540915, 0.009764841902607242, -12.385887564220052]","[-3.1563782527039335, 4.241620037707688, -0.7302688084081547, -9.527838783540915, 0.009764841902607138, -12.385887564220052]",-3.1563782527039335,4.241620037707688,-0.7302688084081547,-9.527838783540915,0.009764841902607138,-12.385887564220052
pilot/14.7142857143|-0.1000000000/local/1,14.7142857143|-0.1000000000,pilot,none,L-BFGS-B_profile4,,14.8571428571|-0.1000000000,259.8088185554777,272.0992598472517,262.6212634511267,259.80881855556646,259.8088185555659,259.8088185554777,0.0,baseline,True,completed,CONVERGENCE: RELATIVE REDUCTION OF F <= FACTR*EPSMCH,110,0,0,5000,0.1076872181147337,False,"[-3.1563782527039335, 4.241620037707688, -0.7302688084081547, -9.527838783540915, 0.009764841902607138, -12.385887564220052]","[-3.1729830025005423, 4.203659837095303, -0.695355321777501, -9.330510469562968, 0.0125906233580873, -11.642190454792203]","[-3.1660436052501146, 4.203659837095303, -0.695355321777501, -9.330510469562968, 0.012683857313634916, -11.642190454792203]","[-3.1563780962901062, 4.241618663491909, -0.7302693905018424, -9.527841254699789, 0.009764852814026847, -12.385886174200412]","[-3.1563781341154398, 4.241618663491909, -0.7302692305018423, -9.527841254699789, 0.009764854486485742, -12.385886174200412]","[-3.1563782527039335, 4.241620037707688, -0.7302688084081547, -9.527838783540915, 0.009764841902607138, -12.385887564220052]",-3.1563782527039335,4.241620037707688,-0.7302688084081547,-9.527838783540915,0.009764841902607138,-12.385887564220052
pilot/14.7142857143|-0.1000000000/full6,14.7142857143|-0.1000000000,pilot,none,least_squares_full6,,best_candidate,259.8088185554777,259.8088185554777,,259.8088185554777,259.8088185554777,259.8088185554777,0.0,baseline,True,completed,`xtol` termination condition is satisfied.,9,1,0,5000,0.0037663355469703674,False,"[-3.1563782527039335, 4.241620037707688, -0.7302688084081547, -9.527838783540915, 0.009764841902607138, -12.385887564220052]","[-3.1563782527039335, 4.241620037707688, -0.7302688084081547, -9.527838783540915, 0.009764841902607138, -12.385887564220052]",,"[-3.1563782527039335, 4.241620037707688, -0.7302688084081547, -9.527838783540915, 0.009764841902607138, -12.385887564220052]","[-3.1563782527039335, 4.241620037707688, -0.7302688084081547, -9.527838783540915, 0.009764841902607138, -12.385887564220052]","[-3.1563782527039335, 4.241620037707688, -0.7302688084081547, -9.527838783540915, 0.009764841902607138, -12.385887564220052]",-3.1563782527039335,4.241620037707688,-0.7302688084081547,-9.527838783540915,0.009764841902607138,-12.385887564220052
global/16.0000000000|0.0000000000/12345,16.0000000000|0.0000000000,global,none,DE_profile4,12345.0,own,827.8476637216739,827.8476637216739,827.8476637216743,827.8476637216746,827.8476637216746,827.8476637216739,0.0,baseline,True,completed,Optimization terminated successfully.,3696,0,0,20000,3.6516227275133133,False,"[-3.332550825619357, 4.055777754101996, -2.51686540427772, 0.7788684027983479, 0.41147372099314605, -1.5016501715987274]","[-3.332550825619357, 4.055777754101996, -2.51686540427772, 0.7788684027983479, 0.41147372099314605, -1.5016501715987274]","[-3.33255082561936, 4.055777754101996, -2.51686540427772, 0.7788684027983479, 0.41147372099315, -1.5016501715987274]","[-3.332550825619358, 4.055777754101995, -2.51686540427772, 0.7788684027983473, 0.41147372099314783, -1.5016501715987562]","[-3.332550825619358, 4.055777754101995, -2.51686540427772, 0.7788684027983473, 0.41147372099314783, -1.5016501715987562]","[-3.332550825619357, 4.055777754101996, -2.51686540427772, 0.7788684027983479, 0.41147372099314605, -1.5016501715987274]",-3.332550825619357,4.055777754101996,-2.51686540427772,0.7788684027983479,0.41147372099314605,-1.5016501715987274
global/16.0000000000|0.0000000000/23456,16.0000000000|0.0000000000,global,none,DE_profile4,23456.0,own,827.8476637216739,827.8476637216739,827.8476637216743,827.8476637216746,827.8476637216746,827.8476637216739,0.0,baseline,True,completed,Optimization terminated successfully.,4608,0,0,20000,4.175076175481081,False,"[-3.332550825619357, 4.055777754101996, -2.51686540427772, 0.7788684027983479, 0.41147372099314605, -1.5016501715987274]","[-3.332550825619357, 4.055777754101996, -2.51686540427772, 0.7788684027983479, 0.41147372099314605, -1.5016501715987274]","[-3.33255082561936, 4.055777754101996, -2.51686540427772, 0.7788684027983479, 0.41147372099315, -1.5016501715987274]","[-3.332550825619358, 4.055777754101995, -2.51686540427772, 0.7788684027983473, 0.41147372099314783, -1.5016501715987562]","[-3.332550825619358, 4.055777754101995, -2.51686540427772, 0.7788684027983473, 0.41147372099314783, -1.5016501715987562]","[-3.332550825619357, 4.055777754101996, -2.51686540427772, 0.7788684027983479, 0.41147372099314605, -1.5016501715987274]",-3.332550825619357,4.055777754101996,-2.51686540427772,0.7788684027983479,0.41147372099314605,-1.5016501715987274
global/16.4285714286|-0.2000000000/12345,16.4285714286|-0.2000000000,global,none,DE_profile4,12345.0,own,292.89697654484206,292.89697654484206,292.89697654484195,292.89697654484246,292.89697654484246,292.89697654484195,1.1368683772161603e-13,profiled_start,True,completed,Optimization terminated successfully.,3312,0,0,20000,3.0423140469938517,True,"[-4.62417902477532, 4.885397050010976, 1.4384473530667239, 0.2482042447447064, 0.17433696732364273, -4.294488425624276]","[-4.62417902477532, 4.885397050010976, 1.4384473530667239, 0.2482042447447064, 0.17433696732364273, -4.294488425624276]","[-4.6241790247753185, 4.885397050010976, 1.4384473530667239, 0.2482042447447064, 0.17433696732363882, -4.294488425624276]","[-4.6241790247753185, 4.885397050010975, 1.4384473530667243, 0.24820424474470623, 0.17433696732363946, -4.294488425624277]","[-4.6241790247753185, 4.885397050010975, 1.4384473530667243, 0.24820424474470623, 0.17433696732363946, -4.294488425624277]","[-4.6241790247753185, 4.885397050010976, 1.4384473530667239, 0.2482042447447064, 0.17433696732363882, -4.294488425624276]",-4.6241790247753185,4.885397050010976,1.4384473530667239,0.2482042447447064,0.17433696732363882,-4.294488425624276
global/16.4285714286|-0.2000000000/23456,16.4285714286|-0.2000000000,global,none,DE_profile4,23456.0,own,292.89697654484206,292.89697654484206,292.89697654484195,292.89697654484246,292.89697654484246,292.89697654484195,1.1368683772161603e-13,profiled_start,True,completed,Optimization terminated successfully.,3024,0,0,20000,2.767119938507676,True,"[-4.62417902477532, 4.885397050010976, 1.4384473530667239, 0.2482042447447064, 0.17433696732364273, -4.294488425624276]","[-4.62417902477532, 4.885397050010976, 1.4384473530667239, 0.2482042447447064, 0.17433696732364273, -4.294488425624276]","[-4.6241790247753185, 4.885397050010976, 1.4384473530667239, 0.2482042447447064, 0.17433696732363882, -4.294488425624276]","[-4.6241790247753185, 4.885397050010975, 1.4384473530667243, 0.24820424474470623, 0.17433696732363946, -4.294488425624277]","[-4.6241790247753185, 4.885397050010975, 1.4384473530667243, 0.24820424474470623, 0.17433696732363946, -4.294488425624277]","[-4.6241790247753185, 4.885397050010976, 1.4384473530667239, 0.2482042447447064, 0.17433696732363882, -4.294488425624276]",-4.6241790247753185,4.885397050010976,1.4384473530667239,0.2482042447447064,0.17433696732363882,-4.294488425624276
global/14.7142857143|-0.1000000000/12345,14.7142857143|-0.1000000000,global,none,DE_profile4,12345.0,own,259.8088185554777,259.8088185554777,259.8088185554777,259.8088185554779,259.8088185554779,259.8088185554777,0.0,baseline,True,completed,Optimization terminated successfully.,2544,0,0,20000,2.3138729985803366,False,"[-3.1563782527039335, 4.241620037707688, -0.7302688084081547, -9.527838783540915, 0.009764841902607138, -12.385887564220052]","[-3.1563782527039335, 4.241620037707688, -0.7302688084081547, -9.527838783540915, 0.009764841902607138, -12.385887564220052]","[-3.1563782527039335, 4.241620037707688, -0.7302688084081547, -9.527838783540915, 0.009764841902607242, -12.385887564220052]","[-3.156378252703934, 4.241620037707687, -0.7302688084081543, -9.527838783540915, 0.009764841902607303, -12.385887564220056]","[-3.156378252703934, 4.241620037707687, -0.7302688084081543, -9.527838783540915, 0.009764841902607303, -12.385887564220056]","[-3.1563782527039335, 4.241620037707688, -0.7302688084081547, -9.527838783540915, 0.009764841902607138, -12.385887564220052]",-3.1563782527039335,4.241620037707688,-0.7302688084081547,-9.527838783540915,0.009764841902607138,-12.385887564220052
global/14.7142857143|-0.1000000000/23456,14.7142857143|-0.1000000000,global,none,DE_profile4,23456.0,own,259.8088185554777,259.8088185554777,259.8088185554777,259.8088185554779,259.8088185554779,259.8088185554777,0.0,baseline,True,completed,Optimization terminated successfully.,2784,0,0,20000,2.6308715604245663,False,"[-3.1563782527039335, 4.241620037707688, -0.7302688084081547, -9.527838783540915, 0.009764841902607138, -12.385887564220052]","[-3.1563782527039335, 4.241620037707688, -0.7302688084081547, -9.527838783540915, 0.009764841902607138, -12.385887564220052]","[-3.1563782527039335, 4.241620037707688, -0.7302688084081547, -9.527838783540915, 0.009764841902607242, -12.385887564220052]","[-3.156378252703934, 4.241620037707687, -0.7302688084081543, -9.527838783540915, 0.009764841902607303, -12.385887564220056]","[-3.156378252703934, 4.241620037707687, -0.7302688084081543, -9.527838783540915, 0.009764841902607303, -12.385887564220056]","[-3.1563782527039335, 4.241620037707688, -0.7302688084081547, -9.527838783540915, 0.009764841902607138, -12.385887564220052]",-3.1563782527039335,4.241620037707688,-0.7302688084081547,-9.527838783540915,0.009764841902607138,-12.385887564220052
forward/16.0000000000|-0.3000000000/0,16.0000000000|-0.3000000000,local,forward,L-BFGS-B_profile4,,own,412.7397688622607,412.7397688622607,412.7397688622608,412.7397688622608,412.7397688622608,412.7397688622607,0.0,baseline,True,completed,CONVERGENCE: RELATIVE REDUCTION OF F <= FACTR*EPSMCH,70,0,0,5000,0.06931792758405209,False,"[-3.804994453338179, 4.837427498207907, -2.782582355628517, 0.42262443391348004, 0.21221206753985744, -1.852817311099245]","[-3.804994453338179, 4.837427498207907, -2.782582355628517, 0.42262443391348004, 0.21221206753985744, -1.852817311099245]","[-3.8049944533381774, 4.837427498207907, -2.782582355628517, 0.42262443391348004, 0.2122120675398558, -1.852817311099245]","[-3.8049944533352402, 4.837427498207895, -2.7825823556285174, 0.42262443391347304, 0.21221206753592822, -1.85281731118419]","[-3.8049944533381774, 4.837427498207907, -2.782582355628517, 0.42262443391348004, 0.2122120675398558, -1.852817311099245]","[-3.804994453338179, 4.837427498207907, -2.782582355628517, 0.42262443391348004, 0.21221206753985744, -1.852817311099245]",-3.804994453338179,4.837427498207907,-2.782582355628517,0.42262443391348004,0.21221206753985744,-1.852817311099245
forward/16.0000000000|-0.3000000000/1,16.0000000000|-0.3000000000,local,forward,L-BFGS-B_profile4,,15.8571428571|-0.3000000000,412.7397688622607,563.7776301036128,431.3654884469358,412.73976888819186,412.73976888818044,412.7397688622607,0.0,baseline,True,completed,CONVERGENCE: RELATIVE REDUCTION OF F <= FACTR*EPSMCH,290,0,0,5000,0.29701023921370506,False,"[-3.804994453338179, 4.837427498207907, -2.782582355628517, 0.42262443391348004, 0.21221206753985744, -1.852817311099245]","[-3.6908670380519233, 5.083856017222276, -2.257042485667659, 0.1851093270594536, 0.1765311850486574, -2.1481479870978486]","[-3.7290981021475726, 5.083856017222276, -2.257042485667659, 0.1851093270594536, 0.1853475321415342, -2.1481479870978486]","[-3.8049935783369015, 4.837412428828938, -2.7825841447095536, 0.4226239918158679, 0.21221104169411428, -1.8528686464522464]","[-3.8049935535996573, 4.837412428828938, -2.7825839847095537, 0.4226239918158673, 0.21221104359610174, -1.852868646452247]","[-3.804994453338179, 4.837427498207907, -2.782582355628517, 0.42262443391348004, 0.21221206753985744, -1.852817311099245]",-3.804994453338179,4.837427498207907,-2.782582355628517,0.42262443391348004,0.21221206753985744,-1.852817311099245
forward/16.1428571429|-0.3000000000/0,16.1428571429|-0.3000000000,local,forward,L-BFGS-B_profile4,,own,450.46739699986364,450.46739699986364,450.46739699986387,450.46739699986375,450.46739699986375,450.46739699986364,0.0,baseline,True,completed,CONVERGENCE: RELATIVE REDUCTION OF F <= FACTR*EPSMCH,45,0,0,5000,0.043969396501779556,False,"[-3.9163121442766133, 4.1578617045614745, -0.4537321035806007, -15.0, 0.05511079461156357, -7.649411005032286]","[-3.9163121442766133, 4.1578617045614745, -0.4537321035806007, -15.0, 0.05511079461156357, -7.649411005032286]","[-3.9163121442766133, 4.1578617045614745, -0.4537321035806007, -15.0, 0.055110794611563395, -7.649411005032286]","[-3.916312141773394, 4.157861697802932, -0.4537321106404796, -15.0, 0.05511079383413412, -7.649411055541988]","[-3.916312141773394, 4.157861697802932, -0.4537321106404796, -15.0, 0.05511079383413412, -7.649411055541988]","[-3.9163121442766133, 4.1578617045614745, -0.4537321035806007, -15.0, 0.05511079461156357, -7.649411005032286]",-3.9163121442766133,4.1578617045614745,-0.4537321035806007,-15.0,0.05511079461156357,-7.649411005032286
forward/16.1428571429|-0.3000000000/1,16.1428571429|-0.3000000000,local,forward,L-BFGS-B_profile4,,previous_forward,450.46739699986364,591.1562711062879,392.163165469881,358.43466161120637,358.43466161120637,358.43466161120637,92.03273538865727,optimizer_visited,True,completed,CONVERGENCE: RELATIVE REDUCTION OF F <= FACTR*EPSMCH,125,0,0,5000,0.12255013175308704,True,"[-3.9163121442766133, 4.1578617045614745, -0.4537321035806007, -15.0, 0.05511079461156357, -7.649411005032286]","[-3.804994453338179, 4.837427498207907, -2.782582355628517, 0.42262443391348004, 0.21221206753985744, -1.852817311099245]","[-3.84987042831313, 4.837427498207907, -2.782582355628517, 0.42262443391348004, 0.22290032066135235, -1.852817311099245]","[-4.010299215960962, 4.488009958759449, -3.484097831079731, 0.4750776048119827, 0.2408692838545283, -1.9427901490341546]","[-4.010299215960962, 4.488009958759449, -3.484097831079731, 0.4750776048119827, 0.2408692838545283, -1.9427901490341546]","[-4.010299215960962, 4.488009958759449, -3.484097831079731, 0.4750776048119827, 0.2408692838545283, -1.9427901490341546]",-4.010299215960962,4.488009958759449,-3.484097831079731,0.4750776048119827,0.2408692838545283,-1.9427901490341546
forward/16.2857142857|-0.3000000000/0,16.2857142857|-0.3000000000,local,forward,L-BFGS-B_profile4,,own,350.6485630480757,350.6485630480757,350.64856304807563,350.64856304807563,350.64856304807563,350.64856304807563,5.684341886080802e-14,profiled_start,True,completed,CONVERGENCE: RELATIVE REDUCTION OF F <= FACTR*EPSMCH,140,0,0,5000,0.1308225803077221,True,"[-4.501909877402721, 2.4690173787895873, 1.3955371982386038, 3.805824771197476, -0.21502655184867878, 21.0308265079696]","[-4.501909877402721, 2.4690173787895873, 1.3955371982386038, 3.805824771197476, -0.21502655184867878, 21.0308265079696]","[-4.5019098774027215, 2.4690173787895873, 1.3955371982386038, 3.805824771197476, -0.21502655184867525, 21.0308265079696]","[-4.5019098774027215, 2.469017378789586, 1.3955371982386031, 3.8058247711974733, -0.21502655184867678, 21.0308265079696]","[-4.5019098774027215, 2.4690173787895873, 1.3955371982386038, 3.805824771197476, -0.21502655184867525, 21.0308265079696]","[-4.5019098774027215, 2.4690173787895873, 1.3955371982386038, 3.805824771197476, -0.21502655184867525, 21.0308265079696]",-4.5019098774027215,2.4690173787895873,1.3955371982386038,3.805824771197476,-0.21502655184867525,21.0308265079696
forward/16.2857142857|-0.3000000000/1,16.2857142857|-0.3000000000,local,forward,L-BFGS-B_profile4,,previous_forward,350.6485630480757,628.2165967390034,283.8597329609739,265.8829214209228,265.88292142091893,265.88292142091893,84.76564162715675,optimizer_visited,True,completed,CONVERGENCE: RELATIVE REDUCTION OF F <= FACTR*EPSMCH,125,0,0,5000,0.12375303544104099,True,"[-4.501909877402721, 2.4690173787895873, 1.3955371982386038, 3.805824771197476, -0.21502655184867878, 21.0308265079696]","[-4.010299215960962, 4.488009958759449, -3.484097831079731, 0.4750776048119827, 0.2408692838545283, -1.9427901490341546]","[-4.0571164265048605, 4.488009958759449, -3.484097831079731, 0.4750776048119827, 0.2451347205195039, -1.9427901490341546]","[-4.225855547794416, 4.6692448533989435, -4.067233352723305, 0.20315291323647203, 0.24336016225516666, -2.1960087383438527]","[-4.225855604463509, 4.6692448533989435, -4.067233352723305, 0.20315291323647203, 0.24336026989873064, -2.196006738343853]","[-4.225855604463509, 4.6692448533989435, -4.067233352723305, 0.20315291323647203, 0.24336026989873064, -2.196006738343853]",-4.225855604463509,4.6692448533989435,-4.067233352723305,0.20315291323647203,0.24336026989873064,-2.196006738343853
forward/16.4285714286|-0.3000000000/0,16.4285714286|-0.3000000000,local,forward,L-BFGS-B_profile4,,own,215.2467802283358,215.2467802283358,215.2467802283358,215.2467802283358,215.2467802283358,215.2467802283358,0.0,baseline,True,completed,CONVERGENCE: RELATIVE REDUCTION OF F <= FACTR*EPSMCH,85,0,0,5000,0.08472579158842564,False,"[-4.300254311610808, 4.959381415286006, -4.193760782262759, 0.019339799027457423, 0.21382631988177703, -2.3981935342033167]","[-4.300254311610808, 4.959381415286006, -4.193760782262759, 0.019339799027457423, 0.21382631988177703, -2.3981935342033167]","[-4.300254311610809, 4.959381415286006, -4.193760782262759, 0.019339799027457423, 0.2138263198817776, -2.3981935342033167]","[-4.30025431161069, 4.959381415286005, -4.193760782262759, 0.01933979902745591, 0.2138263198815535, -2.398193534207903]","[-4.300254311610809, 4.959381415286006, -4.193760782262759, 0.019339799027457423, 0.2138263198817776, -2.3981935342033167]","[-4.300254311610808, 4.959381415286006, -4.193760782262759, 0.019339799027457423, 0.21382631988177703, -2.3981935342033167]",-4.300254311610808,4.959381415286006,-4.193760782262759,0.019339799027457423,0.21382631988177703,-2.3981935342033167
forward/16.4285714286|-0.3000000000/1,16.4285714286|-0.3000000000,local,forward,L-BFGS-B_profile4,,previous_forward,215.2467802283358,734.5807080125243,219.15795200209035,215.24678023968102,215.24678023968085,215.2467802283358,0.0,baseline,True,completed,CONVERGENCE: RELATIVE REDUCTION OF F <= FACTR*EPSMCH,205,0,0,5000,0.26949504390358925,False,"[-4.300254311610808, 4.959381415286006, -4.193760782262759, 0.019339799027457423, 0.21382631988177703, -2.3981935342033167]","[-4.225855604463509, 4.6692448533989435, -4.067233352723305, 0.20315291323647203, 0.24336026989873064, -2.196006738343853]","[-4.266800623509154, 4.6692448533989435, -4.067233352723305, 0.20315291323647203, 0.23033416697808476, -2.196006738343853]","[-4.300254333425066, 4.959368217866931, -4.193763285837807, 0.019343022525845733, 0.21382524353292315, -2.3982391091024935]","[-4.300254320845806, 4.959368517866931, -4.193763285837807, 0.019343022525845733, 0.21382520532406885, -2.3982391091024935]","[-4.300254311610808, 4.959381415286006, -4.193760782262759, 0.019339799027457423, 0.21382631988177703, -2.3981935342033167]",-4.300254311610808,4.959381415286006,-4.193760782262759,0.019339799027457423,0.21382631988177703,-2.3981935342033167
forward/16.5714285714|-0.3000000000/0,16.5714285714|-0.3000000000,local,forward,L-BFGS-B_profile4,,own,203.08893775124125,203.08893775124125,203.0889377512414,203.0889377512412,203.0889377512412,203.0889377512412,5.684341886080802e-14,optimizer_visited,True,completed,CONVERGENCE: RELATIVE REDUCTION OF F <= FACTR*EPSMCH,85,0,0,5000,0.08595721982419491,True,"[-4.309750460101516, 4.996868060596409, -4.161226867272481, 0.03797843082361579, 0.16205512613360817, -2.9294194014778587]","[-4.309750460101516, 4.996868060596409, -4.161226867272481, 0.03797843082361579, 0.16205512613360817, -2.9294194014778587]","[-4.30975046010151, 4.996868060596409, -4.161226867272481, 0.03797843082361579, 0.1620551261336014, -2.9294194014778587]","[-4.309750460101509, 4.996868060596409, -4.161226867272481, 0.03797843082361578, 0.16205512613360082, -2.929419401477875]","[-4.309750460101509, 4.996868060596409, -4.161226867272481, 0.03797843082361578, 0.16205512613360082, -2.9294194014778734]","[-4.309750460101509, 4.996868060596409, -4.161226867272481, 0.03797843082361578, 0.16205512613360082, -2.9294194014778734]",-4.309750460101509,4.996868060596409,-4.161226867272481,0.03797843082361578,0.16205512613360082,-2.9294194014778734
forward/16.5714285714|-0.3000000000/1,16.5714285714|-0.3000000000,local,forward,L-BFGS-B_profile4,,previous_forward,203.08893775124125,802.0027362095477,215.56655168443132,203.08893775723615,203.08893775721882,203.08893775124125,0.0,baseline,True,completed,CONVERGENCE: RELATIVE REDUCTION OF F <= FACTR*EPSMCH,235,0,0,5000,0.2781033720821142,False,"[-4.309750460101516, 4.996868060596409, -4.161226867272481, 0.03797843082361579, 0.16205512613360817, -2.9294194014778587]","[-4.300254311610808, 4.959381415286006, -4.193760782262759, 0.019339799027457423, 0.21382631988177703, -2.3981935342033167]","[-4.3350854635628435, 4.959381415286006, -4.193760782262759, 0.019339799027457423, 0.1905929906492812, -2.3981935342033167]","[-4.309750839295093, 4.996864549488292, -4.161229800422843, 0.03797708773601307, 0.1620543204057982, -2.9294555177865256]","[-4.3097508191702465, 4.996864550283297, -4.161229800353341, 0.03797743713168171, 0.16205426407199167, -2.9294555173619736]","[-4.309750460101516, 4.996868060596409, -4.161226867272481, 0.03797843082361579, 0.16205512613360817, -2.9294194014778587]",-4.309750460101516,4.996868060596409,-4.161226867272481,0.03797843082361579,0.16205512613360817,-2.9294194014778587
forward/16.7142857143|-0.3000000000/0,16.7142857143|-0.3000000000,local,forward,L-BFGS-B_profile4,,own,204.49243988224814,204.49243988224814,204.4924398822479,204.4924398822477,204.4924398822477,204.4924398822477,4.263256414560601e-13,optimizer_visited,True,completed,CONVERGENCE: RELATIVE REDUCTION OF F <= FACTR*EPSMCH,105,0,0,5000,0.0991532914340496,True,"[-4.320590694975177, 4.911801241462204, -4.162929730667404, 0.1706158455290381, 0.10001711507579182, -3.9120684586322616]","[-4.320590694975177, 4.911801241462204, -4.162929730667404, 0.1706158455290381, 0.10001711507579182, -3.9120684586322616]","[-4.320590694975176, 4.911801241462204, -4.162929730667404, 0.1706158455290381, 0.10001711507579084, -3.9120684586322616]","[-4.3205906949751745, 4.911801241462204, -4.162929730667404, 0.17061584552903805, 0.10001711507578728, -3.912068458632416]","[-4.3205906949751745, 4.911801241462204, -4.162929730667404, 0.17061584552903805, 0.10001711507578764, -3.912068458632405]","[-4.3205906949751745, 4.911801241462204, -4.162929730667404, 0.17061584552903805, 0.10001711507578764, -3.912068458632405]",-4.3205906949751745,4.911801241462204,-4.162929730667404,0.17061584552903805,0.10001711507578764,-3.912068458632405
forward/16.7142857143|-0.3000000000/1,16.7142857143|-0.3000000000,local,forward,L-BFGS-B_profile4,,previous_forward,204.49243988224814,791.9223284372373,223.71773305548888,204.49243988420963,204.49243988417422,204.49243988224814,0.0,baseline,True,completed,CONVERGENCE: RELATIVE REDUCTION OF F <= FACTR*EPSMCH,260,0,0,5000,0.2535631116479635,False,"[-4.320590694975177, 4.911801241462204, -4.162929730667404, 0.1706158455290381, 0.10001711507579182, -3.9120684586322616]","[-4.309750460101509, 4.996868060596409, -4.161226867272481, 0.03797843082361578, 0.16205512613360082, -2.9294194014778734]","[-4.3424951341051585, 4.996868060596409, -4.161226867272481, 0.03797843082361578, 0.14007847754565278, -2.9294194014778734]","[-4.320591278485478, 4.911800517873226, -4.162932589317382, 0.1706153526859051, 0.10001652096239533, -3.9120951495855434]","[-4.320591225076903, 4.911800517873226, -4.162932429317382, 0.1706153526859051, 0.10001652600381428, -3.9120951495855434]","[-4.320590694975177, 4.911801241462204, -4.162929730667404, 0.1706158455290381, 0.10001711507579182, -3.9120684586322616]",-4.320590694975177,4.911801241462204,-4.162929730667404,0.1706158455290381,0.10001711507579182,-3.9120684586322616
forward/16.8571428571|-0.3000000000/0,16.8571428571|-0.3000000000,local,forward,L-BFGS-B_profile4,,own,213.88381008226298,213.88381008226298,213.8838100822629,213.8838100822629,213.8838100822629,213.8838100822629,8.526512829121202e-14,profiled_start,True,completed,CONVERGENCE: RELATIVE REDUCTION OF F <= FACTR*EPSMCH,105,0,0,5000,0.09852253831923008,True,"[-4.2969351545088905, 4.783677251616769, -0.20906581629318455, -15.0, 0.09086064342934043, -5.0981252331185445]","[-4.2969351545088905, 4.783677251616769, -0.20906581629318455, -15.0, 0.09086064342934043, -5.0981252331185445]","[-4.296935154508891, 4.783677251616769, -0.20906581629318455, -15.0, 0.09086064342934062, -5.0981252331185445]","[-4.2969351545088905, 4.783677251616769, -0.20906581629318455, -15.0, 0.0908606434293403, -5.098125233118575]","[-4.296935154508891, 4.783677251616769, -0.20906581629318455, -15.0, 0.09086064342934062, -5.0981252331185445]","[-4.296935154508891, 4.783677251616769, -0.20906581629318455, -15.0, 0.09086064342934062, -5.0981252331185445]",-4.296935154508891,4.783677251616769,-0.20906581629318455,-15.0,0.09086064342934062,-5.0981252331185445
forward/16.8571428571|-0.3000000000/1,16.8571428571|-0.3000000000,local,forward,L-BFGS-B_profile4,,previous_forward,213.88381008226298,734.0116724448236,232.52551859668563,210.27747160655252,210.27747160655252,210.27747160655252,3.6063384757104586,optimizer_visited,True,completed,CONVERGENCE: RELATIVE REDUCTION OF F <= FACTR*EPSMCH,150,0,0,5000,0.1527673564851284,True,"[-4.2969351545088905, 4.783677251616769, -0.20906581629318455, -15.0, 0.09086064342934043, -5.0981252331185445]","[-4.3205906949751745, 4.911801241462204, -4.162929730667404, 0.17061584552903805, 0.10001711507578764, -3.912068458632405]","[-4.355006358836525, 4.911801241462204, -4.162929730667404, 0.17061584552903805, 0.08527038517898756, -3.912068458632405]","[-4.336473268806134, 4.75254981465012, -4.19324706438934, 0.38934968069748177, 0.03779079952633094, -5.967262053156768]","[-4.336473268806134, 4.75254981465012, -4.19324706438934, 0.38934968069748177, 0.03779079952633094, -5.967262053156768]","[-4.336473268806134, 4.75254981465012, -4.19324706438934, 0.38934968069748177, 0.03779079952633094, -5.967262053156768]",-4.336473268806134,4.75254981465012,-4.19324706438934,0.38934968069748177,0.03779079952633094,-5.967262053156768
forward/15.8571428571|0.0000000000/0,15.8571428571|0.0000000000,local,forward,L-BFGS-B_profile4,,own,786.2191297582671,786.2191297582671,786.2191297582673,786.2191297582671,786.2191297582671,786.2191297582671,0.0,baseline,True,completed,CONVERGENCE: RELATIVE REDUCTION OF F <= FACTR*EPSMCH,105,0,0,5000,0.09860555082559586,False,"[-3.1667038426717804, 4.44921115366171, -2.012857007598422, 0.656205124858523, 0.3121658499203233, -1.6945891652487326]","[-3.1667038426717804, 4.44921115366171, -2.012857007598422, 0.656205124858523, 0.3121658499203233, -1.6945891652487326]","[-3.1667038426717715, 4.44921115366171, -2.012857007598422, 0.656205124858523, 0.31216584992031493, -1.6945891652487326]","[-3.1667038426717693, 4.449211153661709, -2.012857007598422, 0.6562051248585229, 0.3121658499203116, -1.6945891652487837]","[-3.1667038426717693, 4.449211153661709, -2.012857007598422, 0.6562051248585229, 0.3121658499203116, -1.6945891652487837]","[-3.1667038426717804, 4.44921115366171, -2.012857007598422, 0.656205124858523, 0.3121658499203233, -1.6945891652487326]",-3.1667038426717804,4.44921115366171,-2.012857007598422,0.656205124858523,0.3121658499203233,-1.6945891652487326
forward/15.8571428571|0.0000000000/1,15.8571428571|0.0000000000,local,forward,L-BFGS-B_profile4,,15.7142857143|0.0000000000,786.2191297582671,1054.0212029140873,808.7621772291575,786.2191297594511,786.2191297594471,786.2191297582671,0.0,baseline,True,completed,CONVERGENCE: RELATIVE REDUCTION OF F <= FACTR*EPSMCH,135,0,0,5000,0.13458187133073807,False,"[-3.1667038426717804, 4.44921115366171, -2.012857007598422, 0.656205124858523, 0.3121658499203233, -1.6945891652487326]","[-3.0868962409493927, 4.624964960315962, -1.7572677382419102, 0.3751432111797849, 0.2581084484103724, -1.942815761474017]","[-3.1448507184423637, 4.624964960315962, -1.7572677382419102, 0.3751432111797849, 0.27732585703452495, -1.942815761474017]","[-3.1667036093249066, 4.449207368712302, -2.0128572057104153, 0.6562056877833092, 0.3121656373988511, -1.6945979813094942]","[-3.166703600125077, 4.44920768360383, -2.012857247431464, 0.6562052876009361, 0.31216561182600483, -1.6945979841894145]","[-3.1667038426717804, 4.44921115366171, -2.012857007598422, 0.656205124858523, 0.3121658499203233, -1.6945891652487326]",-3.1667038426717804,4.44921115366171,-2.012857007598422,0.656205124858523,0.3121658499203233,-1.6945891652487326
forward/16.0000000000|0.0000000000/0,16.0000000000|0.0000000000,local,forward,L-BFGS-B_profile4,,own,827.8476637216739,827.8476637216739,827.8476637216743,827.847663721674,827.847663721674,827.8476637216739,0.0,baseline,True,completed,CONVERGENCE: RELATIVE REDUCTION OF F <= FACTR*EPSMCH,135,0,0,5000,0.13442459143698215,False,"[-3.332550825619357, 4.055777754101996, -2.51686540427772, 0.7788684027983479, 0.41147372099314605, -1.5016501715987274]","[-3.332550825619357, 4.055777754101996, -2.51686540427772, 0.7788684027983479, 0.41147372099314605, -1.5016501715987274]","[-3.33255082561936, 4.055777754101996, -2.51686540427772, 0.7788684027983479, 0.41147372099315, -1.5016501715987274]","[-3.332550825619359, 4.055777754101996, -2.51686540427772, 0.7788684027983479, 0.4114737209931493, -1.50165017159873]","[-3.332550825619359, 4.055777754101996, -2.51686540427772, 0.7788684027983479, 0.4114737209931493, -1.5016501715987298]","[-3.332550825619357, 4.055777754101996, -2.51686540427772, 0.7788684027983479, 0.41147372099314605, -1.5016501715987274]",-3.332550825619357,4.055777754101996,-2.51686540427772,0.7788684027983479,0.41147372099314605,-1.5016501715987274
forward/16.0000000000|0.0000000000/1,16.0000000000|0.0000000000,local,forward,L-BFGS-B_profile4,,15.8571428571|0.0000000000,827.8476637216739,1221.5387802106059,885.589510823734,827.8476638454613,827.8476638454604,827.8476637216739,0.0,baseline,True,completed,CONVERGENCE: RELATIVE REDUCTION OF F <= FACTR*EPSMCH,220,0,0,5000,0.22417838871479034,False,"[-3.332550825619357, 4.055777754101996, -2.51686540427772, 0.7788684027983479, 0.41147372099314605, -1.5016501715987274]","[-3.1667038426717804, 4.44921115366171, -2.012857007598422, 0.656205124858523, 0.3121658499203233, -1.6945891652487326]","[-3.238455291404397, 4.44921115366171, -2.012857007598422, 0.656205124858523, 0.3409176039682359, -1.6945891652487326]","[-3.332547833898947, 4.055726061040568, -2.516863385953845, 0.7788896958414286, 0.4114707929517187, -1.5017466435895215]","[-3.3325478355194234, 4.055726061040568, -2.516863385953845, 0.7788900458414287, 0.41147078243339597, -1.5017466435895215]","[-3.332550825619357, 4.055777754101996, -2.51686540427772, 0.7788684027983479, 0.41147372099314605, -1.5016501715987274]",-3.332550825619357,4.055777754101996,-2.51686540427772,0.7788684027983479,0.41147372099314605,-1.5016501715987274
forward/16.1428571429|0.0000000000/0,16.1428571429|0.0000000000,local,forward,L-BFGS-B_profile4,,own,679.515552009753,679.515552009753,679.5155520097533,679.5155520097533,679.5155520097533,679.515552009753,0.0,baseline,True,completed,CONVERGENCE: RELATIVE REDUCTION OF F <= FACTR*EPSMCH,90,0,0,5000,0.08800036273896694,False,"[-3.64549843196023, 3.456291546487088, -3.220699226113542, 0.8564057392400497, 0.5866332771855007, -1.6044461489487387]","[-3.64549843196023, 3.456291546487088, -3.220699226113542, 0.8564057392400497, 0.5866332771855007, -1.6044461489487387]","[-3.6454984319602306, 3.456291546487088, -3.220699226113542, 0.8564057392400497, 0.5866332771855, -1.6044461489487387]","[-3.6454984319602306, 3.456291546487088, -3.220699226113542, 0.8564057392400497, 0.5866332771855, -1.6044461489487392]","[-3.6454984319602306, 3.456291546487088, -3.220699226113542, 0.8564057392400497, 0.5866332771855, -1.6044461489487387]","[-3.64549843196023, 3.456291546487088, -3.220699226113542, 0.8564057392400497, 0.5866332771855007, -1.6044461489487387]",-3.64549843196023,3.456291546487088,-3.220699226113542,0.8564057392400497,0.5866332771855007,-1.6044461489487387
forward/16.1428571429|0.0000000000/1,16.1428571429|0.0000000000,local,forward,L-BFGS-B_profile4,,previous_forward,679.515552009753,1251.4943911544474,780.7736295509882,679.5155520133167,679.5155520133167,679.515552009753,0.0,baseline,True,completed,CONVERGENCE: RELATIVE REDUCTION OF F <= FACTR*EPSMCH,135,0,0,5000,0.33493950217962265,False,"[-3.64549843196023, 3.456291546487088, -3.220699226113542, 0.8564057392400497, 0.5866332771855007, -1.6044461489487387]","[-3.332550825619357, 4.055777754101996, -2.51686540427772, 0.7788684027983479, 0.41147372099314605, -1.5016501715987274]","[-3.411342254888762, 4.055777754101996, -2.51686540427772, 0.7788684027983479, 0.44511433943668915, -1.5016501715987274]","[-3.6454979387646733, 3.4562759213252985, -3.2206989490508082, 0.8564123266207172, 0.5866326966349368, -1.6044671303194775]","[-3.6454979387646733, 3.4562759213252985, -3.2206989490508082, 0.8564123266207172, 0.5866326966349368, -1.6044671303194775]","[-3.64549843196023, 3.456291546487088, -3.220699226113542, 0.8564057392400497, 0.5866332771855007, -1.6044461489487387]",-3.64549843196023,3.456291546487088,-3.220699226113542,0.8564057392400497,0.5866332771855007,-1.6044461489487387
forward/16.2857142857|0.0000000000/0,16.2857142857|0.0000000000,local,forward,L-BFGS-B_profile4,,own,420.3572664073936,420.3572664073936,420.35726640739347,420.3572664073934,420.3572664073934,420.3572664073934,1.7053025658242404e-13,optimizer_visited,True,completed,CONVERGENCE: RELATIVE REDUCTION OF F <= FACTR*EPSMCH,135,0,0,5000,0.1264097522944212,True,"[-3.9912317571471747, 3.5801163772972533, -3.8717382945621743, 0.6240322138591523, 0.7681090805242149, -1.3920595350171419]","[-3.9912317571471747, 3.5801163772972533, -3.8717382945621743, 0.6240322138591523, 0.7681090805242149, -1.3920595350171419]","[-3.9912317571471734, 3.5801163772972533, -3.8717382945621743, 0.6240322138591523, 0.7681090805242142, -1.3920595350171419]","[-3.9912317571471734, 3.5801163772972533, -3.8717382945621743, 0.6240322138591523, 0.7681090805242129, -1.392059535017144]","[-3.9912317571471734, 3.5801163772972533, -3.8717382945621743, 0.6240322138591523, 0.7681090805242129, -1.3920595350171432]","[-3.9912317571471734, 3.5801163772972533, -3.8717382945621743, 0.6240322138591523, 0.7681090805242129, -1.3920595350171432]",-3.9912317571471734,3.5801163772972533,-3.8717382945621743,0.6240322138591523,0.7681090805242129,-1.3920595350171432
forward/16.2857142857|0.0000000000/1,16.2857142857|0.0000000000,local,forward,L-BFGS-B_profile4,,16.1428571429|0.0000000000,420.3572664073936,1319.2510097771278,473.16869663306875,420.3572667893053,420.35726669452123,420.3572664073936,0.0,baseline,True,completed,CONVERGENCE: RELATIVE REDUCTION OF F <= FACTR*EPSMCH,240,0,0,5000,0.24376019835472107,False,"[-3.9912317571471747, 3.5801163772972533, -3.8717382945621743, 0.6240322138591523, 0.7681090805242149, -1.3920595350171419]","[-3.64549843196023, 3.456291546487088, -3.220699226113542, 0.8564057392400497, 0.5866332771855007, -1.6044461489487387]","[-3.7184418163257935, 3.456291546487088, -3.220699226113542, 0.8564057392400497, 0.5969398955735574, -1.6044461489487387]","[-3.9912191462298607, 3.5798661234328377, -3.871717878845392, 0.624145316077297, 0.7680950774105906, -1.3923600985369662]","[-3.9912211257733645, 3.579887499981416, -3.8717214813749736, 0.6241325299443208, 0.7680978503401453, -1.3923274894935107]","[-3.9912317571471747, 3.5801163772972533, -3.8717382945621743, 0.6240322138591523, 0.7681090805242149, -1.3920595350171419]",-3.9912317571471747,3.5801163772972533,-3.8717382945621743,0.6240322138591523,0.7681090805242149,-1.3920595350171419
forward/16.4285714286|0.0000000000/0,16.4285714286|0.0000000000,local,forward,L-BFGS-B_profile4,,own,262.5907095766087,262.5907095766087,262.5907095766088,262.5907095766088,262.5907095766088,262.5907095766087,0.0,baseline,False,not_converged,ABNORMAL: ,155,0,0,5000,0.14541176706552505,False,"[-4.159899996285716, 4.518479074133467, -4.145148950154016, 0.10091518911682415, 0.7603422158461387, -0.7571993857433746]","[-4.159899996285716, 4.518479074133467, -4.145148950154016, 0.10091518911682415, 0.7603422158461387, -0.7571993857433746]","[-4.159899996285716, 4.518479074133467, -4.145148950154016, 0.10091518911682415, 0.7603422158461423, -0.7571993857433746]","[-4.159899996285716, 4.518479074133467, -4.145148950154016, 0.10091518911682415, 0.7603422158461423, -0.7571993857433746]","[-4.159899996285716, 4.518479074133467, -4.145148950154016, 0.10091518911682415, 0.7603422158461423, -0.7571993857433746]","[-4.159899996285716, 4.518479074133467, -4.145148950154016, 0.10091518911682415, 0.7603422158461387, -0.7571993857433746]",-4.159899996285716,4.518479074133467,-4.145148950154016,0.10091518911682415,0.7603422158461387,-0.7571993857433746
forward/16.4285714286|0.0000000000/1,16.4285714286|0.0000000000,local,forward,L-BFGS-B_profile4,,previous_forward,262.5907095766087,1691.0067145347646,270.3168467144998,262.59070958044686,262.59070958043924,262.5907095766087,0.0,baseline,True,completed,CONVERGENCE: RELATIVE REDUCTION OF F <= FACTR*EPSMCH,160,0,0,5000,0.15759518556296825,False,"[-4.159899996285716, 4.518479074133467, -4.145148950154016, 0.10091518911682415, 0.7603422158461387, -0.7571993857433746]","[-3.9912317571471734, 3.5801163772972533, -3.8717382945621743, 0.6240322138591523, 0.7681090805242129, -1.3920595350171432]","[-4.0447559631702035, 3.5801163772972533, -3.8717382945621743, 0.6240322138591523, 0.705650798544062, -1.3920595350171432]","[-4.159897948718232, 4.518448134749157, -4.145144986121407, 0.1009296386804918, 0.7603404292295464, -0.7572329424583656]","[-4.159898012569235, 4.518448137950417, -4.145144986000665, 0.1009296367417397, 0.7603406820733399, -0.7572309406006844]","[-4.159899996285716, 4.518479074133467, -4.145148950154016, 0.10091518911682415, 0.7603422158461387, -0.7571993857433746]",-4.159899996285716,4.518479074133467,-4.145148950154016,0.10091518911682415,0.7603422158461387,-0.7571993857433746
forward/16.5714285714|0.0000000000/0,16.5714285714|0.0000000000,local,forward,L-BFGS-B_profile4,,own,212.66822462851965,212.66822462851965,212.66822462852,212.66822462851982,212.66822462851982,212.66822462851965,0.0,baseline,True,completed,CONVERGENCE: RELATIVE REDUCTION OF F <= FACTR*EPSMCH,85,0,0,5000,0.08036643639206886,False,"[-4.194093361873419, 4.933000469541424, -4.166432401946217, -0.13219901905917902, 0.603459692585076, -0.8271406647802932]","[-4.194093361873419, 4.933000469541424, -4.166432401946217, -0.13219901905917902, 0.603459692585076, -0.8271406647802932]","[-4.194093361873417, 4.933000469541424, -4.166432401946217, -0.13219901905917902, 0.603459692585073, -0.8271406647802932]","[-4.194093361873416, 4.933000469541424, -4.166432401946217, -0.13219901905918013, 0.6034596925850698, -0.8271406647803086]","[-4.194093361873416, 4.933000469541424, -4.166432401946217, -0.13219901905918013, 0.6034596925850698, -0.8271406647803086]","[-4.194093361873419, 4.933000469541424, -4.166432401946217, -0.13219901905917902, 0.603459692585076, -0.8271406647802932]",-4.194093361873419,4.933000469541424,-4.166432401946217,-0.13219901905917902,0.603459692585076,-0.8271406647802932
forward/16.5714285714|0.0000000000/1,16.5714285714|0.0000000000,local,forward,L-BFGS-B_profile4,,previous_forward,212.66822462851965,2031.5215315239798,225.34760904613753,212.66822463001338,212.6682246300083,212.66822462851965,0.0,baseline,True,completed,CONVERGENCE: RELATIVE REDUCTION OF F <= FACTR*EPSMCH,135,0,0,5000,0.13195061683654785,False,"[-4.194093361873419, 4.933000469541424, -4.166432401946217, -0.13219901905917902, 0.603459692585076, -0.8271406647802932]","[-4.159899996285716, 4.518479074133467, -4.145148950154016, 0.10091518911682415, 0.7603422158461387, -0.7571993857433746]","[-4.195383222092246, 4.518479074133467, -4.145148950154016, 0.10091518911682415, 0.6377610799313385, -0.7571993857433746]","[-4.194092674012546, 4.932989904944289, -4.166431420401723, -0.13219518480063708, 0.6034589721911832, -0.8271564843404772]","[-4.1940926716455555, 4.932989904944289, -4.166431420401723, -0.1321948348006371, 0.6034589079080624, -0.8271564843404772]","[-4.194093361873419, 4.933000469541424, -4.166432401946217, -0.13219901905917902, 0.603459692585076, -0.8271406647802932]",-4.194093361873419,4.933000469541424,-4.166432401946217,-0.13219901905917902,0.603459692585076,-0.8271406647802932
forward/16.7142857143|0.0000000000/0,16.7142857143|0.0000000000,local,forward,L-BFGS-B_profile4,,own,204.26678685847085,204.26678685847085,204.26678685847088,204.2667868584708,204.2667868584708,204.2667868584708,5.684341886080802e-14,optimizer_visited,True,completed,CONVERGENCE: RELATIVE REDUCTION OF F <= FACTR*EPSMCH,100,0,0,5000,0.09503404051065445,True,"[-4.213123708015166, 5.000442900060523, -4.1922703765605, -0.1635130858026507, 0.42291284181359823, -1.4366481949306233]","[-4.213123708015166, 5.000442900060523, -4.1922703765605, -0.1635130858026507, 0.42291284181359823, -1.4366481949306233]","[-4.21312370801516, 5.000442900060523, -4.1922703765605, -0.1635130858026507, 0.42291284181358807, -1.4366481949306233]","[-4.21312370801516, 5.000442900060523, -4.1922703765605, -0.16351308580265078, 0.42291284181358807, -1.436648194930624]","[-4.21312370801516, 5.000442900060523, -4.1922703765605, -0.16351308580265078, 0.42291284181358807, -1.436648194930624]","[-4.21312370801516, 5.000442900060523, -4.1922703765605, -0.16351308580265078, 0.42291284181358807, -1.436648194930624]",-4.21312370801516,5.000442900060523,-4.1922703765605,-0.16351308580265078,0.42291284181358807,-1.436648194930624
forward/16.7142857143|0.0000000000/1,16.7142857143|0.0000000000,local,forward,L-BFGS-B_profile4,,previous_forward,204.26678685847085,2106.641027822937,228.16113518040586,204.266786859141,204.26678685905924,204.26678685847085,0.0,baseline,True,completed,CONVERGENCE: RELATIVE REDUCTION OF F <= FACTR*EPSMCH,155,0,0,5000,0.1554293241351843,False,"[-4.213123708015166, 5.000442900060523, -4.1922703765605, -0.1635130858026507, 0.42291284181359823, -1.4366481949306233]","[-4.194093361873419, 4.933000469541424, -4.166432401946217, -0.13219901905917902, 0.603459692585076, -0.8271406647802932]","[-4.222174335002051, 4.933000469541424, -4.166432401946217, -0.13219901905917902, 0.47903168809276825, -0.8271406647802932]","[-4.2131236535943275, 5.000441259702576, -4.192270715804353, -0.16351370098133022, 0.4229125356568542, -1.436656707943027]","[-4.213123658956684, 5.000439870864448, -4.192270731916919, -0.16351251177677795, 0.42291249372951817, -1.4366569207479587]","[-4.213123708015166, 5.000442900060523, -4.1922703765605, -0.1635130858026507, 0.42291284181359823, -1.4366481949306233]",-4.213123708015166,5.000442900060523,-4.1922703765605,-0.1635130858026507,0.42291284181359823,-1.4366481949306233
forward/16.8571428571|0.0000000000/0,16.8571428571|0.0000000000,local,forward,L-BFGS-B_profile4,,own,205.1064511174939,205.1064511174939,205.10645111749406,205.10645111749383,205.10645111749383,205.10645111749383,5.684341886080802e-14,optimizer_visited,True,completed,CONVERGENCE: RELATIVE REDUCTION OF F <= FACTR*EPSMCH,100,0,0,5000,0.09283184632658958,True,"[-4.242209651298155, 4.905216064121953, -4.270415248297765, -0.060686213906791235, 0.24893760901045772, -2.5433609230568814]","[-4.242209651298155, 4.905216064121953, -4.270415248297765, -0.060686213906791235, 0.24893760901045772, -2.5433609230568814]","[-4.242209651298155, 4.905216064121953, -4.270415248297765, -0.060686213906791235, 0.2489376090104586, -2.5433609230568814]","[-4.242209651298153, 4.905216064121953, -4.270415248297765, -0.060686213906791256, 0.2489376090104564, -2.5433609230569116]","[-4.242209651298153, 4.905216064121953, -4.270415248297765, -0.060686213906791256, 0.2489376090104564, -2.5433609230569103]","[-4.242209651298153, 4.905216064121953, -4.270415248297765, -0.060686213906791256, 0.2489376090104564, -2.5433609230569103]",-4.242209651298153,4.905216064121953,-4.270415248297765,-0.060686213906791256,0.2489376090104564,-2.5433609230569103
forward/16.8571428571|0.0000000000/1,16.8571428571|0.0000000000,local,forward,L-BFGS-B_profile4,,previous_forward,205.1064511174939,1937.8705730586219,242.02239027373025,205.1064511275148,205.10645112750203,205.1064511174939,0.0,baseline,True,completed,CONVERGENCE: RELATIVE REDUCTION OF F <= FACTR*EPSMCH,160,0,0,5000,0.15322943031787872,False,"[-4.242209651298155, 4.905216064121953, -4.270415248297765, -0.060686213906791235, 0.24893760901045772, -2.5433609230568814]","[-4.21312370801516, 5.000442900060523, -4.1922703765605, -0.16351308580265078, 0.42291284181358807, -1.436648194930624]","[-4.243657346411902, 5.000442900060523, -4.1922703765605, -0.16351308580265078, 0.32824845347693427, -1.436648194930624]","[-4.242209562154981, 4.905207402018273, -4.270417028263295, -0.06068555102827637, 0.24893627481272018, -2.543404195437589]","[-4.242210071806048, 4.905207402018273, -4.270417028263295, -0.06068555102827637, 0.24893742537108052, -2.543384195437589]","[-4.242209651298155, 4.905216064121953, -4.270415248297765, -0.060686213906791235, 0.24893760901045772, -2.5433609230568814]",-4.242209651298155,4.905216064121953,-4.270415248297765,-0.060686213906791235,0.24893760901045772,-2.5433609230568814
forward/14.7142857143|-0.4000000000/0,14.7142857143|-0.4000000000,local,forward,L-BFGS-B_profile4,,own,206.6058064676264,206.6058064676264,206.60580646762645,206.60580646762645,206.60580646762645,206.6058064676264,0.0,baseline,True,completed,CONVERGENCE: RELATIVE REDUCTION OF F <= FACTR*EPSMCH,90,0,0,5000,0.09049040637910366,False,"[-3.7594952583455283, 4.153423821462068, -3.5416591656184813, 1.2887724673094292, -0.03502863044451658, 112.25907001728976]","[-3.7594952583455283, 4.153423821462068, -3.5416591656184813, 1.2887724673094292, -0.03502863044451658, 112.25907001728976]","[-3.759495258345529, 4.153423821462068, -3.5416591656184813, 1.2887724673094292, -0.03502863044451606, 112.25907001728976]","[-3.759495258345529, 4.153423821462068, -3.5416591656184813, 1.2887724673094292, -0.03502863044451606, 112.25907001728976]","[-3.759495258345529, 4.153423821462068, -3.5416591656184813, 1.2887724673094292, -0.03502863044451606, 112.25907001728976]","[-3.7594952583455283, 4.153423821462068, -3.5416591656184813, 1.2887724673094292, -0.03502863044451658, 112.25907001728976]",-3.7594952583455283,4.153423821462068,-3.5416591656184813,1.2887724673094292,-0.03502863044451658,112.25907001728976
forward/14.7142857143|-0.4000000000/1,14.7142857143|-0.4000000000,local,forward,L-BFGS-B_profile4,,14.5714285714|-0.4000000000,206.6058064676264,212.57865188971863,206.7953029546048,206.60643754287548,206.6064375428729,206.6058064676264,0.0,baseline,True,completed,CONVERGENCE: RELATIVE REDUCTION OF F <= FACTR*EPSMCH,110,0,0,5000,0.10991458222270012,False,"[-3.7594952583455283, 4.153423821462068, -3.5416591656184813, 1.2887724673094292, -0.03502863044451658, 112.25907001728976]","[-3.753590508711798, 4.183390724057883, -3.534454883476833, 1.288541054335956, -0.0344835813050403, 579.27027736434]","[-3.75967299417063, 4.183390724057883, -3.534454883476833, 1.288541054335956, -0.033078122218266365, 579.27027736434]","[-3.759545693890904, 4.15473237061134, -3.541286560076188, 1.2887847430799602, -0.03489176895766565, 579.27027736434]","[-3.759545743859313, 4.15473237061134, -3.541286560076188, 1.28878509307996, -0.03489172567081647, 579.27027736434]","[-3.7594952583455283, 4.153423821462068, -3.5416591656184813, 1.2887724673094292, -0.03502863044451658, 112.25907001728976]",-3.7594952583455283,4.153423821462068,-3.5416591656184813,1.2887724673094292,-0.03502863044451658,112.25907001728976
forward/14.7142857143|-0.2000000000/0,14.7142857143|-0.2000000000,local,forward,L-BFGS-B_profile4,,own,207.80433217090285,207.80433217090285,207.804332170903,207.8043321709029,207.8043321709029,207.80433217090285,0.0,baseline,True,completed,CONVERGENCE: RELATIVE REDUCTION OF F <= FACTR*EPSMCH,60,0,0,5000,0.05793798714876175,False,"[-3.4735081663968814, 3.7528982459552997, 0.46379243109357593, 4.296734540449597, -0.3761751241730943, 5.396037668513616]","[-3.4735081663968814, 3.7528982459552997, 0.46379243109357593, 4.296734540449597, -0.3761751241730943, 5.396037668513616]","[-3.4735081663968894, 3.7528982459552997, 0.46379243109357593, 4.296734540449597, -0.3761751241730847, 5.396037668513616]","[-3.473508166338736, 3.752898245934095, 0.46379243103053236, 4.2967345404384645, -0.3761751241908447, 5.396037668267051]","[-3.4735081663389518, 3.752898245934174, 0.4637924310307662, 4.296734540438506, -0.37617512419077787, 5.396037668267965]","[-3.4735081663968814, 3.7528982459552997, 0.46379243109357593, 4.296734540449597, -0.3761751241730943, 5.396037668513616]",-3.4735081663968814,3.7528982459552997,0.46379243109357593,4.296734540449597,-0.3761751241730943,5.396037668513616
forward/14.7142857143|-0.2000000000/1,14.7142857143|-0.2000000000,local,forward,L-BFGS-B_profile4,,14.8571428571|-0.2000000000,207.80433217090285,257.3141620936973,250.6862599935086,248.66920145554434,248.66920145554315,207.80433217090285,0.0,baseline,True,completed,CONVERGENCE: RELATIVE REDUCTION OF F <= FACTR*EPSMCH,100,0,0,5000,0.09861835837364197,False,"[-3.4735081663968814, 3.7528982459552997, 0.46379243109357593, 4.296734540449597, -0.3761751241730943, 5.396037668513616]","[-3.3422322238839173, 4.29712265904816, -0.91743091279063, -8.155579284130784, 0.0078512517466273, -12.743492368238911]","[-3.336488307295068, 4.29712265904816, -0.91743091279063, -8.155579284130784, 0.007923766765414963, -12.743492368238911]","[-3.327259407676754, 4.314194003510315, -0.9587549690578326, -8.372051983198615, 0.0062291224837376135, -13.454654053758217]","[-3.327259416869891, 4.314194303510315, -0.9587549690578326, -8.372051983198615, 0.006229120300832625, -13.454654053758217]","[-3.4735081663968814, 3.7528982459552997, 0.46379243109357593, 4.296734540449597, -0.3761751241730943, 5.396037668513616]",-3.4735081663968814,3.7528982459552997,0.46379243109357593,4.296734540449597,-0.3761751241730943,5.396037668513616
forward/14.7142857143|-0.1000000000/0,14.7142857143|-0.1000000000,local,forward,L-BFGS-B_profile4,,own,259.8088185554777,259.8088185554777,259.8088185554777,259.8088185554777,259.8088185554777,259.8088185554777,0.0,baseline,True,completed,CONVERGENCE: RELATIVE REDUCTION OF F <= FACTR*EPSMCH,70,0,0,5000,0.06671605631709099,False,"[-3.1563782527039335, 4.241620037707688, -0.7302688084081547, -9.527838783540915, 0.009764841902607138, -12.385887564220052]","[-3.1563782527039335, 4.241620037707688, -0.7302688084081547, -9.527838783540915, 0.009764841902607138, -12.385887564220052]","[-3.1563782527039335, 4.241620037707688, -0.7302688084081547, -9.527838783540915, 0.009764841902607242, -12.385887564220052]","[-3.1563782527039335, 4.241620037707688, -0.7302688084081547, -9.527838783540915, 0.009764841902607242, -12.385887564220052]","[-3.1563782527039335, 4.241620037707688, -0.7302688084081547, -9.527838783540915, 0.009764841902607242, -12.385887564220052]","[-3.1563782527039335, 4.241620037707688, -0.7302688084081547, -9.527838783540915, 0.009764841902607138, -12.385887564220052]",-3.1563782527039335,4.241620037707688,-0.7302688084081547,-9.527838783540915,0.009764841902607138,-12.385887564220052
forward/14.7142857143|-0.1000000000/1,14.7142857143|-0.1000000000,local,forward,L-BFGS-B_profile4,,previous_forward,259.8088185554777,6463.539126620572,219.66884828087623,215.0252573410628,215.0252573410458,215.0252573410458,44.78356121443193,optimizer_visited,True,completed,CONVERGENCE: RELATIVE REDUCTION OF F <= FACTR*EPSMCH,155,0,0,5000,0.15124336630105972,True,"[-3.1563782527039335, 4.241620037707688, -0.7302688084081547, -9.527838783540915, 0.009764841902607138, -12.385887564220052]","[-3.4735081663968814, 3.7528982459552997, 0.46379243109357593, 4.296734540449597, -0.3761751241730943, 5.396037668513616]","[-3.302048181251691, 3.7528982459552997, 0.46379243109357593, 4.296734540449597, -0.3254306493117677, 5.396037668513616]","[-3.3198984910001084, 3.5149113806045804, 0.5545968376468385, 4.07087812633429, -0.35951238525114393, 5.744647086972901]","[-3.3198986106536124, 3.5149113808569803, 0.5545969976916038, 4.0708781257743984, -0.35951235636792567, 5.744647085944901]","[-3.3198986106536124, 3.5149113808569803, 0.5545969976916038, 4.0708781257743984, -0.35951235636792567, 5.744647085944901]",-3.3198986106536124,3.5149113808569803,0.5545969976916038,4.0708781257743984,-0.35951235636792567,5.744647085944901
forward/14.7142857143|0.0000000000/0,14.7142857143|0.0000000000,local,forward,L-BFGS-B_profile4,,own,228.74092606448073,228.74092606448073,228.74092606448093,228.74092606448093,228.74092606448093,228.74092606448073,0.0,baseline,True,completed,CONVERGENCE: RELATIVE REDUCTION OF F <= FACTR*EPSMCH,55,0,0,5000,0.05362659692764282,False,"[-3.1389891534430436, 3.2896891404870976, 0.5718943456178214, 4.238578433199475, -0.3128449224450533, 7.081127912594448]","[-3.1389891534430436, 3.2896891404870976, 0.5718943456178214, 4.238578433199475, -0.3128449224450533, 7.081127912594448]","[-3.1389891534430414, 3.2896891404870976, 0.5718943456178214, 4.238578433199475, -0.3128449224450573, 7.081127912594448]","[-3.1389891532861904, 3.289689140484097, 0.5718943456099913, 4.238578433197174, -0.3128449225692969, 7.081127900647194]","[-3.1389891534430414, 3.2896891404870976, 0.5718943456178214, 4.238578433199475, -0.3128449224450573, 7.081127912594448]","[-3.1389891534430436, 3.2896891404870976, 0.5718943456178214, 4.238578433199475, -0.3128449224450533, 7.081127912594448]",-3.1389891534430436,3.2896891404870976,0.5718943456178214,4.238578433199475,-0.3128449224450533,7.081127912594448
forward/14.7142857143|0.0000000000/1,14.7142857143|0.0000000000,local,forward,L-BFGS-B_profile4,,previous_forward,228.74092606448073,7306.666112796503,235.40332939351595,228.7409260651154,228.7409260651154,228.74092606448073,0.0,baseline,True,completed,CONVERGENCE: RELATIVE REDUCTION OF F <= FACTR*EPSMCH,230,0,0,5000,0.22511392459273338,False,"[-3.1389891534430436, 3.2896891404870976, 0.5718943456178214, 4.238578433199475, -0.3128449224450533, 7.081127912594448]","[-3.3198986106536124, 3.5149113808569803, 0.5545969976916038, 4.0708781257743984, -0.35951235636792567, 5.744647085944901]","[-3.132275159711287, 3.5149113808569803, 0.5545969976916038, 4.0708781257743984, -0.30496571512569187, 5.744647085944901]","[-3.138989327174682, 3.289692486887566, 0.5718947888509738, 4.2385727990774615, -0.3128449360421682, 7.081106799801129]","[-3.138989327174682, 3.289692486887566, 0.5718947888509738, 4.2385727990774615, -0.3128449360421682, 7.0811067998011294]","[-3.1389891534430436, 3.2896891404870976, 0.5718943456178214, 4.238578433199475, -0.3128449224450533, 7.081127912594448]",-3.1389891534430436,3.2896891404870976,0.5718943456178214,4.238578433199475,-0.3128449224450533,7.081127912594448
forward/16.4285714286|-0.4000000000/0,16.4285714286|-0.4000000000,local,forward,L-BFGS-B_profile4,,own,231.97705821042965,231.97705821042965,231.97705821042982,231.97705821042976,231.97705821042976,231.97705821042965,0.0,baseline,True,completed,CONVERGENCE: RELATIVE REDUCTION OF F <= FACTR*EPSMCH,50,0,0,5000,0.04867985658347607,False,"[-4.39523592390519, 3.256209094140602, 0.8065901314169468, 4.197927063728876, -0.2546023335182177, 11.934720081437657]","[-4.39523592390519, 3.256209094140602, 0.8065901314169468, 4.197927063728876, -0.2546023335182177, 11.934720081437657]","[-4.395235923905191, 3.256209094140602, 0.8065901314169468, 4.197927063728876, -0.25460233351821904, 11.934720081437657]","[-4.395235922409167, 3.256209093055139, 0.8065901296417878, 4.1979270623973, -0.2546023344961806, 11.934720080535174]","[-4.395235922409167, 3.256209093055139, 0.8065901296417878, 4.1979270623973, -0.2546023344961806, 11.934720080535174]","[-4.39523592390519, 3.256209094140602, 0.8065901314169468, 4.197927063728876, -0.2546023335182177, 11.934720081437657]",-4.39523592390519,3.256209094140602,0.8065901314169468,4.197927063728876,-0.2546023335182177,11.934720081437657
forward/16.4285714286|-0.4000000000/1,16.4285714286|-0.4000000000,local,forward,L-BFGS-B_profile4,,16.2857142857|-0.4000000000,231.97705821042965,563.9124574510319,213.8641452160904,211.23119245117783,211.23119245115856,211.23119245115856,20.745865759271084,optimizer_visited,True,completed,CONVERGENCE: RELATIVE REDUCTION OF F <= FACTR*EPSMCH,125,0,0,5000,0.12172041274607182,True,"[-4.39523592390519, 3.256209094140602, 0.8065901314169468, 4.197927063728876, -0.2546023335182177, 11.934720081437657]","[-4.281883838765186, 4.825427228571829, -4.055240010392387, 0.2256982803026159, 0.1529785641803317, -2.881779185954244]","[-4.317749304005751, 4.825427228571829, -4.055240010392387, 0.2256982803026159, 0.1459252093325837, -2.881779185954244]","[-4.332171986225371, 4.9689202517289095, -4.128312980208785, 0.14452833220496025, 0.1306255268598013, -3.201815528987583]","[-4.3321719661327975, 4.9689202517289095, -4.128312980208785, 0.14452868220496026, 0.13062547706112254, -3.201815528987583]","[-4.3321719661327975, 4.9689202517289095, -4.128312980208785, 0.14452868220496026, 0.13062547706112254, -3.201815528987583]",-4.3321719661327975,4.9689202517289095,-4.128312980208785,0.14452868220496026,0.13062547706112254,-3.201815528987583
forward/16.4285714286|-0.2000000000/0,16.4285714286|-0.2000000000,local,forward,L-BFGS-B_profile4,,frozen_candidate,292.89697654484206,292.89697654484195,292.89697654484195,292.89697654484195,292.89697654484195,292.89697654484195,1.1368683772161603e-13,start,False,not_converged,ABNORMAL: ,155,0,0,5000,0.14519659616053104,False,"[-4.62417902477532, 4.885397050010976, 1.4384473530667239, 0.2482042447447064, 0.17433696732364273, -4.294488425624276]","[-4.6241790247753185, 4.885397050010976, 1.4384473530667239, 0.2482042447447064, 0.17433696732363882, -4.294488425624276]","[-4.6241790247753185, 4.885397050010976, 1.4384473530667239, 0.2482042447447064, 0.17433696732363882, -4.294488425624276]","[-4.6241790247753185, 4.885397050010976, 1.4384473530667239, 0.24820424474470637, 0.17433696732363882, -4.294488425624276]","[-4.6241790247753185, 4.885397050010976, 1.4384473530667239, 0.24820424474470637, 0.17433696732363882, -4.294488425624276]","[-4.6241790247753185, 4.885397050010976, 1.4384473530667239, 0.2482042447447064, 0.17433696732363882, -4.294488425624276]",-4.6241790247753185,4.885397050010976,1.4384473530667239,0.2482042447447064,0.17433696732363882,-4.294488425624276
forward/16.4285714286|-0.2000000000/1,16.4285714286|-0.2000000000,local,forward,L-BFGS-B_profile4,,previous_forward,292.89697654484206,2570.2584130984983,277.4905446787879,224.74214403862155,224.74214403861365,224.74214403861365,68.15483250622842,optimizer_visited,True,completed,CONVERGENCE: RELATIVE REDUCTION OF F <= FACTR*EPSMCH,185,0,0,5000,0.18225614912807941,True,"[-4.62417902477532, 4.885397050010976, 1.4384473530667239, 0.2482042447447064, 0.17433696732364273, -4.294488425624276]","[-4.300254311610808, 4.959381415286006, -4.193760782262759, 0.019339799027457423, 0.21382631988177703, -2.3981935342033167]","[-4.22574131118759, 4.959381415286006, -4.193760782262759, 0.019339799027457423, 0.2697129963205263, -2.3981935342033167]","[-4.260603852510754, 4.905647783602908, -4.212185480013707, -0.03682097420740031, 0.3404134395540976, -1.6517683725727448]","[-4.260603840870648, 4.905648083602908, -4.212185480013707, -0.03682097420740031, 0.3404133939240684, -1.6517683725727448]","[-4.260603840870648, 4.905648083602908, -4.212185480013707, -0.03682097420740031, 0.3404133939240684, -1.6517683725727448]",-4.260603840870648,4.905648083602908,-4.212185480013707,-0.03682097420740031,0.3404133939240684,-1.6517683725727448
forward/16.4285714286|-0.1000000000/0,16.4285714286|-0.1000000000,local,forward,L-BFGS-B_profile4,,own,240.51440114935954,240.51440114935954,240.51440114935943,240.51440114935943,240.51440114935943,240.51440114935943,1.1368683772161603e-13,profiled_start,True,completed,CONVERGENCE: RELATIVE REDUCTION OF F <= FACTR*EPSMCH,120,0,0,5000,0.11269917339086533,True,"[-4.21175845547947, 4.746675368746757, -4.187630488100915, 0.005421981855040803, 0.5192103149513847, -1.0938848552697071]","[-4.21175845547947, 4.746675368746757, -4.187630488100915, 0.005421981855040803, 0.5192103149513847, -1.0938848552697071]","[-4.211758455479467, 4.746675368746757, -4.187630488100915, 0.005421981855040803, 0.5192103149513784, -1.0938848552697071]","[-4.211758455479467, 4.746675368746757, -4.187630488100915, 0.005421981855040797, 0.5192103149513784, -1.0938848552697071]","[-4.211758455479467, 4.746675368746757, -4.187630488100915, 0.005421981855040803, 0.5192103149513784, -1.0938848552697071]","[-4.211758455479467, 4.746675368746757, -4.187630488100915, 0.005421981855040803, 0.5192103149513784, -1.0938848552697071]",-4.211758455479467,4.746675368746757,-4.187630488100915,0.005421981855040803,0.5192103149513784,-1.0938848552697071
forward/16.4285714286|-0.1000000000/1,16.4285714286|-0.1000000000,local,forward,L-BFGS-B_profile4,,previous_forward,240.51440114935954,3056.158614907934,288.75988044853966,240.51440115007514,240.514401149882,240.51440114935954,0.0,baseline,True,completed,CONVERGENCE: RELATIVE REDUCTION OF F <= FACTR*EPSMCH,155,0,0,5000,0.15152103640139103,False,"[-4.21175845547947, 4.746675368746757, -4.187630488100915, 0.005421981855040803, 0.5192103149513847, -1.0938848552697071]","[-4.260603840870648, 4.905648083602908, -4.212185480013707, -0.03682097420740031, 0.3404133939240684, -1.6517683725727448]","[-4.196547050973872, 4.905648083602908, -4.212185480013707, -0.03682097420740031, 0.4458303484694008, -1.6517683725727448]","[-4.211758901929219, 4.746674625385648, -4.187632000208743, 0.005420777059279671, 0.5192103055718266, -1.0938902941774864]","[-4.211758898601168, 4.746674625385648, -4.187632000208743, 0.005421127059279671, 0.5192102471874963, -1.0938902941774864]","[-4.21175845547947, 4.746675368746757, -4.187630488100915, 0.005421981855040803, 0.5192103149513847, -1.0938848552697071]",-4.21175845547947,4.746675368746757,-4.187630488100915,0.005421981855040803,0.5192103149513847,-1.0938848552697071
forward/14.7142857143|-1.3750000000/0,14.7142857143|-1.3750000000,local,forward,L-BFGS-B_profile4,,frozen_candidate,228.83333813646553,191.94269538209073,191.94269538209085,191.9426953820906,191.9426953820906,191.9426953820906,36.89064275437494,optimizer_visited,True,completed,CONVERGENCE: RELATIVE REDUCTION OF F <= FACTR*EPSMCH,45,0,0,5000,0.04361927509307861,True,"[-4.563828310305018, 5.733874266743918, -3.355252088491348, 1.0323365100760864, 2.9995565990109114e-87, -742.3265813581268]","[-4.510966194240932, 5.034255368845494, -3.297848318657153, 1.4128379747177364, -0.04395287953021297, 42.654164978956544]","[-4.510966194240685, 5.034255368845494, -3.297848318657153, 1.4128379747177364, -0.043952879530408176, 42.654164978956544]","[-4.5109661935499, 5.034255367634024, -3.297848319368043, 1.4128379681028294, -0.04395288018202629, 42.65416497059234]","[-4.5109661935499, 5.034255367634024, -3.297848319368043, 1.4128379681028294, -0.04395288018202629, 42.65416497059234]","[-4.5109661935499, 5.034255367634024, -3.297848319368043, 1.4128379681028294, -0.04395288018202629, 42.65416497059234]",-4.5109661935499,5.034255367634024,-3.297848319368043,1.4128379681028294,-0.04395288018202629,42.65416497059234
forward/14.7142857143|-1.3750000000/1,14.7142857143|-1.3750000000,local,forward,L-BFGS-B_profile4,,14.8571428571|-1.3750000000,228.83333813646553,192.0535450842944,192.0170449245975,191.94269538245413,191.94269538239732,191.94269538239732,36.89064275406821,optimizer_visited,True,completed,CONVERGENCE: RELATIVE REDUCTION OF F <= FACTR*EPSMCH,145,0,0,5000,0.1464960314333439,True,"[-4.563828310305018, 5.733874266743918, -3.355252088491348, 1.0323365100760864, 2.9995565990109114e-87, -742.3265813581268]","[-4.51074240090978, 5.022823263144752, -3.297540873233513, 1.414745317939921, -0.0437373574998312, 44.89399720359739]","[-4.510293402420452, 5.022823263144752, -3.297540873233513, 1.414745317939921, -0.04448170326992811, 44.89399720359739]","[-4.510966373215977, 5.034256957255815, -3.2978492012650116, 1.4128362285017846, -0.04395285747511287, 42.653946138034975]","[-4.510966326636206, 5.034256957299998, -3.2978490412176167, 1.4128362285473473, -0.0439528721370775, 42.65394614113838]","[-4.510966326636206, 5.034256957299998, -3.2978490412176167, 1.4128362285473473, -0.0439528721370775, 42.65394614113838]",-4.510966326636206,5.034256957299998,-3.2978490412176167,1.4128362285473473,-0.0439528721370775,42.65394614113838
forward/14.8571428571|-1.3750000000/0,14.8571428571|-1.3750000000,local,forward,L-BFGS-B_profile4,,own,192.73545749849458,192.73545749849458,192.73545749849472,192.73545749849447,192.73545749849447,192.73545749849447,1.1368683772161603e-13,optimizer_visited,True,completed,CONVERGENCE: RELATIVE REDUCTION OF F <= FACTR*EPSMCH,50,0,0,5000,0.04823777265846729,True,"[-4.51074240090978, 5.022823263144752, -3.297540873233513, 1.414745317939921, -0.04373735749983128, 44.89399720359739]","[-4.51074240090978, 5.022823263144752, -3.297540873233513, 1.414745317939921, -0.04373735749983128, 44.89399720359739]","[-4.510742400909778, 5.022823263144752, -3.297540873233513, 1.414745317939921, -0.04373735749983351, 44.89399720359739]","[-4.5107424008897405, 5.022823263107787, -3.2975408732548592, 1.4147453177454934, -0.043737357518751095, 44.8939972035968]","[-4.5107424008897405, 5.022823263107787, -3.2975408732548592, 1.4147453177454934, -0.043737357518751095, 44.8939972035968]","[-4.5107424008897405, 5.022823263107787, -3.2975408732548592, 1.4147453177454934, -0.043737357518751095, 44.8939972035968]",-4.5107424008897405,5.022823263107787,-3.2975408732548592,1.4147453177454934,-0.043737357518751095,44.8939972035968
forward/14.8571428571|-1.3750000000/1,14.8571428571|-1.3750000000,local,forward,L-BFGS-B_profile4,,previous_forward,192.73545749849458,192.8467512590182,192.80898078505592,192.73545749913762,192.73545749913754,192.73545749849458,0.0,baseline,True,completed,CONVERGENCE: RELATIVE REDUCTION OF F <= FACTR*EPSMCH,125,0,0,5000,0.1214444562792778,False,"[-4.51074240090978, 5.022823263144752, -3.297540873233513, 1.414745317939921, -0.04373735749983128, 44.89399720359739]","[-4.5109661935499, 5.034255367634024, -3.297848319368043, 1.4128379681028294, -0.04395288018202629, 42.65416497059234]","[-4.511428503751989, 5.034255367634024, -3.297848319368043, 1.4128379681028294, -0.043191010454957816, 42.65416497059234]","[-4.510742634319621, 5.0228244100400365, -3.2975423176796506, 1.4147429950324821, -0.04373737144541062, 44.893767361732934]","[-4.5107425878659635, 5.0228244100400365, -3.2975421576796506, 1.4147429950324821, -0.04373738592431446, 44.893767361732934]","[-4.51074240090978, 5.022823263144752, -3.297540873233513, 1.414745317939921, -0.04373735749983128, 44.89399720359739]",-4.51074240090978,5.022823263144752,-3.297540873233513,1.414745317939921,-0.04373735749983128,44.89399720359739
forward/15.0000000000|-1.3750000000/0,15.0000000000|-1.3750000000,local,forward,L-BFGS-B_profile4,,frozen_candidate,231.24507049835995,193.70267345060572,193.70267345060577,193.70267345060563,193.70267345060563,193.70267345060563,37.54239704775432,optimizer_visited,True,completed,CONVERGENCE: RELATIVE REDUCTION OF F <= FACTR*EPSMCH,55,0,0,5000,0.056201811879873276,True,"[-4.5659313239826655, 5.725793816178692, -3.363926987663784, 1.0244624899616723, 1.0805213742844908e-87, -746.3304440163056]","[-4.513055480688673, 5.022350682601675, -3.3052248607823334, 1.408711520120327, -0.04389799760437118, 44.35061016901247]","[-4.513055480688194, 5.022350682601675, -3.3052248607823334, 1.408711520120327, -0.04389799760477985, 44.35061016901247]","[-4.513055479659389, 5.022350680741226, -3.3052248618395077, 1.4087115102793495, -0.04389799857328058, 44.35061015357059]","[-4.513055479659389, 5.022350680741226, -3.3052248618395077, 1.4087115102793495, -0.04389799857328058, 44.35061015357059]","[-4.513055479659389, 5.022350680741226, -3.3052248618395077, 1.4087115102793495, -0.04389799857328058, 44.35061015357059]",-4.513055479659389,5.022350680741226,-3.3052248618395077,1.4087115102793495,-0.04389799857328058,44.35061015357059
forward/15.0000000000|-1.3750000000/1,15.0000000000|-1.3750000000,local,forward,L-BFGS-B_profile4,,previous_forward,231.24507049835995,193.90459951068098,193.72086921409007,193.7026734510209,193.70267345098134,193.70267345098134,37.542397047378614,optimizer_visited,True,completed,CONVERGENCE: RELATIVE REDUCTION OF F <= FACTR*EPSMCH,170,0,0,5000,0.18034295924007893,True,"[-4.5659313239826655, 5.725793816178692, -3.363926987663784, 1.0244624899616723, 1.0805213742844908e-87, -746.3304440163056]","[-4.5107424008897405, 5.022823263107787, -3.2975408732548592, 1.4147453177454934, -0.043737357518751095, 44.8939972035968]","[-4.511651012112828, 5.022823263107787, -3.2975408732548592, 1.4147453177454934, -0.04394374705902648, 44.8939972035968]","[-4.513055634406619, 5.022350530037239, -3.305226174615285, 1.4087100790633913, -0.04389805457618525, 44.35031353024884]","[-4.513055587805448, 5.022350530037284, -3.3052260146153043, 1.4087100790633367, -0.043898069042523455, 44.350313530243234]","[-4.513055587805448, 5.022350530037284, -3.3052260146153043, 1.4087100790633367, -0.043898069042523455, 44.350313530243234]",-4.513055587805448,5.022350530037284,-3.3052260146153043,1.4087100790633367,-0.043898069042523455,44.350313530243234
forward/17.1428571429|-0.3000000000/0,17.1428571429|-0.3000000000,local,forward,L-BFGS-B_profile4,,own,194.35282776270844,194.35282776270844,194.3528277627087,194.35282776270856,194.35282776270856,194.35282776270844,0.0,baseline,True,completed,CONVERGENCE: RELATIVE REDUCTION OF F <= FACTR*EPSMCH,115,0,0,5000,0.10814058035612106,False,"[-4.365146035477716, 4.823331858037767, -0.2817064069906442, -15.0, 0.04589534072343959, -7.002280983406328]","[-4.365146035477716, 4.823331858037767, -0.2817064069906442, -15.0, 0.04589534072343959, -7.002280983406328]","[-4.365146035477713, 4.823331858037767, -0.2817064069906442, -15.0, 0.045895340723438434, -7.002280983406328]","[-4.36514603547771, 4.823331858037767, -0.2817064069906443, -15.0, 0.0458953407234346, -7.002280983406667]","[-4.36514603547771, 4.823331858037767, -0.2817064069906443, -15.0, 0.0458953407234346, -7.002280983406667]","[-4.365146035477716, 4.823331858037767, -0.2817064069906442, -15.0, 0.04589534072343959, -7.002280983406328]",-4.365146035477716,4.823331858037767,-0.2817064069906442,-15.0,0.04589534072343959,-7.002280983406328
forward/17.1428571429|-0.3000000000/1,17.1428571429|-0.3000000000,local,forward,L-BFGS-B_profile4,,17.2857142857|-0.3000000000,194.35282776270844,870.1723353081752,214.52395325810087,194.35282776330675,194.35282776330106,194.35282776270844,0.0,baseline,True,completed,CONVERGENCE: RELATIVE REDUCTION OF F <= FACTR*EPSMCH,145,0,0,5000,0.15091925114393234,False,"[-4.365146035477716, 4.823331858037767, -0.2817064069906442, -15.0, 0.04589534072343959, -7.002280983406328]","[-4.389301206178838, 4.858779789770827, -0.3510553559036545, -13.463003973181138, 0.0269004516972171, -8.535544751708237]","[-4.329735586797456, 4.858779789770827, -0.3510553559036545, -13.463003973181138, 0.028070056368643483, -8.535544751708237]","[-4.365145735290963, 4.8233295494337085, -0.2817070435104474, -15.0, 0.04589526193976733, -7.002293372102969]","[-4.365145944985208, 4.8233295494337085, -0.2817070435104474, -15.0, 0.04589548544908622, -7.002273372102969]","[-4.365146035477716, 4.823331858037767, -0.2817064069906442, -15.0, 0.04589534072343959, -7.002280983406328]",-4.365146035477716,4.823331858037767,-0.2817064069906442,-15.0,0.04589534072343959,-7.002280983406328
forward/17.2857142857|-0.3000000000/0,17.2857142857|-0.3000000000,local,forward,L-BFGS-B_profile4,,own,194.8780158440694,194.8780158440694,194.87801584406967,194.87801584406964,194.87801584406952,194.8780158440694,0.0,baseline,True,completed,CONVERGENCE: RELATIVE REDUCTION OF F <= FACTR*EPSMCH,40,0,0,5000,0.04058549925684929,False,"[-4.389301206178838, 4.858779789770827, -0.35105535590365455, -13.463003973181138, 0.026900451697217154, -8.535544751708237]","[-4.389301206178838, 4.858779789770827, -0.35105535590365455, -13.463003973181138, 0.026900451697217154, -8.535544751708237]","[-4.389301206178838, 4.858779789770827, -0.35105535590365455, -13.463003973181138, 0.026900451697217227, -8.535544751708237]","[-4.389301204959928, 4.858779787252181, -0.35105536008426397, -13.463003973211121, 0.026900451561546954, -8.535544760446395]","[-4.389301204249107, 4.8587797869989275, -0.35105536050462993, -13.463003623214135, 0.02690045159973394, -8.53554476132503]","[-4.389301206178838, 4.858779789770827, -0.35105535590365455, -13.463003973181138, 0.026900451697217154, -8.535544751708237]",-4.389301206178838,4.858779789770827,-0.35105535590365455,-13.463003973181138,0.026900451697217154,-8.535544751708237
forward/17.2857142857|-0.3000000000/1,17.2857142857|-0.3000000000,local,forward,L-BFGS-B_profile4,,previous_forward,194.8780158440694,961.3329473176433,213.34744086857353,194.87801584419316,194.87801584419273,194.8780158440694,0.0,baseline,True,completed,CONVERGENCE: RELATIVE REDUCTION OF F <= FACTR*EPSMCH,115,0,0,5000,0.21080981194972992,False,"[-4.389301206178838, 4.858779789770827, -0.35105535590365455, -13.463003973181138, 0.026900451697217154, -8.535544751708237]","[-4.365146035477716, 4.823331858037767, -0.2817064069906442, -15.0, 0.04589534072343959, -7.002280983406328]","[-4.423521678938375, 4.823331858037767, -0.2817064069906442, -15.0, 0.043671267289934736, -7.002280983406328]","[-4.38930104625627, 4.858778320830204, -0.3510558907978194, -13.462997440754954, 0.0269004802225458, -8.53554373814276]","[-4.389301089853699, 4.858778320830204, -0.3510557307978194, -13.462997440754954, 0.026900485841416993, -8.53554373814276]","[-4.389301206178838, 4.858779789770827, -0.35105535590365455, -13.463003973181138, 0.026900451697217154, -8.535544751708237]",-4.389301206178838,4.858779789770827,-0.35105535590365455,-13.463003973181138,0.026900451697217154,-8.535544751708237
forward/17.1428571429|-0.2000000000/0,17.1428571429|-0.2000000000,local,forward,L-BFGS-B_profile4,,own,197.520047540758,197.520047540758,197.52004754075787,197.52004754075776,197.52004754075776,197.52004754075776,2.2737367544323206e-13,optimizer_visited,True,completed,CONVERGENCE: RELATIVE REDUCTION OF F <= FACTR*EPSMCH,45,0,0,5000,0.04347991198301315,True,"[-4.354319753981609, 4.804251206006617, -0.18365081982891188, -15.0, 0.10448094260514441, -4.550521173285919]","[-4.354319753981609, 4.804251206006617, -0.18365081982891188, -15.0, 0.10448094260514441, -4.550521173285919]","[-4.354319753981612, 4.804251206006617, -0.18365081982891188, -15.0, 0.10448094260514539, -4.550521173285919]","[-4.354319752452066, 4.804251203181848, -0.18365082329096885, -15.0, 0.10448094179596562, -4.550521198706762]","[-4.354319752452066, 4.804251203181848, -0.18365082329096885, -15.0, 0.10448094179596562, -4.550521198706762]","[-4.354319752452066, 4.804251203181848, -0.18365082329096885, -15.0, 0.10448094179596562, -4.550521198706762]",-4.354319752452066,4.804251203181848,-0.18365082329096885,-15.0,0.10448094179596562,-4.550521198706762
forward/17.1428571429|-0.2000000000/1,17.1428571429|-0.2000000000,local,forward,L-BFGS-B_profile4,,17.2857142857|-0.2000000000,197.520047540758,1123.1886521377146,225.47572017696012,197.5200475409318,197.5200475409111,197.520047540758,0.0,baseline,True,completed,CONVERGENCE: RELATIVE REDUCTION OF F <= FACTR*EPSMCH,145,0,0,5000,0.1442306824028492,False,"[-4.354319753981609, 4.804251206006617, -0.18365081982891188, -15.0, 0.10448094260514441, -4.550521173285919]","[-4.380673611872381, 4.827549709944787, -0.2331296564318161, -15.0, 0.0643277013110646, -5.882751238105115]","[-4.315529912639847, 4.827549709944787, -0.2331296564318161, -15.0, 0.06967185564599986, -5.882751238105115]","[-4.354319586807088, 4.804249304321417, -0.18365122825904526, -15.0, 0.10448092591501548, -4.5505259144292]","[-4.354319578030991, 4.804249604321418, -0.1836512282590449, -15.0, 0.10448090236266176, -4.550525914429199]","[-4.354319753981609, 4.804251206006617, -0.18365081982891188, -15.0, 0.10448094260514441, -4.550521173285919]",-4.354319753981609,4.804251206006617,-0.18365081982891188,-15.0,0.10448094260514441,-4.550521173285919
forward/17.2857142857|-0.2000000000/0,17.2857142857|-0.2000000000,local,forward,L-BFGS-B_profile4,,own,194.40122275488744,194.40122275488744,194.4012227548875,194.4012227548875,194.40122275488747,194.40122275488744,0.0,baseline,False,not_converged,ABNORMAL: ,150,0,0,5000,0.14097655937075615,False,"[-4.380673611872381, 4.827549709944787, -0.2331296564318161, -15.0, 0.0643277013110646, -5.882751238105115]","[-4.380673611872381, 4.827549709944787, -0.2331296564318161, -15.0, 0.0643277013110646, -5.882751238105115]","[-4.38067361187238, 4.827549709944787, -0.2331296564318161, -15.0, 0.06432770131106438, -5.882751238105115]","[-4.38067361187238, 4.827549709944787, -0.2331296564318161, -15.0, 0.06432770131106438, -5.882751238105115]","[-4.38067361187238, 4.827549709944787, -0.2331296564318161, -15.0, 0.06432770131106405, -5.882751238105135]","[-4.380673611872381, 4.827549709944787, -0.2331296564318161, -15.0, 0.0643277013110646, -5.882751238105115]",-4.380673611872381,4.827549709944787,-0.2331296564318161,-15.0,0.0643277013110646,-5.882751238105115
forward/17.2857142857|-0.2000000000/1,17.2857142857|-0.2000000000,local,forward,L-BFGS-B_profile4,,previous_forward,194.40122275488744,1280.1779168920796,219.34679253075865,194.40122275596764,194.4012227558061,194.40122275488744,0.0,baseline,True,completed,CONVERGENCE: RELATIVE REDUCTION OF F <= FACTR*EPSMCH,110,0,0,5000,0.10944025591015816,False,"[-4.380673611872381, 4.827549709944787, -0.2331296564318161, -15.0, 0.0643277013110646, -5.882751238105115]","[-4.354319752452066, 4.804251203181848, -0.18365082329096885, -15.0, 0.10448094179596562, -4.550521198706762]","[-4.416792098615459, 4.804251203181848, -0.18365082329096885, -15.0, 0.09554428945202278, -4.550521198706762]","[-4.380673238953588, 4.827546546346513, -0.23313032911296433, -15.0, 0.06432757009043327, -5.882767444071514]","[-4.380673505486481, 4.827546546346513, -0.23313032911296433, -15.0, 0.06432788437892328, -5.882747444071515]","[-4.380673611872381, 4.827549709944787, -0.2331296564318161, -15.0, 0.0643277013110646, -5.882751238105115]",-4.380673611872381,4.827549709944787,-0.2331296564318161,-15.0,0.0643277013110646,-5.882751238105115
forward/19.2857142857|-4.0000000000/0,19.2857142857|-4.0000000000,local,forward,L-BFGS-B_profile4,,frozen_candidate,193.2324971987547,193.2324971987546,193.2324971987546,193.2324971987546,193.2324971987546,193.2324971987546,8.526512829121202e-14,start,True,completed,CONVERGENCE: RELATIVE REDUCTION OF F <= FACTR*EPSMCH,120,0,0,5000,0.1127301249653101,False,"[-4.630899105926061, 5.159921453234549, -3.267726782552085, 1.4363807179415433, -0.04639016584950073, 39.84471337419448]","[-4.630899106362937, 5.159921453234549, -3.267726782552085, 1.4363807179415433, -0.046390165578318564, 39.84471537419448]","[-4.630899106362937, 5.159921453234549, -3.267726782552085, 1.4363807179415433, -0.046390165578318564, 39.84471537419448]","[-4.630899106362937, 5.159921453234549, -3.267726782552085, 1.4363807179415433, -0.046390165578318564, 39.84471537419448]","[-4.630899106362937, 5.159921453234549, -3.267726782552085, 1.4363807179415433, -0.046390165578318564, 39.84471537419448]","[-4.630899106362937, 5.159921453234549, -3.267726782552085, 1.4363807179415433, -0.046390165578318564, 39.84471537419448]",-4.630899106362937,5.159921453234549,-3.267726782552085,1.4363807179415433,-0.046390165578318564,39.84471537419448
forward/19.2857142857|-4.0000000000/1,19.2857142857|-4.0000000000,local,forward,L-BFGS-B_profile4,,own,193.2324971987547,193.2324971987547,193.2324971987548,193.23249719875474,193.2324971987546,193.2324971987546,8.526512829121202e-14,optimizer_visited,True,completed,CONVERGENCE: RELATIVE REDUCTION OF F <= FACTR*EPSMCH,90,0,0,5000,0.08477907441556454,True,"[-4.630899105926061, 5.159921453234549, -3.267726782552085, 1.4363807179415433, -0.04639016584950073, 39.84471337419448]","[-4.630899105926061, 5.159921453234549, -3.267726782552085, 1.4363807179415433, -0.04639016584950073, 39.84471337419448]","[-4.630899105926061, 5.159921453234549, -3.267726782552085, 1.4363807179415433, -0.04639016584950027, 39.84471337419448]","[-4.630899105926056, 5.1599214532345385, -3.2677267825520913, 1.4363807179414911, -0.046390165849504804, 39.84471337419448]","[-4.630899106362937, 5.159921453234549, -3.267726782552085, 1.4363807179415433, -0.046390165578318564, 39.84471537419448]","[-4.630899106362937, 5.159921453234549, -3.267726782552085, 1.4363807179415433, -0.046390165578318564, 39.84471537419448]",-4.630899106362937,5.159921453234549,-3.267726782552085,1.4363807179415433,-0.046390165578318564,39.84471537419448
backward/16.8571428571|-0.3000000000/0,16.8571428571|-0.3000000000,local,backward,L-BFGS-B_profile4,,own,213.88381008226298,213.88381008226298,213.8838100822629,213.8838100822629,213.8838100822629,213.8838100822629,8.526512829121202e-14,profiled_start,True,completed,CONVERGENCE: RELATIVE REDUCTION OF F <= FACTR*EPSMCH,105,0,0,5000,0.09952996484935284,True,"[-4.2969351545088905, 4.783677251616769, -0.20906581629318455, -15.0, 0.09086064342934043, -5.0981252331185445]","[-4.2969351545088905, 4.783677251616769, -0.20906581629318455, -15.0, 0.09086064342934043, -5.0981252331185445]","[-4.296935154508891, 4.783677251616769, -0.20906581629318455, -15.0, 0.09086064342934062, -5.0981252331185445]","[-4.2969351545088905, 4.783677251616769, -0.20906581629318455, -15.0, 0.0908606434293403, -5.098125233118575]","[-4.296935154508891, 4.783677251616769, -0.20906581629318455, -15.0, 0.09086064342934062, -5.0981252331185445]","[-4.296935154508891, 4.783677251616769, -0.20906581629318455, -15.0, 0.09086064342934062, -5.0981252331185445]",-4.296935154508891,4.783677251616769,-0.20906581629318455,-15.0,0.09086064342934062,-5.0981252331185445
backward/16.8571428571|-0.3000000000/1,16.8571428571|-0.3000000000,local,backward,L-BFGS-B_profile4,,16.7142857143|-0.3000000000,213.88381008226298,734.0116724448351,232.5255185966884,210.27747160654826,210.27747160654826,210.27747160654826,3.606338475714722,optimizer_visited,True,completed,CONVERGENCE: RELATIVE REDUCTION OF F <= FACTR*EPSMCH,145,0,0,5000,0.14165527746081352,True,"[-4.2969351545088905, 4.783677251616769, -0.20906581629318455, -15.0, 0.09086064342934043, -5.0981252331185445]","[-4.320590694975177, 4.911801241462204, -4.162929730667404, 0.1706158455290381, 0.1000171150757918, -3.9120684586322616]","[-4.355006358836527, 4.911801241462204, -4.162929730667404, 0.1706158455290381, 0.08527038517899015, -3.9120684586322616]","[-4.336473263985777, 4.752549718178508, -4.19324705387278, 0.3893497429304506, 0.037790798506263476, -5.96726205890453]","[-4.336473263985777, 4.752549718178508, -4.19324705387278, 0.3893497429304506, 0.037790798506263476, -5.96726205890453]","[-4.336473263985777, 4.752549718178508, -4.19324705387278, 0.3893497429304506, 0.037790798506263476, -5.96726205890453]",-4.336473263985777,4.752549718178508,-4.19324705387278,0.3893497429304506,0.037790798506263476,-5.96726205890453
backward/16.7142857143|-0.3000000000/0,16.7142857143|-0.3000000000,local,backward,L-BFGS-B_profile4,,own,204.49243988224814,204.49243988224814,204.4924398822479,204.4924398822477,204.4924398822477,204.4924398822477,4.263256414560601e-13,optimizer_visited,True,completed,CONVERGENCE: RELATIVE REDUCTION OF F <= FACTR*EPSMCH,105,0,0,5000,0.1027800515294075,True,"[-4.320590694975177, 4.911801241462204, -4.162929730667404, 0.1706158455290381, 0.10001711507579182, -3.9120684586322616]","[-4.320590694975177, 4.911801241462204, -4.162929730667404, 0.1706158455290381, 0.10001711507579182, -3.9120684586322616]","[-4.320590694975176, 4.911801241462204, -4.162929730667404, 0.1706158455290381, 0.10001711507579084, -3.9120684586322616]","[-4.3205906949751745, 4.911801241462204, -4.162929730667404, 0.17061584552903805, 0.10001711507578728, -3.912068458632416]","[-4.3205906949751745, 4.911801241462204, -4.162929730667404, 0.17061584552903805, 0.10001711507578764, -3.912068458632405]","[-4.3205906949751745, 4.911801241462204, -4.162929730667404, 0.17061584552903805, 0.10001711507578764, -3.912068458632405]",-4.3205906949751745,4.911801241462204,-4.162929730667404,0.17061584552903805,0.10001711507578764,-3.912068458632405
backward/16.7142857143|-0.3000000000/1,16.7142857143|-0.3000000000,local,backward,L-BFGS-B_profile4,,previous_backward,204.49243988224814,659.4092277668839,236.1853779863645,204.49243988464545,204.49243988464545,204.49243988224814,0.0,baseline,True,completed,CONVERGENCE: RELATIVE REDUCTION OF F <= FACTR*EPSMCH,175,0,0,5000,0.36260162852704525,False,"[-4.320590694975177, 4.911801241462204, -4.162929730667404, 0.1706158455290381, 0.10001711507579182, -3.9120684586322616]","[-4.336473263985777, 4.752549718178508, -4.19324705387278, 0.3893497429304506, 0.037790798506263476, -5.96726205890453]","[-4.2982433399368265, 4.752549718178508, -4.19324705387278, 0.3893497429304506, 0.0459580289858096, -5.96726205890453]","[-4.32059115634358, 4.91180156483789, -4.162932244156163, 0.17061397006626874, 0.10001655935781854, -3.912098636600656]","[-4.320591156343206, 4.911801564833979, -4.162932244154962, 0.17061397006910878, 0.10001655935789476, -3.9120986365963764]","[-4.320590694975177, 4.911801241462204, -4.162929730667404, 0.1706158455290381, 0.10001711507579182, -3.9120684586322616]",-4.320590694975177,4.911801241462204,-4.162929730667404,0.1706158455290381,0.10001711507579182,-3.9120684586322616
backward/16.5714285714|-0.3000000000/0,16.5714285714|-0.3000000000,local,backward,L-BFGS-B_profile4,,own,203.08893775124125,203.08893775124125,203.0889377512414,203.0889377512412,203.0889377512412,203.0889377512412,5.684341886080802e-14,optimizer_visited,True,completed,CONVERGENCE: RELATIVE REDUCTION OF F <= FACTR*EPSMCH,85,0,0,5000,0.08093072101473808,True,"[-4.309750460101516, 4.996868060596409, -4.161226867272481, 0.03797843082361579, 0.16205512613360817, -2.9294194014778587]","[-4.309750460101516, 4.996868060596409, -4.161226867272481, 0.03797843082361579, 0.16205512613360817, -2.9294194014778587]","[-4.30975046010151, 4.996868060596409, -4.161226867272481, 0.03797843082361579, 0.1620551261336014, -2.9294194014778587]","[-4.309750460101509, 4.996868060596409, -4.161226867272481, 0.03797843082361578, 0.16205512613360082, -2.929419401477875]","[-4.309750460101509, 4.996868060596409, -4.161226867272481, 0.03797843082361578, 0.16205512613360082, -2.9294194014778734]","[-4.309750460101509, 4.996868060596409, -4.161226867272481, 0.03797843082361578, 0.16205512613360082, -2.9294194014778734]",-4.309750460101509,4.996868060596409,-4.161226867272481,0.03797843082361578,0.16205512613360082,-2.9294194014778734
backward/16.5714285714|-0.3000000000/1,16.5714285714|-0.3000000000,local,backward,L-BFGS-B_profile4,,previous_backward,203.08893775124125,722.458723499387,227.09517485033223,203.0889377568996,203.0889377568917,203.08893775124125,0.0,baseline,True,completed,CONVERGENCE: RELATIVE REDUCTION OF F <= FACTR*EPSMCH,245,0,0,5000,0.23756332881748676,False,"[-4.309750460101516, 4.996868060596409, -4.161226867272481, 0.03797843082361579, 0.16205512613360817, -2.9294194014778587]","[-4.3205906949751745, 4.911801241462204, -4.162929730667404, 0.17061584552903805, 0.10001711507578764, -3.912068458632405]","[-4.285504310574573, 4.911801241462204, -4.162929730667404, 0.17061584552903805, 0.11709813125936808, -3.912068458632405]","[-4.309750786480258, 4.996864081878359, -4.1612295969855415, 0.037977520698038954, 0.16205434180630487, -2.929454600098316]","[-4.309750766366222, 4.996864081878359, -4.1612295969855415, 0.03797787069803896, 0.16205428544867487, -2.929454600098316]","[-4.309750460101516, 4.996868060596409, -4.161226867272481, 0.03797843082361579, 0.16205512613360817, -2.9294194014778587]",-4.309750460101516,4.996868060596409,-4.161226867272481,0.03797843082361579,0.16205512613360817,-2.9294194014778587
backward/16.4285714286|-0.3000000000/0,16.4285714286|-0.3000000000,local,backward,L-BFGS-B_profile4,,own,215.2467802283358,215.2467802283358,215.2467802283358,215.2467802283358,215.2467802283358,215.2467802283358,0.0,baseline,True,completed,CONVERGENCE: RELATIVE REDUCTION OF F <= FACTR*EPSMCH,85,0,0,5000,0.08067352138459682,False,"[-4.300254311610808, 4.959381415286006, -4.193760782262759, 0.019339799027457423, 0.21382631988177703, -2.3981935342033167]","[-4.300254311610808, 4.959381415286006, -4.193760782262759, 0.019339799027457423, 0.21382631988177703, -2.3981935342033167]","[-4.300254311610809, 4.959381415286006, -4.193760782262759, 0.019339799027457423, 0.2138263198817776, -2.3981935342033167]","[-4.30025431161069, 4.959381415286005, -4.193760782262759, 0.01933979902745591, 0.2138263198815535, -2.398193534207903]","[-4.300254311610809, 4.959381415286006, -4.193760782262759, 0.019339799027457423, 0.2138263198817776, -2.3981935342033167]","[-4.300254311610808, 4.959381415286006, -4.193760782262759, 0.019339799027457423, 0.21382631988177703, -2.3981935342033167]",-4.300254311610808,4.959381415286006,-4.193760782262759,0.019339799027457423,0.21382631988177703,-2.3981935342033167
backward/16.4285714286|-0.3000000000/1,16.4285714286|-0.3000000000,local,backward,L-BFGS-B_profile4,,previous_backward,215.2467802283358,747.7476062114619,229.1989234113772,215.24678023966288,215.24678023965893,215.2467802283358,0.0,baseline,True,completed,CONVERGENCE: RELATIVE REDUCTION OF F <= FACTR*EPSMCH,180,0,0,5000,0.17331470735371113,False,"[-4.300254311610808, 4.959381415286006, -4.193760782262759, 0.019339799027457423, 0.21382631988177703, -2.3981935342033167]","[-4.309750460101509, 4.996868060596409, -4.161226867272481, 0.03797843082361578, 0.16205512613360082, -2.9294194014778734]","[-4.272976242721555, 4.996868060596409, -4.161226867272481, 0.03797843082361578, 0.1811988129312754, -2.9294194014778734]","[-4.3002543499920876, 4.959368417627573, -4.19376333531063, 0.019342886957110783, 0.21382524366344716, -2.3982390493230756]","[-4.300254874249649, 4.959368401686496, -4.193763331681615, 0.01934289868187205, 0.21382622642688742, -2.398219052070478]","[-4.300254311610808, 4.959381415286006, -4.193760782262759, 0.019339799027457423, 0.21382631988177703, -2.3981935342033167]",-4.300254311610808,4.959381415286006,-4.193760782262759,0.019339799027457423,0.21382631988177703,-2.3981935342033167
backward/16.2857142857|-0.3000000000/0,16.2857142857|-0.3000000000,local,backward,L-BFGS-B_profile4,,own,350.6485630480757,350.6485630480757,350.64856304807563,350.64856304807563,350.64856304807563,350.64856304807563,5.684341886080802e-14,profiled_start,True,completed,CONVERGENCE: RELATIVE REDUCTION OF F <= FACTR*EPSMCH,140,0,0,5000,0.134161239489913,True,"[-4.501909877402721, 2.4690173787895873, 1.3955371982386038, 3.805824771197476, -0.21502655184867878, 21.0308265079696]","[-4.501909877402721, 2.4690173787895873, 1.3955371982386038, 3.805824771197476, -0.21502655184867878, 21.0308265079696]","[-4.5019098774027215, 2.4690173787895873, 1.3955371982386038, 3.805824771197476, -0.21502655184867525, 21.0308265079696]","[-4.5019098774027215, 2.469017378789586, 1.3955371982386031, 3.8058247711974733, -0.21502655184867678, 21.0308265079696]","[-4.5019098774027215, 2.4690173787895873, 1.3955371982386038, 3.805824771197476, -0.21502655184867525, 21.0308265079696]","[-4.5019098774027215, 2.4690173787895873, 1.3955371982386038, 3.805824771197476, -0.21502655184867525, 21.0308265079696]",-4.5019098774027215,2.4690173787895873,1.3955371982386038,3.805824771197476,-0.21502655184867525,21.0308265079696
backward/16.2857142857|-0.3000000000/1,16.2857142857|-0.3000000000,local,backward,L-BFGS-B_profile4,,previous_backward,350.6485630480757,744.9573714718822,270.73244814950766,265.88292142091916,265.88292142091905,265.88292142091905,84.76564162715664,optimizer_visited,True,completed,CONVERGENCE: RELATIVE REDUCTION OF F <= FACTR*EPSMCH,100,0,0,5000,0.09755497612059116,True,"[-4.501909877402721, 2.4690173787895873, 1.3955371982386038, 3.805824771197476, -0.21502655184867878, 21.0308265079696]","[-4.300254311610808, 4.959381415286006, -4.193760782262759, 0.019339799027457423, 0.21382631988177703, -2.3981935342033167]","[-4.257621332263489, 4.959381415286006, -4.193760782262759, 0.019339799027457423, 0.2253453010643205, -2.3981935342033167]","[-4.225855553552825, 4.669244935736932, -4.067233365260619, 0.20315286114887599, 0.24336016506893562, -2.196008642939453]","[-4.225855541234779, 4.669245235736932, -4.067233365260619, 0.20315286114887599, 0.24336012673633065, -2.196008642939453]","[-4.225855541234779, 4.669245235736932, -4.067233365260619, 0.20315286114887599, 0.24336012673633065, -2.196008642939453]",-4.225855541234779,4.669245235736932,-4.067233365260619,0.20315286114887599,0.24336012673633065,-2.196008642939453
backward/16.1428571429|-0.3000000000/0,16.1428571429|-0.3000000000,local,backward,L-BFGS-B_profile4,,own,450.46739699986364,450.46739699986364,450.46739699986387,450.46739699986375,450.46739699986375,450.46739699986364,0.0,baseline,True,completed,CONVERGENCE: RELATIVE REDUCTION OF F <= FACTR*EPSMCH,45,0,0,5000,0.04541129246354103,False,"[-3.9163121442766133, 4.1578617045614745, -0.4537321035806007, -15.0, 0.05511079461156357, -7.649411005032286]","[-3.9163121442766133, 4.1578617045614745, -0.4537321035806007, -15.0, 0.05511079461156357, -7.649411005032286]","[-3.9163121442766133, 4.1578617045614745, -0.4537321035806007, -15.0, 0.055110794611563395, -7.649411005032286]","[-3.916312141773394, 4.157861697802932, -0.4537321106404796, -15.0, 0.05511079383413412, -7.649411055541988]","[-3.916312141773394, 4.157861697802932, -0.4537321106404796, -15.0, 0.05511079383413412, -7.649411055541988]","[-3.9163121442766133, 4.1578617045614745, -0.4537321035806007, -15.0, 0.05511079461156357, -7.649411005032286]",-3.9163121442766133,4.1578617045614745,-0.4537321035806007,-15.0,0.05511079461156357,-7.649411005032286
backward/16.1428571429|-0.3000000000/1,16.1428571429|-0.3000000000,local,backward,L-BFGS-B_profile4,,previous_backward,450.46739699986364,742.342415693739,373.4554538729696,358.4346616111921,358.4346616111587,358.4346616111587,92.03273538870496,optimizer_visited,True,completed,CONVERGENCE: RELATIVE REDUCTION OF F <= FACTR*EPSMCH,115,0,0,5000,0.11234769597649574,True,"[-3.9163121442766133, 4.1578617045614745, -0.4537321035806007, -15.0, 0.05511079461156357, -7.649411005032286]","[-4.225855541234779, 4.669245235736932, -4.067233365260619, 0.20315286114887599, 0.24336012673633065, -2.196008642939453]","[-4.176194525738513, 4.669245235736932, -4.067233365260619, 0.20315286114887599, 0.23935859732121337, -2.196008642939453]","[-4.010299070843809, 4.488006099078748, -3.4840972267352837, 0.47508133433512234, 0.24086931588932675, -1.9427899839451785]","[-4.010299059423259, 4.488006399078748, -3.4840972267352837, 0.47508133433512234, 0.2408692837763355, -1.9427899839451785]","[-4.010299059423259, 4.488006399078748, -3.4840972267352837, 0.47508133433512234, 0.2408692837763355, -1.9427899839451785]",-4.010299059423259,4.488006399078748,-3.4840972267352837,0.47508133433512234,0.2408692837763355,-1.9427899839451785
backward/16.0000000000|-0.3000000000/0,16.0000000000|-0.3000000000,local,backward,L-BFGS-B_profile4,,own,412.7397688622607,412.7397688622607,412.7397688622608,412.7397688622608,412.7397688622608,412.7397688622607,0.0,baseline,True,completed,CONVERGENCE: RELATIVE REDUCTION OF F <= FACTR*EPSMCH,70,0,0,5000,0.06615974195301533,False,"[-3.804994453338179, 4.837427498207907, -2.782582355628517, 0.42262443391348004, 0.21221206753985744, -1.852817311099245]","[-3.804994453338179, 4.837427498207907, -2.782582355628517, 0.42262443391348004, 0.21221206753985744, -1.852817311099245]","[-3.8049944533381774, 4.837427498207907, -2.782582355628517, 0.42262443391348004, 0.2122120675398558, -1.852817311099245]","[-3.8049944533352402, 4.837427498207895, -2.7825823556285174, 0.42262443391347304, 0.21221206753592822, -1.85281731118419]","[-3.8049944533381774, 4.837427498207907, -2.782582355628517, 0.42262443391348004, 0.2122120675398558, -1.852817311099245]","[-3.804994453338179, 4.837427498207907, -2.782582355628517, 0.42262443391348004, 0.21221206753985744, -1.852817311099245]",-3.804994453338179,4.837427498207907,-2.782582355628517,0.42262443391348004,0.21221206753985744,-1.852817311099245
backward/16.0000000000|-0.3000000000/1,16.0000000000|-0.3000000000,local,backward,L-BFGS-B_profile4,,previous_backward,412.7397688622607,683.6460333532405,445.8251211593663,412.7397688798871,412.7397688798172,412.7397688622607,0.0,baseline,True,completed,CONVERGENCE: RELATIVE REDUCTION OF F <= FACTR*EPSMCH,295,0,0,5000,0.29937378875911236,False,"[-3.804994453338179, 4.837427498207907, -2.782582355628517, 0.42262443391348004, 0.21221206753985744, -1.852817311099245]","[-4.010299059423259, 4.488006399078748, -3.4840972267352837, 0.47508133433512234, 0.2408692837763355, -1.9427899839451785]","[-3.9589578383646904, 4.488006399078748, -3.4840972267352837, 0.47508133433512234, 0.2260719942561774, -1.9427899839451785]","[-3.8049944071672623, 4.837412985972449, -2.782587475958506, 0.4226257976613074, 0.21221136993244016, -1.8528577627042098]","[-3.8049943824882217, 4.837412985917474, -2.7825873161798085, 0.4226257979902248, 0.2122113718600524, -1.8528577618628164]","[-3.804994453338179, 4.837427498207907, -2.782582355628517, 0.42262443391348004, 0.21221206753985744, -1.852817311099245]",-3.804994453338179,4.837427498207907,-2.782582355628517,0.42262443391348004,0.21221206753985744,-1.852817311099245
backward/16.8571428571|0.0000000000/0,16.8571428571|0.0000000000,local,backward,L-BFGS-B_profile4,,own,205.1064511174939,205.1064511174939,205.10645111749406,205.10645111749383,205.10645111749383,205.10645111749383,5.684341886080802e-14,optimizer_visited,True,completed,CONVERGENCE: RELATIVE REDUCTION OF F <= FACTR*EPSMCH,100,0,0,5000,0.09464995563030243,True,"[-4.242209651298155, 4.905216064121953, -4.270415248297765, -0.060686213906791235, 0.24893760901045772, -2.5433609230568814]","[-4.242209651298155, 4.905216064121953, -4.270415248297765, -0.060686213906791235, 0.24893760901045772, -2.5433609230568814]","[-4.242209651298155, 4.905216064121953, -4.270415248297765, -0.060686213906791235, 0.2489376090104586, -2.5433609230568814]","[-4.242209651298153, 4.905216064121953, -4.270415248297765, -0.060686213906791256, 0.2489376090104564, -2.5433609230569116]","[-4.242209651298153, 4.905216064121953, -4.270415248297765, -0.060686213906791256, 0.2489376090104564, -2.5433609230569103]","[-4.242209651298153, 4.905216064121953, -4.270415248297765, -0.060686213906791256, 0.2489376090104564, -2.5433609230569103]",-4.242209651298153,4.905216064121953,-4.270415248297765,-0.060686213906791256,0.2489376090104564,-2.5433609230569103
backward/16.8571428571|0.0000000000/1,16.8571428571|0.0000000000,local,backward,L-BFGS-B_profile4,,16.7142857143|0.0000000000,205.1064511174939,1937.8705730586387,242.02239027373028,205.10645112751058,205.10645112750908,205.1064511174939,0.0,baseline,True,completed,CONVERGENCE: RELATIVE REDUCTION OF F <= FACTR*EPSMCH,175,0,0,5000,0.1814035065472126,False,"[-4.242209651298155, 4.905216064121953, -4.270415248297765, -0.060686213906791235, 0.24893760901045772, -2.5433609230568814]","[-4.213123708015166, 5.000442900060523, -4.1922703765605, -0.1635130858026507, 0.4229128418135982, -1.4366481949306231]","[-4.243657346411902, 5.000442900060523, -4.1922703765605, -0.1635130858026507, 0.32824845347693427, -1.4366481949306231]","[-4.242209561134485, 4.905207441103211, -4.270417023344864, -0.06068558193850143, 0.24893627755376108, -2.543404175994461]","[-4.242209538036494, 4.905207441104263, -4.270417023345312, -0.06068523193903871, 0.24893619159443647, -2.5434041759946786]","[-4.242209651298155, 4.905216064121953, -4.270415248297765, -0.060686213906791235, 0.24893760901045772, -2.5433609230568814]",-4.242209651298155,4.905216064121953,-4.270415248297765,-0.060686213906791235,0.24893760901045772,-2.5433609230568814
backward/16.7142857143|0.0000000000/0,16.7142857143|0.0000000000,local,backward,L-BFGS-B_profile4,,own,204.26678685847085,204.26678685847085,204.26678685847088,204.2667868584708,204.2667868584708,204.2667868584708,5.684341886080802e-14,optimizer_visited,True,completed,CONVERGENCE: RELATIVE REDUCTION OF F <= FACTR*EPSMCH,100,0,0,5000,0.09865295514464378,True,"[-4.213123708015166, 5.000442900060523, -4.1922703765605, -0.1635130858026507, 0.42291284181359823, -1.4366481949306233]","[-4.213123708015166, 5.000442900060523, -4.1922703765605, -0.1635130858026507, 0.42291284181359823, -1.4366481949306233]","[-4.21312370801516, 5.000442900060523, -4.1922703765605, -0.1635130858026507, 0.42291284181358807, -1.4366481949306233]","[-4.21312370801516, 5.000442900060523, -4.1922703765605, -0.16351308580265078, 0.42291284181358807, -1.436648194930624]","[-4.21312370801516, 5.000442900060523, -4.1922703765605, -0.16351308580265078, 0.42291284181358807, -1.436648194930624]","[-4.21312370801516, 5.000442900060523, -4.1922703765605, -0.16351308580265078, 0.42291284181358807, -1.436648194930624]",-4.21312370801516,5.000442900060523,-4.1922703765605,-0.16351308580265078,0.42291284181358807,-1.436648194930624
backward/16.7142857143|0.0000000000/1,16.7142857143|0.0000000000,local,backward,L-BFGS-B_profile4,,previous_backward,204.26678685847085,1544.9329799344519,261.56009832674226,204.26678685913333,204.26678685913296,204.26678685847085,0.0,baseline,True,completed,CONVERGENCE: RELATIVE REDUCTION OF F <= FACTR*EPSMCH,110,0,0,5000,0.10747217945754528,False,"[-4.213123708015166, 5.000442900060523, -4.1922703765605, -0.1635130858026507, 0.42291284181359823, -1.4366481949306233]","[-4.242209651298153, 4.905216064121953, -4.270415248297765, -0.060686213906791256, 0.2489376090104564, -2.5433609230569103]","[-4.2074733567959095, 4.905216064121953, -4.270415248297765, -0.060686213906791256, 0.32579224613638225, -2.5433609230569103]","[-4.213123671069705, 5.0004414830940656, -4.192270760648869, -0.16351380897777543, 0.4229125340654732, -1.4366565893519838]","[-4.213123735664272, 5.0004414830940656, -4.192270760648869, -0.16351380897777543, 0.42291271193892666, -1.436654589351984]","[-4.213123708015166, 5.000442900060523, -4.1922703765605, -0.1635130858026507, 0.42291284181359823, -1.4366481949306233]",-4.213123708015166,5.000442900060523,-4.1922703765605,-0.1635130858026507,0.42291284181359823,-1.4366481949306233
backward/16.5714285714|0.0000000000/0,16.5714285714|0.0000000000,local,backward,L-BFGS-B_profile4,,own,212.66822462851965,212.66822462851965,212.66822462852,212.66822462851982,212.66822462851982,212.66822462851965,0.0,baseline,True,completed,CONVERGENCE: RELATIVE REDUCTION OF F <= FACTR*EPSMCH,85,0,0,5000,0.08051860705018044,False,"[-4.194093361873419, 4.933000469541424, -4.166432401946217, -0.13219901905917902, 0.603459692585076, -0.8271406647802932]","[-4.194093361873419, 4.933000469541424, -4.166432401946217, -0.13219901905917902, 0.603459692585076, -0.8271406647802932]","[-4.194093361873417, 4.933000469541424, -4.166432401946217, -0.13219901905917902, 0.603459692585073, -0.8271406647802932]","[-4.194093361873416, 4.933000469541424, -4.166432401946217, -0.13219901905918013, 0.6034596925850698, -0.8271406647803086]","[-4.194093361873416, 4.933000469541424, -4.166432401946217, -0.13219901905918013, 0.6034596925850698, -0.8271406647803086]","[-4.194093361873419, 4.933000469541424, -4.166432401946217, -0.13219901905917902, 0.603459692585076, -0.8271406647802932]",-4.194093361873419,4.933000469541424,-4.166432401946217,-0.13219901905917902,0.603459692585076,-0.8271406647802932
backward/16.5714285714|0.0000000000/1,16.5714285714|0.0000000000,local,backward,L-BFGS-B_profile4,,previous_backward,212.66822462851965,1728.2107213751067,246.5408040776156,212.66822463002904,212.6682246300279,212.66822462851965,0.0,baseline,True,completed,CONVERGENCE: RELATIVE REDUCTION OF F <= FACTR*EPSMCH,140,0,0,5000,0.13691230863332748,False,"[-4.194093361873419, 4.933000469541424, -4.166432401946217, -0.13219901905917902, 0.603459692585076, -0.8271406647802932]","[-4.21312370801516, 5.000442900060523, -4.1922703765605, -0.16351308580265078, 0.42291284181358807, -1.436648194930624]","[-4.180446849658876, 5.000442900060523, -4.1922703765605, -0.16351308580265078, 0.5299662788953433, -1.436648194930624]","[-4.194092670544124, 4.9329898794314655, -4.166431417082253, -0.1321951794695747, 0.6034589661898001, -0.8271565652229109]","[-4.194092668177133, 4.9329898794314655, -4.166431417082253, -0.1321948294695747, 0.60345890190668, -0.8271565652229109]","[-4.194093361873419, 4.933000469541424, -4.166432401946217, -0.13219901905917902, 0.603459692585076, -0.8271406647802932]",-4.194093361873419,4.933000469541424,-4.166432401946217,-0.13219901905917902,0.603459692585076,-0.8271406647802932
backward/16.4285714286|0.0000000000/0,16.4285714286|0.0000000000,local,backward,L-BFGS-B_profile4,,own,262.5907095766087,262.5907095766087,262.5907095766088,262.5907095766088,262.5907095766088,262.5907095766087,0.0,baseline,False,not_converged,ABNORMAL: ,155,0,0,5000,0.1445521954447031,False,"[-4.159899996285716, 4.518479074133467, -4.145148950154016, 0.10091518911682415, 0.7603422158461387, -0.7571993857433746]","[-4.159899996285716, 4.518479074133467, -4.145148950154016, 0.10091518911682415, 0.7603422158461387, -0.7571993857433746]","[-4.159899996285716, 4.518479074133467, -4.145148950154016, 0.10091518911682415, 0.7603422158461423, -0.7571993857433746]","[-4.159899996285716, 4.518479074133467, -4.145148950154016, 0.10091518911682415, 0.7603422158461423, -0.7571993857433746]","[-4.159899996285716, 4.518479074133467, -4.145148950154016, 0.10091518911682415, 0.7603422158461423, -0.7571993857433746]","[-4.159899996285716, 4.518479074133467, -4.145148950154016, 0.10091518911682415, 0.7603422158461387, -0.7571993857433746]",-4.159899996285716,4.518479074133467,-4.145148950154016,0.10091518911682415,0.7603422158461387,-0.7571993857433746
backward/16.4285714286|0.0000000000/1,16.4285714286|0.0000000000,local,backward,L-BFGS-B_profile4,,previous_backward,262.5907095766087,1751.6808793513023,280.0244933769303,262.59070958047676,262.59070958046016,262.5907095766087,0.0,baseline,True,completed,CONVERGENCE: RELATIVE REDUCTION OF F <= FACTR*EPSMCH,180,0,0,5000,0.17374680750072002,False,"[-4.159899996285716, 4.518479074133467, -4.145148950154016, 0.10091518911682415, 0.7603422158461387, -0.7571993857433746]","[-4.194093361873419, 4.933000469541424, -4.166432401946217, -0.13219901905917902, 0.603459692585076, -0.8271406647802932]","[-4.154357508953267, 4.933000469541424, -4.166432401946217, -0.13219901905917902, 0.7118086161237572, -0.8271406647802932]","[-4.159897963984218, 4.518448011714076, -4.1451450233133835, 0.10092968650669482, 0.7603404403859492, -0.7572330517293873]","[-4.159897975953583, 4.518448107456171, -4.145145036736714, 0.10092996611689559, 0.7603403958660441, -0.7572330121600146]","[-4.159899996285716, 4.518479074133467, -4.145148950154016, 0.10091518911682415, 0.7603422158461387, -0.7571993857433746]",-4.159899996285716,4.518479074133467,-4.145148950154016,0.10091518911682415,0.7603422158461387,-0.7571993857433746
backward/16.2857142857|0.0000000000/0,16.2857142857|0.0000000000,local,backward,L-BFGS-B_profile4,,own,420.3572664073936,420.3572664073936,420.35726640739347,420.3572664073934,420.3572664073934,420.3572664073934,1.7053025658242404e-13,optimizer_visited,True,completed,CONVERGENCE: RELATIVE REDUCTION OF F <= FACTR*EPSMCH,135,0,0,5000,0.1294413823634386,True,"[-3.9912317571471747, 3.5801163772972533, -3.8717382945621743, 0.6240322138591523, 0.7681090805242149, -1.3920595350171419]","[-3.9912317571471747, 3.5801163772972533, -3.8717382945621743, 0.6240322138591523, 0.7681090805242149, -1.3920595350171419]","[-3.9912317571471734, 3.5801163772972533, -3.8717382945621743, 0.6240322138591523, 0.7681090805242142, -1.3920595350171419]","[-3.9912317571471734, 3.5801163772972533, -3.8717382945621743, 0.6240322138591523, 0.7681090805242129, -1.392059535017144]","[-3.9912317571471734, 3.5801163772972533, -3.8717382945621743, 0.6240322138591523, 0.7681090805242129, -1.3920595350171432]","[-3.9912317571471734, 3.5801163772972533, -3.8717382945621743, 0.6240322138591523, 0.7681090805242129, -1.3920595350171432]",-3.9912317571471734,3.5801163772972533,-3.8717382945621743,0.6240322138591523,0.7681090805242129,-1.3920595350171432
backward/16.2857142857|0.0000000000/1,16.2857142857|0.0000000000,local,backward,L-BFGS-B_profile4,,previous_backward,420.3572664073936,1664.2227623073288,430.04686746511925,420.35726658047923,420.35726653598607,420.3572664073936,0.0,baseline,True,completed,CONVERGENCE: RELATIVE REDUCTION OF F <= FACTR*EPSMCH,355,0,0,5000,0.34016389213502407,False,"[-3.9912317571471747, 3.5801163772972533, -3.8717382945621743, 0.6240322138591523, 0.7681090805242149, -1.3920595350171419]","[-4.159899996285716, 4.518479074133467, -4.145148950154016, 0.10091518911682415, 0.7603422158461387, -0.7571993857433746]","[-4.105321672969366, 4.518479074133467, -4.145148950154016, 0.10091518911682415, 0.8286490937681975, -0.7571993857433746]","[-3.9912268072318797, 3.5799976363776995, -3.871733926986557, 0.6240757136302426, 0.7681011647776836, -1.3922327217131412]","[-3.991227402308756, 3.579997636378475, -3.87173392698669, 0.6240757136298107, 0.768103495613674, -1.3922127217124693]","[-3.9912317571471747, 3.5801163772972533, -3.8717382945621743, 0.6240322138591523, 0.7681090805242149, -1.3920595350171419]",-3.9912317571471747,3.5801163772972533,-3.8717382945621743,0.6240322138591523,0.7681090805242149,-1.3920595350171419
backward/16.1428571429|0.0000000000/0,16.1428571429|0.0000000000,local,backward,L-BFGS-B_profile4,,own,679.515552009753,679.515552009753,679.5155520097533,679.5155520097533,679.5155520097533,679.515552009753,0.0,baseline,True,completed,CONVERGENCE: RELATIVE REDUCTION OF F <= FACTR*EPSMCH,90,0,0,5000,0.08471945114433765,False,"[-3.64549843196023, 3.456291546487088, -3.220699226113542, 0.8564057392400497, 0.5866332771855007, -1.6044461489487387]","[-3.64549843196023, 3.456291546487088, -3.220699226113542, 0.8564057392400497, 0.5866332771855007, -1.6044461489487387]","[-3.6454984319602306, 3.456291546487088, -3.220699226113542, 0.8564057392400497, 0.5866332771855, -1.6044461489487387]","[-3.6454984319602306, 3.456291546487088, -3.220699226113542, 0.8564057392400497, 0.5866332771855, -1.6044461489487392]","[-3.6454984319602306, 3.456291546487088, -3.220699226113542, 0.8564057392400497, 0.5866332771855, -1.6044461489487387]","[-3.64549843196023, 3.456291546487088, -3.220699226113542, 0.8564057392400497, 0.5866332771855007, -1.6044461489487387]",-3.64549843196023,3.456291546487088,-3.220699226113542,0.8564057392400497,0.5866332771855007,-1.6044461489487387
backward/16.1428571429|0.0000000000/1,16.1428571429|0.0000000000,local,backward,L-BFGS-B_profile4,,previous_backward,679.515552009753,1569.3203206230733,724.3250490152674,679.5155520133277,679.515552013323,679.515552009753,0.0,baseline,True,completed,CONVERGENCE: RELATIVE REDUCTION OF F <= FACTR*EPSMCH,155,0,0,5000,0.14890423975884914,False,"[-3.64549843196023, 3.456291546487088, -3.220699226113542, 0.8564057392400497, 0.5866332771855007, -1.6044461489487387]","[-3.9912317571471734, 3.5801163772972533, -3.8717382945621743, 0.6240322138591523, 0.7681090805242129, -1.3920595350171432]","[-3.9192447258617102, 3.5801163772972533, -3.8717382945621743, 0.6240322138591523, 0.766050711965215, -1.3920595350171432]","[-3.6454979481526375, 3.456275883321858, -3.2206989730923827, 0.856412344731051, 0.5866327019823055, -1.6044671579140146]","[-3.6454980140926856, 3.456275883321858, -3.2206989730923827, 0.856412344731051, 0.5866328868617494, -1.6044651579140146]","[-3.64549843196023, 3.456291546487088, -3.220699226113542, 0.8564057392400497, 0.5866332771855007, -1.6044461489487387]",-3.64549843196023,3.456291546487088,-3.220699226113542,0.8564057392400497,0.5866332771855007,-1.6044461489487387
backward/16.0000000000|0.0000000000/0,16.0000000000|0.0000000000,local,backward,L-BFGS-B_profile4,,own,827.8476637216739,827.8476637216739,827.8476637216743,827.847663721674,827.847663721674,827.8476637216739,0.0,baseline,True,completed,CONVERGENCE: RELATIVE REDUCTION OF F <= FACTR*EPSMCH,135,0,0,5000,0.12543156556785107,False,"[-3.332550825619357, 4.055777754101996, -2.51686540427772, 0.7788684027983479, 0.41147372099314605, -1.5016501715987274]","[-3.332550825619357, 4.055777754101996, -2.51686540427772, 0.7788684027983479, 0.41147372099314605, -1.5016501715987274]","[-3.33255082561936, 4.055777754101996, -2.51686540427772, 0.7788684027983479, 0.41147372099315, -1.5016501715987274]","[-3.332550825619359, 4.055777754101996, -2.51686540427772, 0.7788684027983479, 0.4114737209931493, -1.50165017159873]","[-3.332550825619359, 4.055777754101996, -2.51686540427772, 0.7788684027983479, 0.4114737209931493, -1.5016501715987298]","[-3.332550825619357, 4.055777754101996, -2.51686540427772, 0.7788684027983479, 0.41147372099314605, -1.5016501715987274]",-3.332550825619357,4.055777754101996,-2.51686540427772,0.7788684027983479,0.41147372099314605,-1.5016501715987274
backward/16.0000000000|0.0000000000/1,16.0000000000|0.0000000000,local,backward,L-BFGS-B_profile4,,15.8571428571|0.0000000000,827.8476637216739,1221.5387802106059,885.589510823734,827.8476638454613,827.8476638454604,827.8476637216739,0.0,baseline,True,completed,CONVERGENCE: RELATIVE REDUCTION OF F <= FACTR*EPSMCH,220,0,0,5000,0.2798119317740202,False,"[-3.332550825619357, 4.055777754101996, -2.51686540427772, 0.7788684027983479, 0.41147372099314605, -1.5016501715987274]","[-3.1667038426717804, 4.44921115366171, -2.012857007598422, 0.656205124858523, 0.3121658499203233, -1.6945891652487326]","[-3.238455291404397, 4.44921115366171, -2.012857007598422, 0.656205124858523, 0.3409176039682359, -1.6945891652487326]","[-3.332547833898947, 4.055726061040568, -2.516863385953845, 0.7788896958414286, 0.4114707929517187, -1.5017466435895215]","[-3.3325478355194234, 4.055726061040568, -2.516863385953845, 0.7788900458414287, 0.41147078243339597, -1.5017466435895215]","[-3.332550825619357, 4.055777754101996, -2.51686540427772, 0.7788684027983479, 0.41147372099314605, -1.5016501715987274]",-3.332550825619357,4.055777754101996,-2.51686540427772,0.7788684027983479,0.41147372099314605,-1.5016501715987274
backward/15.8571428571|0.0000000000/0,15.8571428571|0.0000000000,local,backward,L-BFGS-B_profile4,,own,786.2191297582671,786.2191297582671,786.2191297582673,786.2191297582671,786.2191297582671,786.2191297582671,0.0,baseline,True,completed,CONVERGENCE: RELATIVE REDUCTION OF F <= FACTR*EPSMCH,105,0,0,5000,0.09878397546708584,False,"[-3.1667038426717804, 4.44921115366171, -2.012857007598422, 0.656205124858523, 0.3121658499203233, -1.6945891652487326]","[-3.1667038426717804, 4.44921115366171, -2.012857007598422, 0.656205124858523, 0.3121658499203233, -1.6945891652487326]","[-3.1667038426717715, 4.44921115366171, -2.012857007598422, 0.656205124858523, 0.31216584992031493, -1.6945891652487326]","[-3.1667038426717693, 4.449211153661709, -2.012857007598422, 0.6562051248585229, 0.3121658499203116, -1.6945891652487837]","[-3.1667038426717693, 4.449211153661709, -2.012857007598422, 0.6562051248585229, 0.3121658499203116, -1.6945891652487837]","[-3.1667038426717804, 4.44921115366171, -2.012857007598422, 0.656205124858523, 0.3121658499203233, -1.6945891652487326]",-3.1667038426717804,4.44921115366171,-2.012857007598422,0.656205124858523,0.3121658499203233,-1.6945891652487326
backward/15.8571428571|0.0000000000/1,15.8571428571|0.0000000000,local,backward,L-BFGS-B_profile4,,previous_backward,786.2191297582671,1188.350524293007,851.8151854216388,786.219129759447,786.219129759446,786.2191297582671,0.0,baseline,True,completed,CONVERGENCE: RELATIVE REDUCTION OF F <= FACTR*EPSMCH,160,0,0,5000,0.15561774745583534,False,"[-3.1667038426717804, 4.44921115366171, -2.012857007598422, 0.656205124858523, 0.3121658499203233, -1.6945891652487326]","[-3.332550825619357, 4.055777754101996, -2.51686540427772, 0.7788684027983479, 0.41147372099314605, -1.5016501715987274]","[-3.255349625822205, 4.055777754101996, -2.51686540427772, 0.7788684027983479, 0.3753550580302332, -1.5016501715987274]","[-3.166703609905569, 4.4492073729409904, -2.012857205466102, 0.6562056752741205, 0.3121656381973559, -1.694597964198385]","[-3.166703609735223, 4.4492073729409904, -2.012857205466102, 0.6562060252741206, 0.3121656353197851, -1.694597964198385]","[-3.1667038426717804, 4.44921115366171, -2.012857007598422, 0.656205124858523, 0.3121658499203233, -1.6945891652487326]",-3.1667038426717804,4.44921115366171,-2.012857007598422,0.656205124858523,0.3121658499203233,-1.6945891652487326
backward/14.7142857143|0.0000000000/0,14.7142857143|0.0000000000,local,backward,L-BFGS-B_profile4,,own,228.74092606448073,228.74092606448073,228.74092606448093,228.74092606448093,228.74092606448093,228.74092606448073,0.0,baseline,True,completed,CONVERGENCE: RELATIVE REDUCTION OF F <= FACTR*EPSMCH,55,0,0,5000,0.052389128133654594,False,"[-3.1389891534430436, 3.2896891404870976, 0.5718943456178214, 4.238578433199475, -0.3128449224450533, 7.081127912594448]","[-3.1389891534430436, 3.2896891404870976, 0.5718943456178214, 4.238578433199475, -0.3128449224450533, 7.081127912594448]","[-3.1389891534430414, 3.2896891404870976, 0.5718943456178214, 4.238578433199475, -0.3128449224450573, 7.081127912594448]","[-3.1389891532861904, 3.289689140484097, 0.5718943456099913, 4.238578433197174, -0.3128449225692969, 7.081127900647194]","[-3.1389891534430414, 3.2896891404870976, 0.5718943456178214, 4.238578433199475, -0.3128449224450573, 7.081127912594448]","[-3.1389891534430436, 3.2896891404870976, 0.5718943456178214, 4.238578433199475, -0.3128449224450533, 7.081127912594448]",-3.1389891534430436,3.2896891404870976,0.5718943456178214,4.238578433199475,-0.3128449224450533,7.081127912594448
backward/14.7142857143|0.0000000000/1,14.7142857143|0.0000000000,local,backward,L-BFGS-B_profile4,,14.5714285714|0.0000000000,228.74092606448073,256.95386678274434,230.95722864334894,228.7409260653671,228.74092606526955,228.74092606448073,0.0,baseline,True,completed,CONVERGENCE: RELATIVE REDUCTION OF F <= FACTR*EPSMCH,185,0,0,5000,0.46427698619663715,False,"[-3.1389891534430436, 3.2896891404870976, 0.5718943456178214, 4.238578433199475, -0.3128449224450533, 7.081127912594448]","[-3.144729015363883, 3.3329335719676485, 0.7014109874114736, 3.635317725004796, -0.3742673410400994, 5.501835442411638]","[-3.166419050710568, 3.3329335719676485, 0.7014109874114736, 3.635317725004796, -0.3553654281279995, 5.501835442411638]","[-3.1389896835619173, 3.2896928935175036, 0.5718963031642109, 4.238563748489647, -0.3128454201299208, 7.081094186848656]","[-3.138989808363277, 3.2896928935175036, 0.5718964631642109, 4.238563748489647, -0.3128453764160566, 7.081094186848656]","[-3.1389891534430436, 3.2896891404870976, 0.5718943456178214, 4.238578433199475, -0.3128449224450533, 7.081127912594448]",-3.1389891534430436,3.2896891404870976,0.5718943456178214,4.238578433199475,-0.3128449224450533,7.081127912594448
backward/14.7142857143|-0.1000000000/0,14.7142857143|-0.1000000000,local,backward,L-BFGS-B_profile4,,own,259.8088185554777,259.8088185554777,259.8088185554777,259.8088185554777,259.8088185554777,259.8088185554777,0.0,baseline,True,completed,CONVERGENCE: RELATIVE REDUCTION OF F <= FACTR*EPSMCH,70,0,0,5000,0.06712699681520462,False,"[-3.1563782527039335, 4.241620037707688, -0.7302688084081547, -9.527838783540915, 0.009764841902607138, -12.385887564220052]","[-3.1563782527039335, 4.241620037707688, -0.7302688084081547, -9.527838783540915, 0.009764841902607138, -12.385887564220052]","[-3.1563782527039335, 4.241620037707688, -0.7302688084081547, -9.527838783540915, 0.009764841902607242, -12.385887564220052]","[-3.1563782527039335, 4.241620037707688, -0.7302688084081547, -9.527838783540915, 0.009764841902607242, -12.385887564220052]","[-3.1563782527039335, 4.241620037707688, -0.7302688084081547, -9.527838783540915, 0.009764841902607242, -12.385887564220052]","[-3.1563782527039335, 4.241620037707688, -0.7302688084081547, -9.527838783540915, 0.009764841902607138, -12.385887564220052]",-3.1563782527039335,4.241620037707688,-0.7302688084081547,-9.527838783540915,0.009764841902607138,-12.385887564220052
backward/14.7142857143|-0.1000000000/1,14.7142857143|-0.1000000000,local,backward,L-BFGS-B_profile4,,previous_backward,259.8088185554777,11342.832558049033,225.86336525367622,215.02525734106948,215.02525734106942,215.02525734106942,44.78356121440831,optimizer_visited,True,completed,CONVERGENCE: RELATIVE REDUCTION OF F <= FACTR*EPSMCH,140,0,0,5000,0.13530397973954678,True,"[-3.1563782527039335, 4.241620037707688, -0.7302688084081547, -9.527838783540915, 0.009764841902607138, -12.385887564220052]","[-3.1389891534430436, 3.2896891404870976, 0.5718943456178214, 4.238578433199475, -0.3128449224450533, 7.081127912594448]","[-3.332681981718205, 3.2896891404870976, 0.5718943456178214, 4.238578433199475, -0.3610918508398065, 7.081127912594448]","[-3.31989848597691, 3.5149112428395113, 0.5545968196651291, 4.07087839594884, -0.3595123821489711, 5.744647632375016]","[-3.3198986056182003, 3.5149112428395113, 0.5545969796651291, 4.07087839594884, -0.35951235325647224, 5.744647632375016]","[-3.3198986056182003, 3.5149112428395113, 0.5545969796651291, 4.07087839594884, -0.35951235325647224, 5.744647632375016]",-3.3198986056182003,3.5149112428395113,0.5545969796651291,4.07087839594884,-0.35951235325647224,5.744647632375016
backward/14.7142857143|-0.2000000000/0,14.7142857143|-0.2000000000,local,backward,L-BFGS-B_profile4,,own,207.80433217090285,207.80433217090285,207.804332170903,207.8043321709029,207.8043321709029,207.80433217090285,0.0,baseline,True,completed,CONVERGENCE: RELATIVE REDUCTION OF F <= FACTR*EPSMCH,60,0,0,5000,0.05760526843369007,False,"[-3.4735081663968814, 3.7528982459552997, 0.46379243109357593, 4.296734540449597, -0.3761751241730943, 5.396037668513616]","[-3.4735081663968814, 3.7528982459552997, 0.46379243109357593, 4.296734540449597, -0.3761751241730943, 5.396037668513616]","[-3.4735081663968894, 3.7528982459552997, 0.46379243109357593, 4.296734540449597, -0.3761751241730847, 5.396037668513616]","[-3.473508166338736, 3.752898245934095, 0.46379243103053236, 4.2967345404384645, -0.3761751241908447, 5.396037668267051]","[-3.4735081663389518, 3.752898245934174, 0.4637924310307662, 4.296734540438506, -0.37617512419077787, 5.396037668267965]","[-3.4735081663968814, 3.7528982459552997, 0.46379243109357593, 4.296734540449597, -0.3761751241730943, 5.396037668513616]",-3.4735081663968814,3.7528982459552997,0.46379243109357593,4.296734540449597,-0.3761751241730943,5.396037668513616
backward/14.7142857143|-0.2000000000/1,14.7142857143|-0.2000000000,local,backward,L-BFGS-B_profile4,,previous_backward,207.80433217090285,9577.50013968599,214.09206410487042,207.80433217845425,207.80433217845425,207.80433217090285,0.0,baseline,True,completed,CONVERGENCE: RELATIVE REDUCTION OF F <= FACTR*EPSMCH,160,0,0,5000,0.15519564785063267,False,"[-3.4735081663968814, 3.7528982459552997, 0.46379243109357593, 4.296734540449597, -0.3761751241730943, 5.396037668513616]","[-3.3198986056182003, 3.5149112428395113, 0.5545969796651291, 4.07087839594884, -0.35951235325647224, 5.744647632375016]","[-3.492427664324912, 3.5149112428395113, 0.5545969796651291, 4.07087839594884, -0.40830014858976743, 5.744647632375016]","[-3.473504991493285, 3.752907124226401, 0.4637741830058491, 4.296830945758398, -0.3761690586859311, 5.396146531854733]","[-3.473504991493285, 3.752907124226401, 0.4637741830058491, 4.296830945758398, -0.3761690586859311, 5.396146531854733]","[-3.4735081663968814, 3.7528982459552997, 0.46379243109357593, 4.296734540449597, -0.3761751241730943, 5.396037668513616]",-3.4735081663968814,3.7528982459552997,0.46379243109357593,4.296734540449597,-0.3761751241730943,5.396037668513616
backward/14.7142857143|-0.4000000000/0,14.7142857143|-0.4000000000,local,backward,L-BFGS-B_profile4,,own,206.6058064676264,206.6058064676264,206.60580646762645,206.60580646762645,206.60580646762645,206.6058064676264,0.0,baseline,True,completed,CONVERGENCE: RELATIVE REDUCTION OF F <= FACTR*EPSMCH,90,0,0,5000,0.0842956155538559,False,"[-3.7594952583455283, 4.153423821462068, -3.5416591656184813, 1.2887724673094292, -0.03502863044451658, 112.25907001728976]","[-3.7594952583455283, 4.153423821462068, -3.5416591656184813, 1.2887724673094292, -0.03502863044451658, 112.25907001728976]","[-3.759495258345529, 4.153423821462068, -3.5416591656184813, 1.2887724673094292, -0.03502863044451606, 112.25907001728976]","[-3.759495258345529, 4.153423821462068, -3.5416591656184813, 1.2887724673094292, -0.03502863044451606, 112.25907001728976]","[-3.759495258345529, 4.153423821462068, -3.5416591656184813, 1.2887724673094292, -0.03502863044451606, 112.25907001728976]","[-3.7594952583455283, 4.153423821462068, -3.5416591656184813, 1.2887724673094292, -0.03502863044451658, 112.25907001728976]",-3.7594952583455283,4.153423821462068,-3.5416591656184813,1.2887724673094292,-0.03502863044451658,112.25907001728976
backward/14.7142857143|-0.4000000000/1,14.7142857143|-0.4000000000,local,backward,L-BFGS-B_profile4,,previous_backward,206.6058064676264,33233.74541052661,218.51910780523843,200.53269958218496,200.53269958096143,200.53269958096143,6.073106886664959,optimizer_visited,True,completed,CONVERGENCE: RELATIVE REDUCTION OF F <= FACTR*EPSMCH,375,0,0,5000,0.3619530666619539,True,"[-3.7594952583455283, 4.153423821462068, -3.5416591656184813, 1.2887724673094292, -0.03502863044451658, 112.25907001728976]","[-3.4735081663968814, 3.7528982459552997, 0.46379243109357593, 4.296734540449597, -0.3761751241730943, 5.396037668513616]","[-3.7649642480482415, 3.7528982459552997, 0.46379243109357593, 4.296734540449597, -0.4590148818719993, 5.396037668513616]","[-3.723312744255022, 4.341348655186604, 0.08565721258100056, 8.843371731865567, -0.3286915694377281, 7.13528480503865]","[-3.7233130033643116, 4.341347438198564, 0.08565721884125775, 8.843375458669476, -0.3286914313882785, 7.135301628944495]","[-3.7233130033643116, 4.341347438198564, 0.08565721884125775, 8.843375458669476, -0.3286914313882785, 7.135301628944495]",-3.7233130033643116,4.341347438198564,0.08565721884125775,8.843375458669476,-0.3286914313882785,7.135301628944495
backward/16.4285714286|-0.1000000000/0,16.4285714286|-0.1000000000,local,backward,L-BFGS-B_profile4,,own,240.51440114935954,240.51440114935954,240.51440114935943,240.51440114935943,240.51440114935943,240.51440114935943,1.1368683772161603e-13,profiled_start,True,completed,CONVERGENCE: RELATIVE REDUCTION OF F <= FACTR*EPSMCH,120,0,0,5000,0.11437281034886837,True,"[-4.21175845547947, 4.746675368746757, -4.187630488100915, 0.005421981855040803, 0.5192103149513847, -1.0938848552697071]","[-4.21175845547947, 4.746675368746757, -4.187630488100915, 0.005421981855040803, 0.5192103149513847, -1.0938848552697071]","[-4.211758455479467, 4.746675368746757, -4.187630488100915, 0.005421981855040803, 0.5192103149513784, -1.0938848552697071]","[-4.211758455479467, 4.746675368746757, -4.187630488100915, 0.005421981855040797, 0.5192103149513784, -1.0938848552697071]","[-4.211758455479467, 4.746675368746757, -4.187630488100915, 0.005421981855040803, 0.5192103149513784, -1.0938848552697071]","[-4.211758455479467, 4.746675368746757, -4.187630488100915, 0.005421981855040803, 0.5192103149513784, -1.0938848552697071]",-4.211758455479467,4.746675368746757,-4.187630488100915,0.005421981855040803,0.5192103149513784,-1.0938848552697071
backward/16.4285714286|-0.1000000000/1,16.4285714286|-0.1000000000,local,backward,L-BFGS-B_profile4,,previous_backward,240.51440114935954,5190.686360242281,271.275988491425,240.51440115060444,240.51440115055246,240.51440114935954,0.0,baseline,True,completed,CONVERGENCE: RELATIVE REDUCTION OF F <= FACTR*EPSMCH,245,0,0,5000,0.27617366053164005,False,"[-4.21175845547947, 4.746675368746757, -4.187630488100915, 0.005421981855040803, 0.5192103149513847, -1.0938848552697071]","[-4.159899996285716, 4.518479074133467, -4.145148950154016, 0.10091518911682415, 0.7603422158461387, -0.7571993857433746]","[-4.209695925066863, 4.518479074133467, -4.145148950154016, 0.10091518911682415, 0.5661632692560746, -0.7571993857433746]","[-4.211757625357028, 4.746662465455194, -4.1876289378275535, 0.005427746255961943, 0.519209726970138, -1.0939008780499395]","[-4.211757622028981, 4.746662465455203, -4.187628937827556, 0.005428096255954962, 0.5192096685858681, -1.0939008780499406]","[-4.21175845547947, 4.746675368746757, -4.187630488100915, 0.005421981855040803, 0.5192103149513847, -1.0938848552697071]",-4.21175845547947,4.746675368746757,-4.187630488100915,0.005421981855040803,0.5192103149513847,-1.0938848552697071
backward/16.4285714286|-0.2000000000/0,16.4285714286|-0.2000000000,local,backward,L-BFGS-B_profile4,,frozen_candidate,292.89697654484206,292.89697654484195,292.89697654484195,292.89697654484195,292.89697654484195,292.89697654484195,1.1368683772161603e-13,start,False,not_converged,ABNORMAL: ,155,0,0,5000,0.1501357089728117,False,"[-4.62417902477532, 4.885397050010976, 1.4384473530667239, 0.2482042447447064, 0.17433696732364273, -4.294488425624276]","[-4.6241790247753185, 4.885397050010976, 1.4384473530667239, 0.2482042447447064, 0.17433696732363882, -4.294488425624276]","[-4.6241790247753185, 4.885397050010976, 1.4384473530667239, 0.2482042447447064, 0.17433696732363882, -4.294488425624276]","[-4.6241790247753185, 4.885397050010976, 1.4384473530667239, 0.24820424474470637, 0.17433696732363882, -4.294488425624276]","[-4.6241790247753185, 4.885397050010976, 1.4384473530667239, 0.24820424474470637, 0.17433696732363882, -4.294488425624276]","[-4.6241790247753185, 4.885397050010976, 1.4384473530667239, 0.2482042447447064, 0.17433696732363882, -4.294488425624276]",-4.6241790247753185,4.885397050010976,1.4384473530667239,0.2482042447447064,0.17433696732363882,-4.294488425624276
backward/16.4285714286|-0.2000000000/1,16.4285714286|-0.2000000000,local,backward,L-BFGS-B_profile4,,previous_backward,292.89697654484206,4312.801933757281,262.6912160798089,224.74214403866927,224.74214403866463,224.74214403866463,68.15483250617743,optimizer_visited,True,completed,CONVERGENCE: RELATIVE REDUCTION OF F <= FACTR*EPSMCH,160,0,0,5000,0.2732101120054722,True,"[-4.62417902477532, 4.885397050010976, 1.4384473530667239, 0.2482042447447064, 0.17433696732364273, -4.294488425624276]","[-4.211758455479467, 4.746675368746757, -4.187630488100915, 0.005421981855040803, 0.5192103149513784, -1.0938848552697071]","[-4.272138207063321, 4.746675368746757, -4.187630488100915, 0.005421981855040803, 0.39562837137212137, -1.0938848552697071]","[-4.260604160107555, 4.905650479122724, -4.2121863738870715, -0.036822803183505934, 0.34041346031999214, -1.6517675587273277]","[-4.260604192916392, 4.9056506561778335, -4.212186300959506, -0.03682293084110456, 0.3404135951375522, -1.6517655910899685]","[-4.260604192916392, 4.9056506561778335, -4.212186300959506, -0.03682293084110456, 0.3404135951375522, -1.6517655910899685]",-4.260604192916392,4.9056506561778335,-4.212186300959506,-0.03682293084110456,0.3404135951375522,-1.6517655910899685
backward/16.4285714286|-0.4000000000/0,16.4285714286|-0.4000000000,local,backward,L-BFGS-B_profile4,,own,231.97705821042965,231.97705821042965,231.97705821042982,231.97705821042976,231.97705821042976,231.97705821042965,0.0,baseline,True,completed,CONVERGENCE: RELATIVE REDUCTION OF F <= FACTR*EPSMCH,50,0,0,5000,0.04830388352274895,False,"[-4.39523592390519, 3.256209094140602, 0.8065901314169468, 4.197927063728876, -0.2546023335182177, 11.934720081437657]","[-4.39523592390519, 3.256209094140602, 0.8065901314169468, 4.197927063728876, -0.2546023335182177, 11.934720081437657]","[-4.395235923905191, 3.256209094140602, 0.8065901314169468, 4.197927063728876, -0.25460233351821904, 11.934720081437657]","[-4.395235922409167, 3.256209093055139, 0.8065901296417878, 4.1979270623973, -0.2546023344961806, 11.934720080535174]","[-4.395235922409167, 3.256209093055139, 0.8065901296417878, 4.1979270623973, -0.2546023344961806, 11.934720080535174]","[-4.39523592390519, 3.256209094140602, 0.8065901314169468, 4.197927063728876, -0.2546023335182177, 11.934720081437657]",-4.39523592390519,3.256209094140602,0.8065901314169468,4.197927063728876,-0.2546023335182177,11.934720081437657
backward/16.4285714286|-0.4000000000/1,16.4285714286|-0.4000000000,local,backward,L-BFGS-B_profile4,,previous_backward,231.97705821042965,2731.6988563685923,252.3163728476803,211.23119245114307,211.23119245112787,211.23119245112787,20.74586575930178,optimizer_visited,True,completed,CONVERGENCE: RELATIVE REDUCTION OF F <= FACTR*EPSMCH,90,0,0,5000,0.09171165153384209,True,"[-4.39523592390519, 3.256209094140602, 0.8065901314169468, 4.197927063728876, -0.2546023335182177, 11.934720081437657]","[-4.300254311610808, 4.959381415286006, -4.193760782262759, 0.019339799027457423, 0.21382631988177703, -2.3981935342033167]","[-4.376897297972429, 4.959381415286006, -4.193760782262759, 0.019339799027457423, 0.17722208172295842, -2.3981935342033167]","[-4.332171933600944, 4.968920009560762, -4.128312780602993, 0.14452856313663098, 0.13062554182984473, -3.2018149224089494]","[-4.3321719135083665, 4.968920009560762, -4.128312780602993, 0.14452891313663097, 0.1306254920311619, -3.2018149224089494]","[-4.3321719135083665, 4.968920009560762, -4.128312780602993, 0.14452891313663097, 0.1306254920311619, -3.2018149224089494]",-4.3321719135083665,4.968920009560762,-4.128312780602993,0.14452891313663097,0.1306254920311619,-3.2018149224089494
backward/15.0000000000|-1.3750000000/0,15.0000000000|-1.3750000000,local,backward,L-BFGS-B_profile4,,frozen_candidate,231.24507049835995,193.70267345060572,193.70267345060577,193.70267345060563,193.70267345060563,193.70267345060563,37.54239704775432,optimizer_visited,True,completed,CONVERGENCE: RELATIVE REDUCTION OF F <= FACTR*EPSMCH,55,0,0,5000,0.051411254331469536,True,"[-4.5659313239826655, 5.725793816178692, -3.363926987663784, 1.0244624899616723, 1.0805213742844908e-87, -746.3304440163056]","[-4.513055480688673, 5.022350682601675, -3.3052248607823334, 1.408711520120327, -0.04389799760437118, 44.35061016901247]","[-4.513055480688194, 5.022350682601675, -3.3052248607823334, 1.408711520120327, -0.04389799760477985, 44.35061016901247]","[-4.513055479659389, 5.022350680741226, -3.3052248618395077, 1.4087115102793495, -0.04389799857328058, 44.35061015357059]","[-4.513055479659389, 5.022350680741226, -3.3052248618395077, 1.4087115102793495, -0.04389799857328058, 44.35061015357059]","[-4.513055479659389, 5.022350680741226, -3.3052248618395077, 1.4087115102793495, -0.04389799857328058, 44.35061015357059]",-4.513055479659389,5.022350680741226,-3.3052248618395077,1.4087115102793495,-0.04389799857328058,44.35061015357059
backward/15.0000000000|-1.3750000000/1,15.0000000000|-1.3750000000,local,backward,L-BFGS-B_profile4,,14.8571428571|-1.3750000000,231.24507049835995,193.90459951002737,193.72086921343455,193.70267345102107,193.70267345098168,193.70267345098168,37.54239704737827,optimizer_visited,True,completed,CONVERGENCE: RELATIVE REDUCTION OF F <= FACTR*EPSMCH,170,0,0,5000,0.1789811309427023,True,"[-4.5659313239826655, 5.725793816178692, -3.363926987663784, 1.0244624899616723, 1.0805213742844908e-87, -746.3304440163056]","[-4.51074240090978, 5.022823263144752, -3.297540873233513, 1.414745317939921, -0.0437373574998312, 44.89399720359739]","[-4.51165101213287, 5.022823263144752, -3.297540873233513, 1.414745317939921, -0.04394374704011268, 44.89399720359739]","[-4.51305563382433, 5.0223505251098715, -3.3052261743517155, 1.4087100807369344, -0.04389805496775889, 44.35031225142036]","[-4.513055587223151, 5.022350525109767, -3.3052260143516716, 1.4087100807370618, -0.04389806943409633, 44.350312251433124]","[-4.513055587223151, 5.022350525109767, -3.3052260143516716, 1.4087100807370618, -0.04389806943409633, 44.350312251433124]",-4.513055587223151,5.022350525109767,-3.3052260143516716,1.4087100807370618,-0.04389806943409633,44.350312251433124
backward/14.8571428571|-1.3750000000/0,14.8571428571|-1.3750000000,local,backward,L-BFGS-B_profile4,,own,192.73545749849458,192.73545749849458,192.73545749849472,192.73545749849447,192.73545749849447,192.73545749849447,1.1368683772161603e-13,optimizer_visited,True,completed,CONVERGENCE: RELATIVE REDUCTION OF F <= FACTR*EPSMCH,50,0,0,5000,0.049552373588085175,True,"[-4.51074240090978, 5.022823263144752, -3.297540873233513, 1.414745317939921, -0.04373735749983128, 44.89399720359739]","[-4.51074240090978, 5.022823263144752, -3.297540873233513, 1.414745317939921, -0.04373735749983128, 44.89399720359739]","[-4.510742400909778, 5.022823263144752, -3.297540873233513, 1.414745317939921, -0.04373735749983351, 44.89399720359739]","[-4.5107424008897405, 5.022823263107787, -3.2975408732548592, 1.4147453177454934, -0.043737357518751095, 44.8939972035968]","[-4.5107424008897405, 5.022823263107787, -3.2975408732548592, 1.4147453177454934, -0.043737357518751095, 44.8939972035968]","[-4.5107424008897405, 5.022823263107787, -3.2975408732548592, 1.4147453177454934, -0.043737357518751095, 44.8939972035968]",-4.5107424008897405,5.022823263107787,-3.2975408732548592,1.4147453177454934,-0.043737357518751095,44.8939972035968
backward/14.8571428571|-1.3750000000/1,14.8571428571|-1.3750000000,local,backward,L-BFGS-B_profile4,,previous_backward,192.73545749849458,192.93712609699784,192.75361877665648,192.73545749969495,192.73545749962807,192.73545749849458,0.0,baseline,True,completed,CONVERGENCE: RELATIVE REDUCTION OF F <= FACTR*EPSMCH,100,0,0,5000,0.1000052597373724,False,"[-4.51074240090978, 5.022823263144752, -3.297540873233513, 1.414745317939921, -0.04373735749983128, 44.89399720359739]","[-4.513055479659389, 5.022350680741226, -3.3052248618395077, 1.4087115102793495, -0.04389799857328058, 44.35061015357059]","[-4.512146580739135, 5.022350680741226, -3.3052248618395077, 1.4087115102793495, -0.04369149360085298, 44.35061015357059]","[-4.510742728561537, 5.022824456001963, -3.297542913448487, 1.4147423099333267, -0.04373737969304439, 44.89373898977355]","[-4.51074276901208, 5.022824456001963, -3.297542913448487, 1.4147426599333268, -0.04373734747183972, 44.89373898977355]","[-4.51074240090978, 5.022823263144752, -3.297540873233513, 1.414745317939921, -0.04373735749983128, 44.89399720359739]",-4.51074240090978,5.022823263144752,-3.297540873233513,1.414745317939921,-0.04373735749983128,44.89399720359739
backward/14.7142857143|-1.3750000000/0,14.7142857143|-1.3750000000,local,backward,L-BFGS-B_profile4,,frozen_candidate,228.83333813646553,191.94269538209073,191.94269538209085,191.9426953820906,191.9426953820906,191.9426953820906,36.89064275437494,optimizer_visited,True,completed,CONVERGENCE: RELATIVE REDUCTION OF F <= FACTR*EPSMCH,45,0,0,5000,0.043427953496575356,True,"[-4.563828310305018, 5.733874266743918, -3.355252088491348, 1.0323365100760864, 2.9995565990109114e-87, -742.3265813581268]","[-4.510966194240932, 5.034255368845494, -3.297848318657153, 1.4128379747177364, -0.04395287953021297, 42.654164978956544]","[-4.510966194240685, 5.034255368845494, -3.297848318657153, 1.4128379747177364, -0.043952879530408176, 42.654164978956544]","[-4.5109661935499, 5.034255367634024, -3.297848319368043, 1.4128379681028294, -0.04395288018202629, 42.65416497059234]","[-4.5109661935499, 5.034255367634024, -3.297848319368043, 1.4128379681028294, -0.04395288018202629, 42.65416497059234]","[-4.5109661935499, 5.034255367634024, -3.297848319368043, 1.4128379681028294, -0.04395288018202629, 42.65416497059234]",-4.5109661935499,5.034255367634024,-3.297848319368043,1.4128379681028294,-0.04395288018202629,42.65416497059234
backward/14.7142857143|-1.3750000000/1,14.7142857143|-1.3750000000,local,backward,L-BFGS-B_profile4,,previous_backward,228.83333813646553,192.05354508755372,192.01704492786246,191.94269538245172,191.9426953823952,191.9426953823952,36.89064275407034,optimizer_visited,True,completed,CONVERGENCE: RELATIVE REDUCTION OF F <= FACTR*EPSMCH,140,0,0,5000,0.13783439993858337,True,"[-4.563828310305018, 5.733874266743918, -3.355252088491348, 1.0323365100760864, 2.9995565990109114e-87, -742.3265813581268]","[-4.5107424008897405, 5.022823263107787, -3.2975408732548592, 1.4147453177454934, -0.043737357518751095, 44.8939972035968]","[-4.510293402400465, 5.022823263107787, -3.2975408732548592, 1.4147453177454934, -0.044481703288787665, 44.8939972035968]","[-4.510966372576821, 5.034256951085141, -3.297849198548606, 1.4128362344917231, -0.04395285760735129, 42.65394664511812]","[-4.510966326001946, 5.034256951066289, -3.297849038569035, 1.4128362344720329, -0.04395287227477516, 42.653946643790235]","[-4.510966326001946, 5.034256951066289, -3.297849038569035, 1.4128362344720329, -0.04395287227477516, 42.653946643790235]",-4.510966326001946,5.034256951066289,-3.297849038569035,1.4128362344720329,-0.04395287227477516,42.653946643790235
backward/17.2857142857|-0.3000000000/0,17.2857142857|-0.3000000000,local,backward,L-BFGS-B_profile4,,own,194.8780158440694,194.8780158440694,194.87801584406967,194.87801584406964,194.87801584406952,194.8780158440694,0.0,baseline,True,completed,CONVERGENCE: RELATIVE REDUCTION OF F <= FACTR*EPSMCH,40,0,0,5000,0.043488798663020134,False,"[-4.389301206178838, 4.858779789770827, -0.35105535590365455, -13.463003973181138, 0.026900451697217154, -8.535544751708237]","[-4.389301206178838, 4.858779789770827, -0.35105535590365455, -13.463003973181138, 0.026900451697217154, -8.535544751708237]","[-4.389301206178838, 4.858779789770827, -0.35105535590365455, -13.463003973181138, 0.026900451697217227, -8.535544751708237]","[-4.389301204959928, 4.858779787252181, -0.35105536008426397, -13.463003973211121, 0.026900451561546954, -8.535544760446395]","[-4.389301204249107, 4.8587797869989275, -0.35105536050462993, -13.463003623214135, 0.02690045159973394, -8.53554476132503]","[-4.389301206178838, 4.858779789770827, -0.35105535590365455, -13.463003973181138, 0.026900451697217154, -8.535544751708237]",-4.389301206178838,4.858779789770827,-0.35105535590365455,-13.463003973181138,0.026900451697217154,-8.535544751708237
backward/17.2857142857|-0.3000000000/1,17.2857142857|-0.3000000000,local,backward,L-BFGS-B_profile4,,17.4285714286|-0.3000000000,194.8780158440694,836.2735929316149,218.6439800599328,194.87801584420703,194.87801584420703,194.8780158440694,0.0,baseline,True,completed,CONVERGENCE: RELATIVE REDUCTION OF F <= FACTR*EPSMCH,120,0,0,5000,0.11695244535803795,False,"[-4.389301206178838, 4.858779789770827, -0.35105535590365455, -13.463003973181138, 0.026900451697217154, -8.535544751708237]","[-4.404612370539503, 4.89433190488314, -0.4609688378896417, -10.327629117013917, 0.0169911621287804, -9.664358235830786]","[-4.345963388963005, 4.89433190488314, -0.4609688378896417, -10.327629117013917, 0.017587789865949797, -9.664358235830786]","[-4.389301029915748, 4.858778291625888, -0.3510559565647187, -13.462990425348607, 0.026900492218469695, -8.535541824720658]","[-4.389301029915748, 4.858778291625888, -0.3510559565647187, -13.462990425348607, 0.026900492218469695, -8.535541824720658]","[-4.389301206178838, 4.858779789770827, -0.35105535590365455, -13.463003973181138, 0.026900451697217154, -8.535544751708237]",-4.389301206178838,4.858779789770827,-0.35105535590365455,-13.463003973181138,0.026900451697217154,-8.535544751708237
backward/17.1428571429|-0.3000000000/0,17.1428571429|-0.3000000000,local,backward,L-BFGS-B_profile4,,own,194.35282776270844,194.35282776270844,194.3528277627087,194.35282776270856,194.35282776270856,194.35282776270844,0.0,baseline,True,completed,CONVERGENCE: RELATIVE REDUCTION OF F <= FACTR*EPSMCH,115,0,0,5000,0.1082975473254919,False,"[-4.365146035477716, 4.823331858037767, -0.2817064069906442, -15.0, 0.04589534072343959, -7.002280983406328]","[-4.365146035477716, 4.823331858037767, -0.2817064069906442, -15.0, 0.04589534072343959, -7.002280983406328]","[-4.365146035477713, 4.823331858037767, -0.2817064069906442, -15.0, 0.045895340723438434, -7.002280983406328]","[-4.36514603547771, 4.823331858037767, -0.2817064069906443, -15.0, 0.0458953407234346, -7.002280983406667]","[-4.36514603547771, 4.823331858037767, -0.2817064069906443, -15.0, 0.0458953407234346, -7.002280983406667]","[-4.365146035477716, 4.823331858037767, -0.2817064069906442, -15.0, 0.04589534072343959, -7.002280983406328]",-4.365146035477716,4.823331858037767,-0.2817064069906442,-15.0,0.04589534072343959,-7.002280983406328
backward/17.1428571429|-0.3000000000/1,17.1428571429|-0.3000000000,local,backward,L-BFGS-B_profile4,,previous_backward,194.35282776270844,870.1723353081729,214.52395325810093,194.3528277633044,194.35282776329842,194.35282776270844,0.0,baseline,True,completed,CONVERGENCE: RELATIVE REDUCTION OF F <= FACTR*EPSMCH,145,0,0,5000,0.1461950372904539,False,"[-4.365146035477716, 4.823331858037767, -0.2817064069906442, -15.0, 0.04589534072343959, -7.002280983406328]","[-4.389301206178838, 4.858779789770827, -0.35105535590365455, -13.463003973181138, 0.026900451697217154, -8.535544751708237]","[-4.329735586797456, 4.858779789770827, -0.35105535590365455, -13.463003973181138, 0.028070056368643483, -8.535544751708237]","[-4.3651457362685, 4.823329559972785, -0.28170704018241205, -15.0, 0.04589526177507919, -7.002293364605551]","[-4.365145945962745, 4.823329559972785, -0.28170704018241205, -15.0, 0.04589548528439735, -7.002273364605552]","[-4.365146035477716, 4.823331858037767, -0.2817064069906442, -15.0, 0.04589534072343959, -7.002280983406328]",-4.365146035477716,4.823331858037767,-0.2817064069906442,-15.0,0.04589534072343959,-7.002280983406328
backward/17.2857142857|-0.2000000000/0,17.2857142857|-0.2000000000,local,backward,L-BFGS-B_profile4,,own,194.40122275488744,194.40122275488744,194.4012227548875,194.4012227548875,194.40122275488747,194.40122275488744,0.0,baseline,False,not_converged,ABNORMAL: ,150,0,0,5000,0.14282198809087276,False,"[-4.380673611872381, 4.827549709944787, -0.2331296564318161, -15.0, 0.0643277013110646, -5.882751238105115]","[-4.380673611872381, 4.827549709944787, -0.2331296564318161, -15.0, 0.0643277013110646, -5.882751238105115]","[-4.38067361187238, 4.827549709944787, -0.2331296564318161, -15.0, 0.06432770131106438, -5.882751238105115]","[-4.38067361187238, 4.827549709944787, -0.2331296564318161, -15.0, 0.06432770131106438, -5.882751238105115]","[-4.38067361187238, 4.827549709944787, -0.2331296564318161, -15.0, 0.06432770131106405, -5.882751238105135]","[-4.380673611872381, 4.827549709944787, -0.2331296564318161, -15.0, 0.0643277013110646, -5.882751238105115]",-4.380673611872381,4.827549709944787,-0.2331296564318161,-15.0,0.0643277013110646,-5.882751238105115
backward/17.2857142857|-0.2000000000/1,17.2857142857|-0.2000000000,local,backward,L-BFGS-B_profile4,,17.4285714286|-0.2000000000,194.40122275488744,1038.8013707756716,227.04428107464557,194.40122275577778,194.40122275523444,194.40122275488744,0.0,baseline,True,completed,CONVERGENCE: RELATIVE REDUCTION OF F <= FACTR*EPSMCH,185,0,0,5000,0.2023926731199026,False,"[-4.380673611872381, 4.827549709944787, -0.2331296564318161, -15.0, 0.0643277013110646, -5.882751238105115]","[-4.404964936338597, 4.879934621677386, -0.2928582327147354, -14.921295557632396, 0.0317453475772969, -7.984356850863625]","[-4.33966727946319, 4.879934621677386, -0.2928582327147354, -14.921295557632396, 0.033777388307639954, -7.984356850863625]","[-4.380673251747818, 4.8275466020268585, -0.23313037268689185, -15.0, 0.06432759562685128, -5.882765408690558]","[-4.380673604492293, 4.827548141967842, -0.23312984640923282, -15.0, 0.06432780441733461, -5.882749274577835]","[-4.380673611872381, 4.827549709944787, -0.2331296564318161, -15.0, 0.0643277013110646, -5.882751238105115]",-4.380673611872381,4.827549709944787,-0.2331296564318161,-15.0,0.0643277013110646,-5.882751238105115
backward/17.1428571429|-0.2000000000/0,17.1428571429|-0.2000000000,local,backward,L-BFGS-B_profile4,,own,197.520047540758,197.520047540758,197.52004754075787,197.52004754075776,197.52004754075776,197.52004754075776,2.2737367544323206e-13,optimizer_visited,True,completed,CONVERGENCE: RELATIVE REDUCTION OF F <= FACTR*EPSMCH,45,0,0,5000,0.046493396162986755,True,"[-4.354319753981609, 4.804251206006617, -0.18365081982891188, -15.0, 0.10448094260514441, -4.550521173285919]","[-4.354319753981609, 4.804251206006617, -0.18365081982891188, -15.0, 0.10448094260514441, -4.550521173285919]","[-4.354319753981612, 4.804251206006617, -0.18365081982891188, -15.0, 0.10448094260514539, -4.550521173285919]","[-4.354319752452066, 4.804251203181848, -0.18365082329096885, -15.0, 0.10448094179596562, -4.550521198706762]","[-4.354319752452066, 4.804251203181848, -0.18365082329096885, -15.0, 0.10448094179596562, -4.550521198706762]","[-4.354319752452066, 4.804251203181848, -0.18365082329096885, -15.0, 0.10448094179596562, -4.550521198706762]",-4.354319752452066,4.804251203181848,-0.18365082329096885,-15.0,0.10448094179596562,-4.550521198706762
backward/17.1428571429|-0.2000000000/1,17.1428571429|-0.2000000000,local,backward,L-BFGS-B_profile4,,17.2857142857|-0.2000000000,197.520047540758,1123.1886521377146,225.47572017696012,197.5200475409318,197.5200475409111,197.520047540758,0.0,baseline,True,completed,CONVERGENCE: RELATIVE REDUCTION OF F <= FACTR*EPSMCH,145,0,0,5000,0.1457105167210102,False,"[-4.354319753981609, 4.804251206006617, -0.18365081982891188, -15.0, 0.10448094260514441, -4.550521173285919]","[-4.380673611872381, 4.827549709944787, -0.2331296564318161, -15.0, 0.0643277013110646, -5.882751238105115]","[-4.315529912639847, 4.827549709944787, -0.2331296564318161, -15.0, 0.06967185564599986, -5.882751238105115]","[-4.354319586807088, 4.804249304321417, -0.18365122825904526, -15.0, 0.10448092591501548, -4.5505259144292]","[-4.354319578030991, 4.804249604321418, -0.1836512282590449, -15.0, 0.10448090236266176, -4.550525914429199]","[-4.354319753981609, 4.804251206006617, -0.18365081982891188, -15.0, 0.10448094260514441, -4.550521173285919]",-4.354319753981609,4.804251206006617,-0.18365081982891188,-15.0,0.10448094260514441,-4.550521173285919
backward/19.2857142857|-4.0000000000/0,19.2857142857|-4.0000000000,local,backward,L-BFGS-B_profile4,,frozen_candidate,193.2324971987547,193.2324971987546,193.2324971987546,193.2324971987546,193.2324971987546,193.2324971987546,8.526512829121202e-14,start,True,completed,CONVERGENCE: RELATIVE REDUCTION OF F <= FACTR*EPSMCH,120,0,0,5000,0.11840307898819447,False,"[-4.630899105926061, 5.159921453234549, -3.267726782552085, 1.4363807179415433, -0.04639016584950073, 39.84471337419448]","[-4.630899106362937, 5.159921453234549, -3.267726782552085, 1.4363807179415433, -0.046390165578318564, 39.84471537419448]","[-4.630899106362937, 5.159921453234549, -3.267726782552085, 1.4363807179415433, -0.046390165578318564, 39.84471537419448]","[-4.630899106362937, 5.159921453234549, -3.267726782552085, 1.4363807179415433, -0.046390165578318564, 39.84471537419448]","[-4.630899106362937, 5.159921453234549, -3.267726782552085, 1.4363807179415433, -0.046390165578318564, 39.84471537419448]","[-4.630899106362937, 5.159921453234549, -3.267726782552085, 1.4363807179415433, -0.046390165578318564, 39.84471537419448]",-4.630899106362937,5.159921453234549,-3.267726782552085,1.4363807179415433,-0.046390165578318564,39.84471537419448
backward/19.2857142857|-4.0000000000/1,19.2857142857|-4.0000000000,local,backward,L-BFGS-B_profile4,,own,193.2324971987547,193.2324971987547,193.2324971987548,193.23249719875474,193.2324971987546,193.2324971987546,8.526512829121202e-14,optimizer_visited,True,completed,CONVERGENCE: RELATIVE REDUCTION OF F <= FACTR*EPSMCH,90,0,0,5000,0.08787802420556545,True,"[-4.630899105926061, 5.159921453234549, -3.267726782552085, 1.4363807179415433, -0.04639016584950073, 39.84471337419448]","[-4.630899105926061, 5.159921453234549, -3.267726782552085, 1.4363807179415433, -0.04639016584950073, 39.84471337419448]","[-4.630899105926061, 5.159921453234549, -3.267726782552085, 1.4363807179415433, -0.04639016584950027, 39.84471337419448]","[-4.630899105926056, 5.1599214532345385, -3.2677267825520913, 1.4363807179414911, -0.046390165849504804, 39.84471337419448]","[-4.630899106362937, 5.159921453234549, -3.267726782552085, 1.4363807179415433, -0.046390165578318564, 39.84471537419448]","[-4.630899106362937, 5.159921453234549, -3.267726782552085, 1.4363807179415433, -0.046390165578318564, 39.84471537419448]",-4.630899106362937,5.159921453234549,-3.267726782552085,1.4363807179415433,-0.046390165578318564,39.84471537419448
crosscheck/16.0000000000|-0.3000000000/0,16.0000000000|-0.3000000000,crosscheck,none,least_squares_full6,,direction_candidate,412.7397688622607,412.7397688622607,,412.7397688622607,412.7397688622607,412.7397688622607,0.0,baseline,True,completed,`xtol` termination condition is satisfied.,9,1,0,5000,0.0038687512278556824,False,"[-3.804994453338179, 4.837427498207907, -2.782582355628517, 0.42262443391348004, 0.21221206753985744, -1.852817311099245]","[-3.804994453338179, 4.837427498207907, -2.782582355628517, 0.42262443391348004, 0.21221206753985744, -1.852817311099245]",,"[-3.804994453338179, 4.837427498207907, -2.782582355628517, 0.42262443391348004, 0.21221206753985744, -1.852817311099245]","[-3.804994453338179, 4.837427498207907, -2.782582355628517, 0.42262443391348004, 0.21221206753985744, -1.852817311099245]","[-3.804994453338179, 4.837427498207907, -2.782582355628517, 0.42262443391348004, 0.21221206753985744, -1.852817311099245]",-3.804994453338179,4.837427498207907,-2.782582355628517,0.42262443391348004,0.21221206753985744,-1.852817311099245
crosscheck/16.1428571429|-0.3000000000/0,16.1428571429|-0.3000000000,crosscheck,none,least_squares_full6,,direction_candidate,450.46739699986364,358.4346616111587,,358.4346616105019,358.4346616105019,358.4346616105019,92.03273538936173,optimizer_visited,True,completed,`ftol` termination condition is satisfied.,4,2,0,5000,0.0017313286662101746,True,"[-3.9163121442766133, 4.1578617045614745, -0.4537321035806007, -15.0, 0.05511079461156357, -7.649411005032286]","[-4.010299059423259, 4.488006399078748, -3.4840972267352837, 0.47508133433512234, 0.2408692837763355, -1.9427899839451785]",,"[-4.010298994158944, 4.488011516330391, -3.484096278689246, 0.4750790808464007, 0.24086947322891414, -1.9427804357420229]","[-4.010298994158944, 4.488011516330391, -3.484096278689246, 0.4750790808464007, 0.24086947322891414, -1.9427804357420229]","[-4.010298994158944, 4.488011516330391, -3.484096278689246, 0.4750790808464007, 0.24086947322891414, -1.9427804357420229]",-4.010298994158944,4.488011516330391,-3.484096278689246,0.4750790808464007,0.24086947322891414,-1.9427804357420229
crosscheck/16.1428571429|-0.3000000000/1,16.1428571429|-0.3000000000,crosscheck,none,least_squares_full6,,direction_candidate,450.46739699986364,358.43466161120637,,358.4346616106429,358.4346616106429,358.4346616106429,92.03273538922076,optimizer_visited,True,completed,`ftol` termination condition is satisfied.,4,2,0,5000,0.0017516706138849258,True,"[-3.9163121442766133, 4.1578617045614745, -0.4537321035806007, -15.0, 0.05511079461156357, -7.649411005032286]","[-4.010299215960962, 4.488009958759449, -3.484097831079731, 0.4750776048119827, 0.2408692838545283, -1.9427901490341546]",,"[-4.010298705233772, 4.488007325977882, -3.4840951263462747, 0.4750834375988708, 0.2408694975956187, -1.9427799408396067]","[-4.010298705233772, 4.488007325977882, -3.4840951263462747, 0.4750834375988708, 0.2408694975956187, -1.9427799408396067]","[-4.010298705233772, 4.488007325977882, -3.4840951263462747, 0.4750834375988708, 0.2408694975956187, -1.9427799408396067]",-4.010298705233772,4.488007325977882,-3.4840951263462747,0.4750834375988708,0.2408694975956187,-1.9427799408396067
crosscheck/16.2857142857|-0.3000000000/0,16.2857142857|-0.3000000000,crosscheck,none,least_squares_full6,,direction_candidate,350.6485630480757,265.88292142091893,,265.8829214205442,265.8829214205442,265.8829214205442,84.76564162753147,optimizer_visited,True,completed,`ftol` termination condition is satisfied.,4,2,0,5000,0.0017885547131299973,True,"[-4.501909877402721, 2.4690173787895873, 1.3955371982386038, 3.805824771197476, -0.21502655184867878, 21.0308265079696]","[-4.225855604463509, 4.6692448533989435, -4.067233352723305, 0.20315291323647203, 0.24336026989873064, -2.196006738343853]",,"[-4.225854726445173, 4.669236706194409, -4.067230284540312, 0.20316056350150377, 0.24336033629675774, -2.1960023302864458]","[-4.225854726445173, 4.669236706194409, -4.067230284540312, 0.20316056350150377, 0.24336033629675774, -2.1960023302864458]","[-4.225854726445173, 4.669236706194409, -4.067230284540312, 0.20316056350150377, 0.24336033629675774, -2.1960023302864458]",-4.225854726445173,4.669236706194409,-4.067230284540312,0.20316056350150377,0.24336033629675774,-2.1960023302864458
crosscheck/16.2857142857|-0.3000000000/1,16.2857142857|-0.3000000000,crosscheck,none,least_squares_full6,,direction_candidate,350.6485630480757,265.88292142091905,,265.8829214205464,265.8829214205464,265.8829214205464,84.7656416275293,optimizer_visited,True,completed,`ftol` termination condition is satisfied.,4,2,0,5000,0.001755543053150177,True,"[-4.501909877402721, 2.4690173787895873, 1.3955371982386038, 3.805824771197476, -0.21502655184867878, 21.0308265079696]","[-4.225855541234779, 4.669245235736932, -4.067233365260619, 0.20315286114887599, 0.24336012673633065, -2.196008642939453]",,"[-4.225854724486023, 4.669236663816059, -4.067230280507121, 0.20316058740499246, 0.24336033549837924, -2.196002376007199]","[-4.225854724486023, 4.669236663816059, -4.067230280507121, 0.20316058740499246, 0.24336033549837924, -2.196002376007199]","[-4.225854724486023, 4.669236663816059, -4.067230280507121, 0.20316058740499246, 0.24336033549837924, -2.196002376007199]",-4.225854724486023,4.669236663816059,-4.067230280507121,0.20316058740499246,0.24336033549837924,-2.196002376007199
crosscheck/16.4285714286|-0.3000000000/0,16.4285714286|-0.3000000000,crosscheck,none,least_squares_full6,,direction_candidate,215.2467802283358,215.2467802283358,,215.2467802283358,215.2467802283358,215.2467802283358,0.0,baseline,True,completed,`xtol` termination condition is satisfied.,10,1,0,5000,0.004054369404911995,False,"[-4.300254311610808, 4.959381415286006, -4.193760782262759, 0.019339799027457423, 0.21382631988177703, -2.3981935342033167]","[-4.300254311610808, 4.959381415286006, -4.193760782262759, 0.019339799027457423, 0.21382631988177703, -2.3981935342033167]",,"[-4.300254311610808, 4.959381415286006, -4.193760782262759, 0.019339799027457423, 0.21382631988177703, -2.3981935342033167]","[-4.300254311610808, 4.959381415286006, -4.193760782262759, 0.019339799027457423, 0.21382631988177703, -2.3981935342033167]","[-4.300254311610808, 4.959381415286006, -4.193760782262759, 0.019339799027457423, 0.21382631988177703, -2.3981935342033167]",-4.300254311610808,4.959381415286006,-4.193760782262759,0.019339799027457423,0.21382631988177703,-2.3981935342033167
crosscheck/16.5714285714|-0.3000000000/0,16.5714285714|-0.3000000000,crosscheck,none,least_squares_full6,,direction_candidate,203.08893775124125,203.0889377512412,,203.0889377512412,203.0889377512412,203.0889377512412,5.684341886080802e-14,start,True,completed,`xtol` termination condition is satisfied.,9,1,0,5000,0.004300694912672043,False,"[-4.309750460101516, 4.996868060596409, -4.161226867272481, 0.03797843082361579, 0.16205512613360817, -2.9294194014778587]","[-4.309750460101509, 4.996868060596409, -4.161226867272481, 0.03797843082361578, 0.16205512613360082, -2.9294194014778734]",,"[-4.309750460101509, 4.996868060596409, -4.161226867272481, 0.03797843082361578, 0.16205512613360082, -2.9294194014778734]","[-4.309750460101509, 4.996868060596409, -4.161226867272481, 0.03797843082361578, 0.16205512613360082, -2.9294194014778734]","[-4.309750460101509, 4.996868060596409, -4.161226867272481, 0.03797843082361578, 0.16205512613360082, -2.9294194014778734]",-4.309750460101509,4.996868060596409,-4.161226867272481,0.03797843082361578,0.16205512613360082,-2.9294194014778734
crosscheck/16.7142857143|-0.3000000000/0,16.7142857143|-0.3000000000,crosscheck,none,least_squares_full6,,direction_candidate,204.49243988224814,204.4924398822477,,204.4924398822477,204.4924398822477,204.4924398822477,4.263256414560601e-13,start,True,completed,`xtol` termination condition is satisfied.,10,1,0,5000,0.004139775410294533,False,"[-4.320590694975177, 4.911801241462204, -4.162929730667404, 0.1706158455290381, 0.10001711507579182, -3.9120684586322616]","[-4.3205906949751745, 4.911801241462204, -4.162929730667404, 0.17061584552903805, 0.10001711507578764, -3.912068458632405]",,"[-4.3205906949751745, 4.911801241462204, -4.162929730667404, 0.17061584552903805, 0.10001711507578764, -3.912068458632405]","[-4.3205906949751745, 4.911801241462204, -4.162929730667404, 0.17061584552903805, 0.10001711507578764, -3.912068458632405]","[-4.3205906949751745, 4.911801241462204, -4.162929730667404, 0.17061584552903805, 0.10001711507578764, -3.912068458632405]",-4.3205906949751745,4.911801241462204,-4.162929730667404,0.17061584552903805,0.10001711507578764,-3.912068458632405
crosscheck/16.8571428571|-0.3000000000/0,16.8571428571|-0.3000000000,crosscheck,none,least_squares_full6,,direction_candidate,213.88381008226298,210.27747160654826,,210.2774716063753,210.2774716063753,210.2774716063753,3.6063384758876964,optimizer_visited,True,completed,`ftol` termination condition is satisfied.,4,2,0,5000,0.0017715655267238617,True,"[-4.2969351545088905, 4.783677251616769, -0.20906581629318455, -15.0, 0.09086064342934043, -5.0981252331185445]","[-4.336473263985777, 4.752549718178508, -4.19324705387278, 0.3893497429304506, 0.037790798506263476, -5.96726205890453]",,"[-4.336473021689377, 4.7525481760879345, -4.193246055125759, 0.3893508129661093, 0.037790968308006635, -5.967244049648427]","[-4.336473021689377, 4.7525481760879345, -4.193246055125759, 0.3893508129661093, 0.037790968308006635, -5.967244049648427]","[-4.336473021689377, 4.7525481760879345, -4.193246055125759, 0.3893508129661093, 0.037790968308006635, -5.967244049648427]",-4.336473021689377,4.7525481760879345,-4.193246055125759,0.3893508129661093,0.037790968308006635,-5.967244049648427
crosscheck/16.8571428571|-0.3000000000/1,16.8571428571|-0.3000000000,crosscheck,none,least_squares_full6,,direction_candidate,213.88381008226298,210.27747160655252,,210.27747160637597,210.27747160637597,210.27747160637597,3.6063384758870143,optimizer_visited,True,completed,`ftol` termination condition is satisfied.,4,2,0,5000,0.0017319731414318085,True,"[-4.2969351545088905, 4.783677251616769, -0.20906581629318455, -15.0, 0.09086064342934043, -5.0981252331185445]","[-4.336473268806134, 4.75254981465012, -4.19324706438934, 0.38934968069748177, 0.03779079952633094, -5.967262053156768]",,"[-4.336473020125017, 4.752548144262374, -4.19324605158943, 0.38935083482140065, 0.03779096795675579, -5.967244036944722]","[-4.336473020125017, 4.752548144262374, -4.19324605158943, 0.38935083482140065, 0.03779096795675579, -5.967244036944722]","[-4.336473020125017, 4.752548144262374, -4.19324605158943, 0.38935083482140065, 0.03779096795675579, -5.967244036944722]",-4.336473020125017,4.752548144262374,-4.19324605158943,0.38935083482140065,0.03779096795675579,-5.967244036944722
crosscheck/16.0000000000|0.0000000000/0,16.0000000000|0.0000000000,crosscheck,none,least_squares_full6,,direction_candidate,827.8476637216739,827.8476637216739,,827.8476637216739,827.8476637216739,827.8476637216739,0.0,baseline,True,completed,`xtol` termination condition is satisfied.,9,1,0,5000,0.003686174750328064,False,"[-3.332550825619357, 4.055777754101996, -2.51686540427772, 0.7788684027983479, 0.41147372099314605, -1.5016501715987274]","[-3.332550825619357, 4.055777754101996, -2.51686540427772, 0.7788684027983479, 0.41147372099314605, -1.5016501715987274]",,"[-3.332550825619357, 4.055777754101996, -2.51686540427772, 0.7788684027983479, 0.41147372099314605, -1.5016501715987274]","[-3.332550825619357, 4.055777754101996, -2.51686540427772, 0.7788684027983479, 0.41147372099314605, -1.5016501715987274]","[-3.332550825619357, 4.055777754101996, -2.51686540427772, 0.7788684027983479, 0.41147372099314605, -1.5016501715987274]",-3.332550825619357,4.055777754101996,-2.51686540427772,0.7788684027983479,0.41147372099314605,-1.5016501715987274
crosscheck/16.1428571429|0.0000000000/0,16.1428571429|0.0000000000,crosscheck,none,least_squares_full6,,direction_candidate,679.515552009753,679.515552009753,,679.515552009753,679.515552009753,679.515552009753,0.0,baseline,True,completed,`xtol` termination condition is satisfied.,9,1,0,5000,0.0037238486111164093,False,"[-3.64549843196023, 3.456291546487088, -3.220699226113542, 0.8564057392400497, 0.5866332771855007, -1.6044461489487387]","[-3.64549843196023, 3.456291546487088, -3.220699226113542, 0.8564057392400497, 0.5866332771855007, -1.6044461489487387]",,"[-3.64549843196023, 3.456291546487088, -3.220699226113542, 0.8564057392400497, 0.5866332771855007, -1.6044461489487387]","[-3.64549843196023, 3.456291546487088, -3.220699226113542, 0.8564057392400497, 0.5866332771855007, -1.6044461489487387]","[-3.64549843196023, 3.456291546487088, -3.220699226113542, 0.8564057392400497, 0.5866332771855007, -1.6044461489487387]",-3.64549843196023,3.456291546487088,-3.220699226113542,0.8564057392400497,0.5866332771855007,-1.6044461489487387
crosscheck/16.2857142857|0.0000000000/0,16.2857142857|0.0000000000,crosscheck,none,least_squares_full6,,direction_candidate,420.3572664073936,420.3572664073934,,420.3572664073934,420.3572664073934,420.3572664073934,1.7053025658242404e-13,start,True,completed,`xtol` termination condition is satisfied.,9,1,0,5000,0.004010593518614769,False,"[-3.9912317571471747, 3.5801163772972533, -3.8717382945621743, 0.6240322138591523, 0.7681090805242149, -1.3920595350171419]","[-3.9912317571471734, 3.5801163772972533, -3.8717382945621743, 0.6240322138591523, 0.7681090805242129, -1.3920595350171432]",,"[-3.9912317571471734, 3.5801163772972533, -3.8717382945621743, 0.6240322138591523, 0.7681090805242129, -1.3920595350171432]","[-3.9912317571471734, 3.5801163772972533, -3.8717382945621743, 0.6240322138591523, 0.7681090805242129, -1.3920595350171432]","[-3.9912317571471734, 3.5801163772972533, -3.8717382945621743, 0.6240322138591523, 0.7681090805242129, -1.3920595350171432]",-3.9912317571471734,3.5801163772972533,-3.8717382945621743,0.6240322138591523,0.7681090805242129,-1.3920595350171432
crosscheck/16.4285714286|0.0000000000/0,16.4285714286|0.0000000000,crosscheck,none,least_squares_full6,,direction_candidate,262.5907095766087,262.5907095766087,,262.5907095766087,262.5907095766087,262.5907095766087,0.0,baseline,True,completed,`xtol` termination condition is satisfied.,8,1,0,5000,0.0037673469632864,False,"[-4.159899996285716, 4.518479074133467, -4.145148950154016, 0.10091518911682415, 0.7603422158461387, -0.7571993857433746]","[-4.159899996285716, 4.518479074133467, -4.145148950154016, 0.10091518911682415, 0.7603422158461387, -0.7571993857433746]",,"[-4.159899996285716, 4.518479074133467, -4.145148950154016, 0.10091518911682415, 0.7603422158461387, -0.7571993857433746]","[-4.159899996285716, 4.518479074133467, -4.145148950154016, 0.10091518911682415, 0.7603422158461387, -0.7571993857433746]","[-4.159899996285716, 4.518479074133467, -4.145148950154016, 0.10091518911682415, 0.7603422158461387, -0.7571993857433746]",-4.159899996285716,4.518479074133467,-4.145148950154016,0.10091518911682415,0.7603422158461387,-0.7571993857433746
crosscheck/16.5714285714|0.0000000000/0,16.5714285714|0.0000000000,crosscheck,none,least_squares_full6,,direction_candidate,212.66822462851965,212.66822462851965,,212.66822462851965,212.66822462851965,212.66822462851965,0.0,baseline,True,completed,`xtol` termination condition is satisfied.,9,1,0,5000,0.0041334014385938644,False,"[-4.194093361873419, 4.933000469541424, -4.166432401946217, -0.13219901905917902, 0.603459692585076, -0.8271406647802932]","[-4.194093361873419, 4.933000469541424, -4.166432401946217, -0.13219901905917902, 0.603459692585076, -0.8271406647802932]",,"[-4.194093361873419, 4.933000469541424, -4.166432401946217, -0.13219901905917902, 0.603459692585076, -0.8271406647802932]","[-4.194093361873419, 4.933000469541424, -4.166432401946217, -0.13219901905917902, 0.603459692585076, -0.8271406647802932]","[-4.194093361873419, 4.933000469541424, -4.166432401946217, -0.13219901905917902, 0.603459692585076, -0.8271406647802932]",-4.194093361873419,4.933000469541424,-4.166432401946217,-0.13219901905917902,0.603459692585076,-0.8271406647802932
crosscheck/16.7142857143|0.0000000000/0,16.7142857143|0.0000000000,crosscheck,none,least_squares_full6,,direction_candidate,204.26678685847085,204.2667868584708,,204.2667868584708,204.2667868584708,204.2667868584708,5.684341886080802e-14,start,True,completed,`xtol` termination condition is satisfied.,8,1,0,5000,0.0035343673080205917,False,"[-4.213123708015166, 5.000442900060523, -4.1922703765605, -0.1635130858026507, 0.42291284181359823, -1.4366481949306233]","[-4.21312370801516, 5.000442900060523, -4.1922703765605, -0.16351308580265078, 0.42291284181358807, -1.436648194930624]",,"[-4.21312370801516, 5.000442900060523, -4.1922703765605, -0.16351308580265078, 0.42291284181358807, -1.436648194930624]","[-4.21312370801516, 5.000442900060523, -4.1922703765605, -0.16351308580265078, 0.42291284181358807, -1.436648194930624]","[-4.21312370801516, 5.000442900060523, -4.1922703765605, -0.16351308580265078, 0.42291284181358807, -1.436648194930624]",-4.21312370801516,5.000442900060523,-4.1922703765605,-0.16351308580265078,0.42291284181358807,-1.436648194930624
crosscheck/16.8571428571|0.0000000000/0,16.8571428571|0.0000000000,crosscheck,none,least_squares_full6,,direction_candidate,205.1064511174939,205.10645111749383,,205.10645111749383,205.10645111749383,205.10645111749383,5.684341886080802e-14,start,True,completed,`xtol` termination condition is satisfied.,9,1,0,5000,0.0037262625992298126,False,"[-4.242209651298155, 4.905216064121953, -4.270415248297765, -0.060686213906791235, 0.24893760901045772, -2.5433609230568814]","[-4.242209651298153, 4.905216064121953, -4.270415248297765, -0.060686213906791256, 0.2489376090104564, -2.5433609230569103]",,"[-4.242209651298153, 4.905216064121953, -4.270415248297765, -0.060686213906791256, 0.2489376090104564, -2.5433609230569103]","[-4.242209651298153, 4.905216064121953, -4.270415248297765, -0.060686213906791256, 0.2489376090104564, -2.5433609230569103]","[-4.242209651298153, 4.905216064121953, -4.270415248297765, -0.060686213906791256, 0.2489376090104564, -2.5433609230569103]",-4.242209651298153,4.905216064121953,-4.270415248297765,-0.060686213906791256,0.2489376090104564,-2.5433609230569103
crosscheck/15.8571428571|0.0000000000/0,15.8571428571|0.0000000000,crosscheck,none,least_squares_full6,,direction_candidate,786.2191297582671,786.2191297582671,,786.2191297582671,786.2191297582671,786.2191297582671,0.0,baseline,True,completed,`xtol` termination condition is satisfied.,9,1,0,5000,0.005644777789711952,False,"[-3.1667038426717804, 4.44921115366171, -2.012857007598422, 0.656205124858523, 0.3121658499203233, -1.6945891652487326]","[-3.1667038426717804, 4.44921115366171, -2.012857007598422, 0.656205124858523, 0.3121658499203233, -1.6945891652487326]",,"[-3.1667038426717804, 4.44921115366171, -2.012857007598422, 0.656205124858523, 0.3121658499203233, -1.6945891652487326]","[-3.1667038426717804, 4.44921115366171, -2.012857007598422, 0.656205124858523, 0.3121658499203233, -1.6945891652487326]","[-3.1667038426717804, 4.44921115366171, -2.012857007598422, 0.656205124858523, 0.3121658499203233, -1.6945891652487326]",-3.1667038426717804,4.44921115366171,-2.012857007598422,0.656205124858523,0.3121658499203233,-1.6945891652487326
crosscheck/14.7142857143|-0.4000000000/0,14.7142857143|-0.4000000000,crosscheck,none,least_squares_full6,,direction_candidate,206.6058064676264,200.53269958096143,,200.5326994943395,200.5326994943395,200.5326994943395,6.073106973286883,optimizer_visited,True,completed,`ftol` termination condition is satisfied.,8,4,0,5000,0.002913210541009903,True,"[-3.7594952583455283, 4.153423821462068, -3.5416591656184813, 1.2887724673094292, -0.03502863044451658, 112.25907001728976]","[-3.7233130033643116, 4.341347438198564, 0.08565721884125775, 8.843375458669476, -0.3286914313882785, 7.135301628944495]",,"[-3.7233134959467766, 4.34130718206716, 0.08567458707913231, 8.842735748158644, -0.32869762777226774, 7.135081868915949]","[-3.7233134959467766, 4.34130718206716, 0.08567458707913231, 8.842735748158644, -0.32869762777226774, 7.135081868915949]","[-3.7233134959467766, 4.34130718206716, 0.08567458707913231, 8.842735748158644, -0.32869762777226774, 7.135081868915949]",-3.7233134959467766,4.34130718206716,0.08567458707913231,8.842735748158644,-0.32869762777226774,7.135081868915949
crosscheck/14.7142857143|-0.4000000000/1,14.7142857143|-0.4000000000,crosscheck,none,least_squares_full6,,direction_candidate,206.6058064676264,206.6058064676264,,206.6058064676264,206.6058064676264,206.6058064676264,0.0,baseline,True,completed,`xtol` termination condition is satisfied.,12,1,0,5000,0.004866387695074081,False,"[-3.7594952583455283, 4.153423821462068, -3.5416591656184813, 1.2887724673094292, -0.03502863044451658, 112.25907001728976]","[-3.7594952583455283, 4.153423821462068, -3.5416591656184813, 1.2887724673094292, -0.03502863044451658, 112.25907001728976]",,"[-3.7594952583455283, 4.153423821462068, -3.5416591656184813, 1.2887724673094292, -0.03502863044451658, 112.25907001728976]","[-3.7594952583455283, 4.153423821462068, -3.5416591656184813, 1.2887724673094292, -0.03502863044451658, 112.25907001728976]","[-3.7594952583455283, 4.153423821462068, -3.5416591656184813, 1.2887724673094292, -0.03502863044451658, 112.25907001728976]",-3.7594952583455283,4.153423821462068,-3.5416591656184813,1.2887724673094292,-0.03502863044451658,112.25907001728976
crosscheck/14.7142857143|-0.2000000000/0,14.7142857143|-0.2000000000,crosscheck,none,least_squares_full6,,direction_candidate,207.80433217090285,207.80433217090285,,207.80433217090285,207.80433217090285,207.80433217090285,0.0,baseline,True,completed,`xtol` termination condition is satisfied.,8,1,0,5000,0.003339100629091263,False,"[-3.4735081663968814, 3.7528982459552997, 0.46379243109357593, 4.296734540449597, -0.3761751241730943, 5.396037668513616]","[-3.4735081663968814, 3.7528982459552997, 0.46379243109357593, 4.296734540449597, -0.3761751241730943, 5.396037668513616]",,"[-3.4735081663968814, 3.7528982459552997, 0.46379243109357593, 4.296734540449597, -0.3761751241730943, 5.396037668513616]","[-3.4735081663968814, 3.7528982459552997, 0.46379243109357593, 4.296734540449597, -0.3761751241730943, 5.396037668513616]","[-3.4735081663968814, 3.7528982459552997, 0.46379243109357593, 4.296734540449597, -0.3761751241730943, 5.396037668513616]",-3.4735081663968814,3.7528982459552997,0.46379243109357593,4.296734540449597,-0.3761751241730943,5.396037668513616
crosscheck/14.7142857143|-0.1000000000/0,14.7142857143|-0.1000000000,crosscheck,none,least_squares_full6,,direction_candidate,259.8088185554777,215.0252573410458,,215.02525733849086,215.02525733849086,215.02525733849086,44.78356121698687,optimizer_visited,True,completed,`ftol` termination condition is satisfied.,6,3,0,5000,0.0022248998284339905,True,"[-3.1563782527039335, 4.241620037707688, -0.7302688084081547, -9.527838783540915, 0.009764841902607138, -12.385887564220052]","[-3.3198986106536124, 3.5149113808569803, 0.5545969976916038, 4.0708781257743984, -0.35951235636792567, 5.744647085944901]",,"[-3.319900040830137, 3.514907538702742, 0.5546044432333884, 4.070845928598719, -0.359514901527508, 5.7445985144121545]","[-3.319900040830137, 3.514907538702742, 0.5546044432333884, 4.070845928598719, -0.359514901527508, 5.7445985144121545]","[-3.319900040830137, 3.514907538702742, 0.5546044432333884, 4.070845928598719, -0.359514901527508, 5.7445985144121545]",-3.319900040830137,3.514907538702742,0.5546044432333884,4.070845928598719,-0.359514901527508,5.7445985144121545
crosscheck/14.7142857143|-0.1000000000/1,14.7142857143|-0.1000000000,crosscheck,none,least_squares_full6,,direction_candidate,259.8088185554777,215.02525734106942,,215.02525733849188,215.02525733849188,215.02525733849188,44.783561216985845,optimizer_visited,True,completed,`ftol` termination condition is satisfied.,6,3,0,5000,0.0022448450326919556,True,"[-3.1563782527039335, 4.241620037707688, -0.7302688084081547, -9.527838783540915, 0.009764841902607138, -12.385887564220052]","[-3.3198986056182003, 3.5149112428395113, 0.5545969796651291, 4.07087839594884, -0.35951235325647224, 5.744647632375016]",,"[-3.3199000389183126, 3.514907539898032, 0.5546044342058599, 4.070845971383897, -0.35951489863218616, 5.744598579146699]","[-3.3199000389183126, 3.514907539898032, 0.5546044342058599, 4.070845971383897, -0.35951489863218616, 5.744598579146699]","[-3.3199000389183126, 3.514907539898032, 0.5546044342058599, 4.070845971383897, -0.35951489863218616, 5.744598579146699]",-3.3199000389183126,3.514907539898032,0.5546044342058599,4.070845971383897,-0.35951489863218616,5.744598579146699
crosscheck/14.7142857143|0.0000000000/0,14.7142857143|0.0000000000,crosscheck,none,least_squares_full6,,direction_candidate,228.74092606448073,228.74092606448073,,228.7409260644806,228.7409260644806,228.7409260644806,1.4210854715202004e-13,optimizer_visited,True,completed,`ftol` termination condition is satisfied.,9,2,0,5000,0.0034767817705869675,True,"[-3.1389891534430436, 3.2896891404870976, 0.5718943456178214, 4.238578433199475, -0.3128449224450533, 7.081127912594448]","[-3.1389891534430436, 3.2896891404870976, 0.5718943456178214, 4.238578433199475, -0.3128449224450533, 7.081127912594448]",,"[-3.1389891534431063, 3.28968914050406, 0.5718943456189204, 4.238578433217399, -0.31284492244512246, 7.081127912943106]","[-3.1389891534431063, 3.28968914050406, 0.5718943456189204, 4.238578433217399, -0.31284492244512246, 7.081127912943106]","[-3.1389891534431063, 3.28968914050406, 0.5718943456189204, 4.238578433217399, -0.31284492244512246, 7.081127912943106]",-3.1389891534431063,3.28968914050406,0.5718943456189204,4.238578433217399,-0.31284492244512246,7.081127912943106
crosscheck/16.4285714286|-0.4000000000/0,16.4285714286|-0.4000000000,crosscheck,none,least_squares_full6,,direction_candidate,231.97705821042965,211.23119245112787,,211.231192451054,211.231192451054,211.231192451054,20.745865759375647,optimizer_visited,True,completed,`ftol` termination condition is satisfied.,4,2,0,5000,0.0017454959452152252,True,"[-4.39523592390519, 3.256209094140602, 0.8065901314169468, 4.197927063728876, -0.2546023335182177, 11.934720081437657]","[-4.3321719135083665, 4.968920009560762, -4.128312780602993, 0.14452891313663097, 0.1306254920311619, -3.2018149224089494]",,"[-4.332171577617622, 4.968915721506615, -4.1283114247906445, 0.14453251576652792, 0.13062562693575086, -3.2018090552715153]","[-4.332171577617622, 4.968915721506615, -4.1283114247906445, 0.14453251576652792, 0.13062562693575086, -3.2018090552715153]","[-4.332171577617622, 4.968915721506615, -4.1283114247906445, 0.14453251576652792, 0.13062562693575086, -3.2018090552715153]",-4.332171577617622,4.968915721506615,-4.1283114247906445,0.14453251576652792,0.13062562693575086,-3.2018090552715153
crosscheck/16.4285714286|-0.4000000000/1,16.4285714286|-0.4000000000,crosscheck,none,least_squares_full6,,direction_candidate,231.97705821042965,211.23119245115856,,211.2311924510763,211.2311924510763,211.2311924510763,20.745865759353336,optimizer_visited,True,completed,`ftol` termination condition is satisfied.,4,2,0,5000,0.0017380677163600922,True,"[-4.39523592390519, 3.256209094140602, 0.8065901314169468, 4.197927063728876, -0.2546023335182177, 11.934720081437657]","[-4.3321719661327975, 4.9689202517289095, -4.128312980208785, 0.14452868220496026, 0.13062547706112254, -3.201815528987583]",,"[-4.332171549509989, 4.968915339551373, -4.128311330346728, 0.14453281660742545, 0.13062562982206063, -3.2018088985992144]","[-4.332171549509989, 4.968915339551373, -4.128311330346728, 0.14453281660742545, 0.13062562982206063, -3.2018088985992144]","[-4.332171549509989, 4.968915339551373, -4.128311330346728, 0.14453281660742545, 0.13062562982206063, -3.2018088985992144]",-4.332171549509989,4.968915339551373,-4.128311330346728,0.14453281660742545,0.13062562982206063,-3.2018088985992144
crosscheck/16.4285714286|-0.2000000000/0,16.4285714286|-0.2000000000,crosscheck,none,least_squares_full6,,direction_candidate,292.89697654484206,224.74214403861365,,224.74214403810205,224.74214403810205,224.74214403810205,68.15483250674001,optimizer_visited,True,completed,`ftol` termination condition is satisfied.,4,2,0,5000,0.0017252396792173386,True,"[-4.62417902477532, 4.885397050010976, 1.4384473530667239, 0.2482042447447064, 0.17433696732364273, -4.294488425624276]","[-4.260603840870648, 4.905648083602908, -4.212185480013707, -0.03682097420740031, 0.3404133939240684, -1.6517683725727448]",,"[-4.260604172688478, 4.90565230568534, -4.212185924190867, -0.036822429257104945, 0.3404136949651143, -1.6517592704525843]","[-4.260604172688478, 4.90565230568534, -4.212185924190867, -0.036822429257104945, 0.3404136949651143, -1.6517592704525843]","[-4.260604172688478, 4.90565230568534, -4.212185924190867, -0.036822429257104945, 0.3404136949651143, -1.6517592704525843]",-4.260604172688478,4.90565230568534,-4.212185924190867,-0.036822429257104945,0.3404136949651143,-1.6517592704525843
crosscheck/16.4285714286|-0.2000000000/1,16.4285714286|-0.2000000000,crosscheck,none,least_squares_full6,,direction_candidate,292.89697654484206,224.74214403866463,,224.74214403810083,224.74214403810083,224.74214403810083,68.15483250674123,optimizer_visited,True,completed,`ftol` termination condition is satisfied.,4,2,0,5000,0.001962810754776001,True,"[-4.62417902477532, 4.885397050010976, 1.4384473530667239, 0.2482042447447064, 0.17433696732364273, -4.294488425624276]","[-4.260604192916392, 4.9056506561778335, -4.212186300959506, -0.03682293084110456, 0.3404135951375522, -1.6517655910899685]",,"[-4.2606040833139955, 4.905651082581076, -4.2121856730878635, -0.036821616465859616, 0.34041368283794976, -1.6517598330780585]","[-4.2606040833139955, 4.905651082581076, -4.2121856730878635, -0.036821616465859616, 0.34041368283794976, -1.6517598330780585]","[-4.2606040833139955, 4.905651082581076, -4.2121856730878635, -0.036821616465859616, 0.34041368283794976, -1.6517598330780585]",-4.2606040833139955,4.905651082581076,-4.2121856730878635,-0.036821616465859616,0.34041368283794976,-1.6517598330780585
crosscheck/16.4285714286|-0.1000000000/0,16.4285714286|-0.1000000000,crosscheck,none,least_squares_full6,,direction_candidate,240.51440114935954,240.51440114935943,,240.51440114935943,240.51440114935943,240.51440114935943,1.1368683772161603e-13,start,True,completed,`xtol` termination condition is satisfied.,9,1,0,5000,0.004010915756225586,False,"[-4.21175845547947, 4.746675368746757, -4.187630488100915, 0.005421981855040803, 0.5192103149513847, -1.0938848552697071]","[-4.211758455479467, 4.746675368746757, -4.187630488100915, 0.005421981855040803, 0.5192103149513784, -1.0938848552697071]",,"[-4.211758455479467, 4.746675368746757, -4.187630488100915, 0.005421981855040803, 0.5192103149513784, -1.0938848552697071]","[-4.211758455479467, 4.746675368746757, -4.187630488100915, 0.005421981855040803, 0.5192103149513784, -1.0938848552697071]","[-4.211758455479467, 4.746675368746757, -4.187630488100915, 0.005421981855040803, 0.5192103149513784, -1.0938848552697071]",-4.211758455479467,4.746675368746757,-4.187630488100915,0.005421981855040803,0.5192103149513784,-1.0938848552697071
crosscheck/14.7142857143|-1.3750000000/0,14.7142857143|-1.3750000000,crosscheck,none,least_squares_full6,,direction_candidate,228.83333813646553,191.9426953820906,,191.94269538208945,191.94269538208945,191.94269538208945,36.890642754376074,optimizer_visited,True,completed,`ftol` termination condition is satisfied.,4,2,0,5000,0.0018665827810764313,True,"[-4.563828310305018, 5.733874266743918, -3.355252088491348, 1.0323365100760864, 2.9995565990109114e-87, -742.3265813581268]","[-4.5109661935499, 5.034255367634024, -3.297848319368043, 1.4128379681028294, -0.04395288018202629, 42.65416497059234]",,"[-4.510966191726999, 5.034255351431034, -3.297848345276565, 1.41283793769751, -0.043952884627145423, 42.65414066884808]","[-4.510966191726999, 5.034255351431034, -3.297848345276565, 1.41283793769751, -0.043952884627145423, 42.65414066884808]","[-4.510966191726999, 5.034255351431034, -3.297848345276565, 1.41283793769751, -0.043952884627145423, 42.65414066884808]",-4.510966191726999,5.034255351431034,-3.297848345276565,1.41283793769751,-0.043952884627145423,42.65414066884808
crosscheck/15.0000000000|-1.3750000000/0,15.0000000000|-1.3750000000,crosscheck,none,least_squares_full6,,direction_candidate,231.24507049835995,193.70267345060563,,193.70267345060296,193.70267345060296,193.70267345060296,37.54239704775699,optimizer_visited,True,completed,`ftol` termination condition is satisfied.,4,2,0,5000,0.0018222536891698837,True,"[-4.5659313239826655, 5.725793816178692, -3.363926987663784, 1.0244624899616723, 1.0805213742844908e-87, -746.3304440163056]","[-4.513055479659389, 5.022350680741226, -3.3052248618395077, 1.4087115102793495, -0.04389799857328058, 44.35061015357059]",,"[-4.513055473159921, 5.022350576953642, -3.3052249021867106, 1.408711501761102, -0.04389800836797129, 44.35056693728038]","[-4.513055473159921, 5.022350576953642, -3.3052249021867106, 1.408711501761102, -0.04389800836797129, 44.35056693728038]","[-4.513055473159921, 5.022350576953642, -3.3052249021867106, 1.408711501761102, -0.04389800836797129, 44.35056693728038]",-4.513055473159921,5.022350576953642,-3.3052249021867106,1.408711501761102,-0.04389800836797129,44.35056693728038
crosscheck/14.8571428571|-1.3750000000/0,14.8571428571|-1.3750000000,crosscheck,none,least_squares_full6,,direction_candidate,192.73545749849458,192.73545749849447,,192.73545749849447,192.73545749849447,192.73545749849447,1.1368683772161603e-13,start,True,completed,`xtol` termination condition is satisfied.,11,1,0,5000,0.004399579018354416,False,"[-4.51074240090978, 5.022823263144752, -3.297540873233513, 1.414745317939921, -0.04373735749983128, 44.89399720359739]","[-4.5107424008897405, 5.022823263107787, -3.2975408732548592, 1.4147453177454934, -0.043737357518751095, 44.8939972035968]",,"[-4.5107424008897405, 5.022823263107787, -3.2975408732548592, 1.4147453177454934, -0.043737357518751095, 44.8939972035968]","[-4.5107424008897405, 5.022823263107787, -3.2975408732548592, 1.4147453177454934, -0.043737357518751095, 44.8939972035968]","[-4.5107424008897405, 5.022823263107787, -3.2975408732548592, 1.4147453177454934, -0.043737357518751095, 44.8939972035968]",-4.5107424008897405,5.022823263107787,-3.2975408732548592,1.4147453177454934,-0.043737357518751095,44.8939972035968
crosscheck/17.1428571429|-0.3000000000/0,17.1428571429|-0.3000000000,crosscheck,none,least_squares_full6,,direction_candidate,194.35282776270844,194.35282776270844,,194.35282776270878,194.35282776270878,194.35282776270844,0.0,baseline,True,completed,`ftol` termination condition is satisfied.,4,2,0,5000,0.007614199072122574,False,"[-4.365146035477716, 4.823331858037767, -0.2817064069906442, -15.0, 0.04589534072343959, -7.002280983406328]","[-4.365146035477716, 4.823331858037767, -0.2817064069906442, -15.0, 0.04589534072343959, -7.002280983406328]",,"[-4.365146036776213, 4.823331854967444, -0.28170640478425396, -14.999999999999998, 0.045895341664649626, -7.002280921752423]","[-4.365146036776213, 4.823331854967444, -0.28170640478425396, -14.999999999999998, 0.045895341664649626, -7.002280921752423]","[-4.365146035477716, 4.823331858037767, -0.2817064069906442, -15.0, 0.04589534072343959, -7.002280983406328]",-4.365146035477716,4.823331858037767,-0.2817064069906442,-15.0,0.04589534072343959,-7.002280983406328
crosscheck/17.1428571429|-0.2000000000/0,17.1428571429|-0.2000000000,crosscheck,none,least_squares_full6,,direction_candidate,197.520047540758,197.52004754075776,,197.5200475407577,197.5200475407577,197.5200475407577,2.8421709430404007e-13,optimizer_visited,True,completed,`ftol` termination condition is satisfied.,4,2,0,5000,0.0017666630446910858,True,"[-4.354319753981609, 4.804251206006617, -0.18365081982891188, -15.0, 0.10448094260514441, -4.550521173285919]","[-4.354319752452066, 4.804251203181848, -0.18365082329096885, -15.0, 0.10448094179596562, -4.550521198706762]",,"[-4.354319756035594, 4.804251212834049, -0.1836508162605049, -14.999999999999998, 0.10448094393707928, -4.550521115459054]","[-4.354319756035594, 4.804251212834049, -0.1836508162605049, -14.999999999999998, 0.10448094393707928, -4.550521115459054]","[-4.354319756035594, 4.804251212834049, -0.1836508162605049, -14.999999999999998, 0.10448094393707928, -4.550521115459054]",-4.354319756035594,4.804251212834049,-0.1836508162605049,-14.999999999999998,0.10448094393707928,-4.550521115459054
crosscheck/17.2857142857|-0.3000000000/0,17.2857142857|-0.3000000000,crosscheck,none,least_squares_full6,,direction_candidate,194.8780158440694,194.8780158440694,,194.8780158440694,194.8780158440694,194.8780158440694,0.0,baseline,True,completed,`xtol` termination condition is satisfied.,10,1,0,5000,0.004012126475572586,False,"[-4.389301206178838, 4.858779789770827, -0.35105535590365455, -13.463003973181138, 0.026900451697217154, -8.535544751708237]","[-4.389301206178838, 4.858779789770827, -0.35105535590365455, -13.463003973181138, 0.026900451697217154, -8.535544751708237]",,"[-4.389301206178838, 4.858779789770827, -0.35105535590365455, -13.463003973181138, 0.026900451697217154, -8.535544751708237]","[-4.389301206178838, 4.858779789770827, -0.35105535590365455, -13.463003973181138, 0.026900451697217154, -8.535544751708237]","[-4.389301206178838, 4.858779789770827, -0.35105535590365455, -13.463003973181138, 0.026900451697217154, -8.535544751708237]",-4.389301206178838,4.858779789770827,-0.35105535590365455,-13.463003973181138,0.026900451697217154,-8.535544751708237
crosscheck/17.2857142857|-0.2000000000/0,17.2857142857|-0.2000000000,crosscheck,none,least_squares_full6,,direction_candidate,194.40122275488744,194.40122275488744,,194.4012227548878,194.4012227548878,194.40122275488744,0.0,baseline,True,completed,`ftol` termination condition is satisfied.,4,2,0,5000,0.00177021324634552,False,"[-4.380673611872381, 4.827549709944787, -0.2331296564318161, -15.0, 0.0643277013110646, -5.882751238105115]","[-4.380673611872381, 4.827549709944787, -0.2331296564318161, -15.0, 0.0643277013110646, -5.882751238105115]",,"[-4.38067361273213, 4.827549726135883, -0.23312965181463233, -14.999999999999998, 0.06432770040933046, -5.882751261049942]","[-4.38067361273213, 4.827549726135883, -0.23312965181463233, -14.999999999999998, 0.06432770040933046, -5.882751261049942]","[-4.380673611872381, 4.827549709944787, -0.2331296564318161, -15.0, 0.0643277013110646, -5.882751238105115]",-4.380673611872381,4.827549709944787,-0.2331296564318161,-15.0,0.0643277013110646,-5.882751238105115
crosscheck/19.2857142857|-4.0000000000/0,19.2857142857|-4.0000000000,crosscheck,none,least_squares_full6,,direction_candidate,193.2324971987547,193.2324971987546,,193.2324971987546,193.2324971987546,193.2324971987546,8.526512829121202e-14,start,True,completed,`xtol` termination condition is satisfied.,11,1,0,5000,0.004846973344683647,False,"[-4.630899105926061, 5.159921453234549, -3.267726782552085, 1.4363807179415433, -0.04639016584950073, 39.84471337419448]","[-4.630899106362937, 5.159921453234549, -3.267726782552085, 1.4363807179415433, -0.046390165578318564, 39.84471537419448]",,"[-4.630899106362937, 5.159921453234549, -3.267726782552085, 1.4363807179415433, -0.046390165578318564, 39.84471537419448]","[-4.630899106362937, 5.159921453234549, -3.267726782552085, 1.4363807179415433, -0.046390165578318564, 39.84471537419448]","[-4.630899106362937, 5.159921453234549, -3.267726782552085, 1.4363807179415433, -0.046390165578318564, 39.84471537419448]",-4.630899106362937,5.159921453234549,-3.267726782552085,1.4363807179415433,-0.046390165578318564,39.84471537419448
